{"type":"FeatureCollection","source":"NASA/NGA SRTM Water Body Data, version2_1; February 2000 basis; mirror srtm.kurviger.de","features":[{"type":"Feature","properties":{},"geometry":{"type":"LineString","coordinates":[[28.6,40.968472234375156],[28.60097222222222,40.968472222222225],[28.60097225,40.96819447222222],[28.60152777777778,40.96819444444444],[28.601527805555556,40.96791669444445],[28.601805555555558,40.96791666666667],[28.601805583333334,40.967638916666665],[28.60263888888889,40.96763888888889],[28.602638916666667,40.96736113888889],[28.602916666666665,40.96736111111111],[28.602916694444446,40.96708336111111],[28.603194444444448,40.967083333333335],[28.603194472222224,40.96680558333333],[28.60375,40.96680555555555],[28.603750027777778,40.96652780555556],[28.604027777777777,40.96652777777778],[28.604027805555557,40.966250027777775],[28.60513888888889,40.96625],[28.605138916666665,40.96597225],[28.60597222222222,40.96597222222222],[28.60597225,40.965694472222225],[28.606527777777778,40.965694444444445],[28.606527805555555,40.96541669444444],[28.606805555555557,40.96541666666666],[28.606805583333333,40.96513891666667],[28.60736111111111,40.965138888888895],[28.60736113888889,40.964861138888885],[28.608194444444447,40.96486111111111],[28.608194472222223,40.96458336111111],[28.60875,40.96458333333333],[28.60875002777778,40.964305583333335],[28.609027777777776,40.964305555555555],[28.609027805555556,40.96402780555556],[28.609305555555558,40.96402777777777],[28.609305583333335,40.96375002777778],[28.610694444444444,40.963750000000005],[28.610694472222225,40.963472249999995],[28.61152777777778,40.96347222222222],[28.611527805555554,40.96319447222223],[28.61236111111111,40.96319444444445],[28.61236113888889,40.962916694444445],[28.612916666666667,40.962916666666665],[28.612916694444444,40.96263891666667],[28.61375,40.96263888888889],[28.61375002777778,40.96236113888889],[28.614583333333336,40.962361111111115],[28.614583361111112,40.962083361111105],[28.61486111111111,40.96208333333333],[28.61486113888889,40.96180558333334],[28.61513888888889,40.96180555555556],[28.61513891666667,40.961527805555555],[28.61763888888889,40.961527777777775],[28.617638916666667,40.96125002777778],[28.618472222222223,40.96125],[28.61847225,40.96097225],[28.61902777777778,40.960972222222225],[28.619027805555557,40.96069447222222],[28.62013888888889,40.96069444444444],[28.62013891666667,40.96041669444445],[28.62041663888889,40.96041669444445],[28.620416666666667,40.96069444444444],[28.620972222222225,40.96069444444444],[28.620972249999998,40.96041669444445],[28.622361083333335,40.96041669444445],[28.62236111111111,40.96069444444444],[28.623194416666667,40.96069447222222],[28.623194444444444,40.960972222222225],[28.62430552777778,40.96097225],[28.624305555555555,40.96125],[28.629305555555554,40.96125],[28.629305583333334,40.96097225],[28.629583305555556,40.96097225],[28.629583333333333,40.96125],[28.629861111111115,40.96125],[28.629861138888888,40.96097225],[28.63124997222222,40.96097225],[28.63125,40.96125],[28.632083305555557,40.96125002777778],[28.632083333333334,40.961527777777775],[28.63263886111111,40.961527805555555],[28.632638888888888,40.96180555555556],[28.633194444444445,40.96180555555556],[28.633194472222222,40.961527805555555],[28.635694416666666,40.961527805555555],[28.635694444444443,40.96180555555556],[28.63791663888889,40.96180558333334],[28.63791666666667,40.96208333333333],[28.64375,40.96208333333333],[28.643750027777777,40.96180558333334],[28.64402775,40.96180558333334],[28.64402777777778,40.96208333333333],[28.645138861111114,40.962083361111105],[28.645138888888887,40.962361111111115],[28.647083305555554,40.96236113888889],[28.647083333333335,40.96263888888889],[28.64902777777778,40.96263888888889],[28.64902780555556,40.96236113888889],[28.651249972222224,40.96236113888889],[28.651249999999997,40.96263888888889],[28.654583305555555,40.96263891666667],[28.654583333333335,40.962916666666665],[28.654861111111114,40.962916666666665],[28.65486113888889,40.96263891666667],[28.655694416666666,40.96263891666667],[28.655694444444446,40.962916666666665],[28.655972222222225,40.962916666666665],[28.65597225,40.96263891666667],[28.656527750000002,40.96263891666667],[28.65652777777778,40.962916666666665],[28.65680552777778,40.962916694444445],[28.656805555555557,40.96319444444445],[28.659305555555555,40.96319444444445],[28.65930558333333,40.962916694444445],[28.659861111111116,40.962916666666665],[28.65986113888889,40.96263891666667],[28.660138888888888,40.96263888888889],[28.660138916666668,40.96236113888889],[28.660694416666665,40.96236113888889],[28.660694444444445,40.96263888888889],[28.660972194444444,40.96263891666667],[28.660972222222224,40.962916666666665],[28.661249972222222,40.962916694444445],[28.66125,40.96319444444445],[28.66152775,40.96319447222223],[28.661527777777778,40.96347222222222],[28.66180552777778,40.963472249999995],[28.661805555555556,40.963750000000005],[28.66263888888889,40.963750000000005],[28.66263891666667,40.963472249999995],[28.663194444444446,40.96347222222222],[28.66319447222222,40.96319447222223],[28.663749999999997,40.96319444444445],[28.66375002777778,40.962916694444445],[28.664583333333336,40.962916666666665],[28.66458336111111,40.96263891666667],[28.665138888888887,40.96263888888889],[28.66513891666667,40.96236113888889],[28.66624997222222,40.96236113888889],[28.666250000000005,40.96263888888889],[28.66652775,40.96263891666667],[28.666527777777777,40.962916666666665],[28.667361111111113,40.962916666666665],[28.66736113888889,40.96236113888889],[28.667638888888888,40.962361111111115],[28.667638888888888,40.96180555555556],[28.66736113888889,40.96180552777778],[28.66736113888889,40.96125002777778],[28.667638888888888,40.96125],[28.667638888888888,40.960972222222225],[28.66736113888889,40.960972194444444],[28.667361111111113,40.95902777777778],[28.66708336111111,40.95902775],[28.667083333333334,40.95847222222222],[28.666805583333336,40.95847219444444],[28.666805583333336,40.95819447222222],[28.66819441666667,40.95819447222222],[28.668194444444445,40.95847222222222],[28.668472194444444,40.95847225],[28.668472222222224,40.95902777777778],[28.668749972222223,40.95902780555556],[28.668750000000003,40.95930555555555],[28.66902775,40.95930558333333],[28.669027777777778,40.95986111111111],[28.66930552777778,40.95986113888889],[28.66930552777778,40.96041663888889],[28.669027777777778,40.96041666666667],[28.669027777777778,40.960972222222225],[28.66930552777778,40.96097225],[28.669305555555557,40.96208333333333],[28.669583305555552,40.962083361111105],[28.669583333333335,40.962361111111115],[28.669861083333334,40.96236113888889],[28.669861111111114,40.96347222222222],[28.67124997222222,40.963472249999995],[28.671250000000004,40.963750000000005],[28.671805555555554,40.963750000000005],[28.671805583333338,40.962916694444445],[28.672083333333333,40.962916666666665],[28.67208336111111,40.961527805555555],[28.67374997222222,40.961527805555555],[28.67374997222222,40.96263886111111],[28.673472222222223,40.96263888888889],[28.673472222222223,40.96319444444445],[28.67374997222222,40.96319447222223],[28.673750000000002,40.96347222222222],[28.67513888888889,40.96347222222222],[28.67513891666667,40.961527805555555],[28.675416666666667,40.961527777777775],[28.675416694444447,40.96097225],[28.67680552777778,40.96097225],[28.676805555555557,40.96125],[28.67708330555556,40.96125002777778],[28.677083333333336,40.96180555555556],[28.67736108333333,40.96180558333334],[28.677361111111114,40.96208333333333],[28.677638861111113,40.962083361111105],[28.677638888888893,40.96263888888889],[28.67791663888889,40.96263891666667],[28.677916666666665,40.962916666666665],[28.67930552777778,40.962916694444445],[28.679305555555555,40.965694444444445],[28.67958330555556,40.965694472222225],[28.679583333333333,40.96625],[28.680972222222223,40.96625],[28.68097225,40.963472249999995],[28.682638888888892,40.96347222222222],[28.68263891666667,40.96319447222223],[28.68430552777778,40.96319447222223],[28.684305555555554,40.96347222222222],[28.68513886111111,40.963472249999995],[28.685138888888893,40.963750000000005],[28.68541663888889,40.96375002777778],[28.68541663888889,40.96458330555556],[28.685138888888893,40.96458333333333],[28.68513886111111,40.96541663888889],[28.684861111111115,40.96541666666666],[28.684861111111115,40.96625],[28.68513886111111,40.966250027777775],[28.685138888888893,40.96680555555555],[28.68541663888889,40.96680558333333],[28.685416666666665,40.96736111111111],[28.68569441666667,40.96736113888889],[28.685694444444444,40.968472222222225],[28.685972194444442,40.96847225],[28.685972222222222,40.969027777777775],[28.68652775,40.969027805555555],[28.686527777777783,40.96930555555555],[28.68680552777778,40.96930558333334],[28.686805555555555,40.969861111111115],[28.687361083333332,40.96986113888889],[28.687361111111112,40.97013888888889],[28.68791663888889,40.97013891666666],[28.687916666666666,40.970416666666665],[28.688472194444447,40.970416694444445],[28.688472222222224,40.97069444444444],[28.68958330555556,40.97069447222223],[28.689583333333335,40.97097222222222],[28.68986108333333,40.970972249999996],[28.689861111111114,40.97152777777777],[28.69041663888889,40.97152780555555],[28.690416666666664,40.971805555555555],[28.69069441666667,40.971805583333335],[28.690694444444443,40.97208333333333],[28.69374997222222,40.97208336111111],[28.69375,40.97236111111111],[28.694305555555555,40.97236111111111],[28.694305583333335,40.97208336111111],[28.69541663888889,40.97208336111111],[28.695416666666663,40.97236111111111],[28.69569441666667,40.972361138888886],[28.695694444444445,40.97263888888889],[28.695972194444447,40.97263891666667],[28.695972222222224,40.97291666666666],[28.69652775,40.97291669444444],[28.69652777777778,40.973194444444445],[28.69708330555556,40.973194472222225],[28.69708333333333,40.97347222222222],[28.697361083333337,40.97347225],[28.697361111111114,40.97375],[28.69819441666667,40.973750027777776],[28.698194444444443,40.97402777777778],[28.69847222222222,40.97402777777778],[28.69847225,40.973750027777776],[28.69874997222222,40.973750027777776],[28.69875,40.97402777777778],[28.699305555555554,40.97402777777778],[28.699305583333334,40.973750027777776],[28.699583333333333,40.97375],[28.699583361111113,40.97347225],[28.69986108333334,40.97347225],[28.69986111111111,40.97375],[28.700972222222223,40.97375],[28.700972250000003,40.97347225],[28.70263888888889,40.97347222222222],[28.702638916666665,40.973194472222225],[28.70291663888889,40.973194472222225],[28.70291666666667,40.97347222222222],[28.703194444444442,40.97347222222222],[28.703194472222226,40.973194472222225],[28.704027749999998,40.973194472222225],[28.70402777777778,40.97347222222222],[28.70513888888889,40.97347222222222],[28.705138916666666,40.973194472222225],[28.705694444444443,40.973194444444445],[28.705694472222223,40.97291669444444],[28.705972222222222,40.97291666666666],[28.705972250000002,40.972361138888886],[28.70624997222222,40.972361138888886],[28.70625,40.97263888888889],[28.70791666666667,40.97263888888889],[28.707916694444446,40.972361138888886],[28.71041666666667,40.97236111111111],[28.710416694444444,40.97208336111111],[28.712083333333332,40.97208333333333],[28.712083361111112,40.971805583333335],[28.71236111111111,40.971805555555555],[28.71236113888889,40.97152780555555],[28.71291666666667,40.97152777777777],[28.712916694444445,40.97125002777778],[28.713194444444444,40.971250000000005],[28.713194472222224,40.970972249999996],[28.71375,40.97097222222222],[28.713750027777778,40.970416694444445],[28.71402777777778,40.970416666666665],[28.714027805555556,40.97013891666666],[28.71430555555556,40.97013888888889],[28.714305583333335,40.96986113888889],[28.714583305555557,40.96986113888889],[28.714583333333334,40.97013888888889],[28.714861111111112,40.97013888888889],[28.714861138888892,40.96986113888889],[28.71513888888889,40.969861111111115],[28.71513888888889,40.96958333333333],[28.714583361111114,40.96958330555556],[28.714583361111114,40.96930558333334],[28.71541663888889,40.96930558333334],[28.71541666666667,40.96958333333333],[28.716250000000002,40.96958333333333],[28.716250027777775,40.96930558333334],[28.71708330555556,40.96930558333334],[28.71708333333333,40.96958333333333],[28.71736111111111,40.96958333333333],[28.717361138888894,40.96930558333334],[28.717916638888887,40.96930558333334],[28.71791666666667,40.96958333333333],[28.718194416666666,40.969583361111106],[28.718194444444443,40.969861111111115],[28.71875,40.969861111111115],[28.718750027777777,40.96930558333334],[28.719305527777777,40.96930558333334],[28.719305555555557,40.96958333333333],[28.720138861111113,40.969583361111106],[28.72013888888889,40.969861111111115],[28.723749972222226,40.96986113888889],[28.72375,40.97013888888889],[28.724583305555555,40.97013891666666],[28.72458333333333,40.970416666666665],[28.726249972222224,40.970416694444445],[28.72625,40.97069444444444],[28.72652775,40.97069447222223],[28.72652777777778,40.97097222222222],[28.726805555555558,40.97097222222222],[28.726805583333334,40.97069447222223],[28.727083305555556,40.97069447222223],[28.727083333333333,40.97097222222222],[28.728194416666668,40.970972249999996],[28.728194444444448,40.971250000000005],[28.72958333333333,40.971250000000005],[28.729583361111114,40.970972249999996],[28.730972194444444,40.970972249999996],[28.73097222222222,40.971250000000005],[28.732083305555555,40.97125002777778],[28.73208333333334,40.97152777777777],[28.73486111111111,40.97152777777777],[28.734861138888892,40.97125002777778],[28.735694444444448,40.971250000000005],[28.73569447222222,40.97069447222223],[28.736249972222225,40.97069447222223],[28.73625,40.97097222222222],[28.73680555555556,40.97097222222222],[28.736805583333332,40.97069447222223],[28.739861083333334,40.97069447222223],[28.73986111111111,40.97097222222222],[28.740694416666667,40.970972249999996],[28.740694444444447,40.971250000000005],[28.740972194444446,40.97125002777778],[28.74097222222222,40.97152777777777],[28.741805527777775,40.97152780555555],[28.74180555555556,40.971805555555555],[28.742361083333336,40.971805583333335],[28.742361083333336,40.97236108333333],[28.742083333333337,40.97236111111111],[28.742083333333337,40.97263888888889],[28.742361083333336,40.97263891666667],[28.74236111111111,40.973194444444445],[28.742638861111114,40.973194472222225],[28.742638888888887,40.97347222222222],[28.742916638888893,40.97347225],[28.74291666666667,40.97375],[28.743194416666665,40.973750027777776],[28.74319444444445,40.97430555555555],[28.743749972222226,40.97430558333333],[28.74375,40.97486111111111],[28.744027750000004,40.97486113888889],[28.744027777777777,40.97513888888889],[28.744305527777776,40.975138916666666],[28.744305555555556,40.97541666666666],[28.744861083333333,40.97541669444445],[28.74486111111111,40.97569444444444],[28.746805527777777,40.97569447222222],[28.746805555555557,40.975972222222225],[28.747916638888892,40.97597225],[28.74791666666667,40.97625],[28.748749972222225,40.97625002777777],[28.748749999999998,40.97652777777778],[28.749027750000003,40.976527805555556],[28.749027777777776,40.97680555555555],[28.749583305555554,40.97680558333334],[28.749583333333337,40.97708333333333],[28.749861083333332,40.97708336111111],[28.74986111111111,40.977361111111115],[28.750694416666665,40.97736113888889],[28.750694444444445,40.97763888888889],[28.751249972222222,40.97763891666666],[28.75125,40.97819444444444],[28.75152775,40.97819447222222],[28.751527777777778,40.97847222222222],[28.752361083333334,40.978472249999996],[28.75236111111111,40.97875],[28.753194416666666,40.97875002777778],[28.753194444444446,40.97902777777778],[28.753472194444445,40.97902780555555],[28.753472222222225,40.979305555555555],[28.753749972222224,40.979305583333336],[28.75375,40.97958333333333],[28.754861083333335,40.97958336111111],[28.754861111111115,40.97986111111111],[28.756249999999998,40.97986111111111],[28.756250027777778,40.97958336111111],[28.756527750000004,40.97958336111111],[28.756527777777777,40.97986111111111],[28.757638888888888,40.97986111111111],[28.757638916666668,40.97958336111111],[28.759583305555555,40.97958336111111],[28.759583333333335,40.97986111111111],[28.759861083333334,40.979861138888886],[28.759861111111114,40.98013888888889],[28.760138861111113,40.98013891666667],[28.76013888888889,40.98041666666666],[28.760694444444447,40.98041666666666],[28.76069447222222,40.98013891666667],[28.761805555555558,40.98013888888889],[28.76180558333333,40.979861138888886],[28.763194416666664,40.979861138888886],[28.763194444444444,40.98013888888889],[28.763472194444443,40.98013891666667],[28.763472222222227,40.980694444444445],[28.76374997222222,40.980694472222225],[28.763749999999998,40.98125],[28.76402775,40.981250027777776],[28.764027777777777,40.98152777777778],[28.764305555555556,40.98152777777778],[28.764305583333332,40.981250027777776],[28.767083333333336,40.98125],[28.76708336111111,40.98097224999999],[28.767361111111114,40.98097222222222],[28.76736113888889,40.980694472222225],[28.767638888888886,40.980694444444445],[28.76763891666667,40.98041669444444],[28.767916666666665,40.98041666666666],[28.767916694444448,40.98013891666667],[28.768194444444447,40.98013888888889],[28.76819447222222,40.979861138888886],[28.768472222222226,40.97986111111111],[28.76847225,40.97958336111111],[28.769583333333333,40.97958333333333],[28.76958336111111,40.979305583333336],[28.769861111111116,40.979305555555555],[28.76986113888889,40.97902780555555],[28.770416666666666,40.97902777777778],[28.770416694444446,40.97875002777778],[28.770694444444445,40.97875],[28.77069447222222,40.978472249999996],[28.771805555555556,40.97847222222222],[28.771805583333336,40.97819447222222],[28.772361111111113,40.97819444444444],[28.77236113888889,40.977916694444446],[28.77263888888889,40.977916666666665],[28.77263891666667,40.97763891666666],[28.773472222222225,40.97763888888889],[28.77347225,40.97736113888889],[28.773750000000003,40.977361111111115],[28.77375002777778,40.97708336111111],[28.774027777777775,40.97708333333333],[28.77402780555556,40.97680558333334],[28.775138888888886,40.97680555555555],[28.77513891666667,40.976527805555556],[28.775416666666665,40.97652777777778],[28.77541669444445,40.97625002777777],[28.775694444444444,40.97625],[28.77569447222222,40.97597225],[28.776250000000005,40.975972222222225],[28.776250027777778,40.97569447222222],[28.777361111111112,40.97569444444444],[28.77736113888889,40.97541669444445],[28.777916666666666,40.97541666666666],[28.777916694444446,40.975138916666666],[28.778194444444445,40.97513888888889],[28.77819447222222,40.97486113888889],[28.778472222222224,40.97486111111111],[28.77847225,40.974583361111115],[28.779305555555556,40.974583333333335],[28.779305583333336,40.97430558333333],[28.779583333333335,40.97430555555555],[28.779583361111108,40.97402780555556],[28.780138888888892,40.97402777777778],[28.78013891666667,40.973750027777776],[28.780972222222225,40.97375],[28.780972249999998,40.97347225],[28.781805555555554,40.97347222222222],[28.781805583333337,40.973194472222225],[28.782083333333333,40.973194444444445],[28.78208336111111,40.97291669444444],[28.783194444444444,40.97291666666666],[28.783194472222227,40.97263891666667],[28.784027777777776,40.97263888888889],[28.784027805555557,40.972361138888886],[28.784305555555555,40.97236111111111],[28.784305583333335,40.97208336111111],[28.784861111111113,40.97208333333333],[28.78486113888889,40.971805583333335],[28.785694444444445,40.971805555555555],[28.785694472222225,40.97152780555555],[28.786250000000003,40.97152777777777],[28.78625002777778,40.97125002777778],[28.787916666666664,40.971250000000005],[28.787916694444448,40.970972249999996],[28.788472222222225,40.97097222222222],[28.788472249999998,40.97069447222223],[28.788750000000004,40.97069444444444],[28.788750027777777,40.970416694444445],[28.789305555555554,40.970416666666665],[28.789305583333338,40.97013891666666],[28.789583333333333,40.97013888888889],[28.78958336111111,40.96986113888889],[28.78986111111111,40.969861111111115],[28.789861138888888,40.969583361111106],[28.790138888888894,40.96958333333333],[28.790138916666667,40.96930558333334],[28.790694444444444,40.96930555555555],[28.790694472222224,40.969027805555555],[28.79125,40.969027777777775],[28.791250027777778,40.96875002777778],[28.79152777777778,40.96875],[28.791527805555557,40.96847225],[28.792361111111113,40.968472222222225],[28.79236113888889,40.96819447222222],[28.79263888888889,40.96819444444444],[28.792638916666668,40.96791669444445],[28.792916666666663,40.96791666666667],[28.792916694444447,40.967638916666665],[28.793472222222224,40.96763888888889],[28.793472249999997,40.96736113888889],[28.794305555555553,40.96736111111111],[28.794305583333337,40.96708336111111],[28.794861111111114,40.967083333333335],[28.794861138888887,40.96680558333333],[28.795138888888893,40.96680555555555],[28.795138916666666,40.96652780555556],[28.795416666666664,40.96652777777778],[28.795416694444445,40.96597225],[28.795694444444443,40.96597222222222],[28.795694472222227,40.965694472222225],[28.79625,40.965694444444445],[28.796250027777777,40.96541669444444],[28.796805555555554,40.96541666666666],[28.796805583333335,40.96513891666667],[28.797083333333333,40.965138888888895],[28.797083361111113,40.964861138888885],[28.797361111111112,40.96486111111111],[28.79736113888889,40.964305583333335],[28.79763888888889,40.964305555555555],[28.797638916666667,40.96375002777778],[28.797916666666666,40.963750000000005],[28.797916694444446,40.963472249999995],[28.799305555555556,40.96347222222222],[28.799305583333336,40.96319447222223],[28.800138888888892,40.96319444444445],[28.800138916666665,40.962916694444445],[28.801527777777782,40.962916666666665],[28.801527805555555,40.96263891666667],[28.802083333333332,40.96263888888889],[28.802083361111116,40.96236113888889],[28.80263888888889,40.962361111111115],[28.802638916666666,40.962083361111105],[28.80375,40.96208333333333],[28.803750027777777,40.96180558333334],[28.80402777777778,40.96180555555556],[28.804027805555556,40.961527805555555],[28.804583333333333,40.961527777777775],[28.804583361111114,40.96125002777778],[28.80513888888889,40.96125],[28.805138916666667,40.96097225],[28.805694444444445,40.960972222222225],[28.805694472222225,40.96069447222222],[28.805972222222223,40.96069444444444],[28.805972250000003,40.96041669444445],[28.806250000000002,40.96041666666667],[28.806250027777775,40.960138916666665],[28.80652777777778,40.960138888888885],[28.806527805555557,40.95986113888889],[28.806805555555552,40.95986111111111],[28.806805583333336,40.95958336111111],[28.80708333333333,40.959583333333335],[28.807083361111115,40.95930558333333],[28.807361111111113,40.95930555555555],[28.807361138888886,40.95902780555556],[28.808194444444442,40.95902777777778],[28.808194472222226,40.958750027777775],[28.80875,40.95875],[28.80875,40.95791666666666],[28.808472250000005,40.95791663888889],[28.808472250000005,40.95708336111111],[28.80875,40.95708333333334],[28.808750027777776,40.956805583333335],[28.809027777777782,40.956805555555555],[28.809027805555555,40.95652780555556],[28.809305555555554,40.95652777777777],[28.809305583333334,40.95625002777778],[28.809583333333332,40.956250000000004],[28.809583361111113,40.955972249999995],[28.81013888888889,40.95597222222222],[28.810138916666666,40.95569447222222],[28.81041663888889,40.95569447222222],[28.81041666666667,40.95597222222222],[28.81180555555555,40.95597222222222],[28.811805583333335,40.95569447222222],[28.81291666666667,40.95569444444445],[28.812916694444446,40.955416694444445],[28.81319444444444,40.955416666666665],[28.813194472222225,40.95513891666667],[28.814305527777776,40.95513891666667],[28.81430555555556,40.955416666666665],[28.81513888888889,40.955416666666665],[28.815138916666665,40.95513891666667],[28.81541666666667,40.95513888888888],[28.815416694444444,40.95486113888889],[28.818194416666667,40.95486113888889],[28.818194444444444,40.95513888888888],[28.819861111111113,40.95513888888888],[28.819861138888893,40.95486113888889],[28.82069444444444,40.954861111111114],[28.820694472222225,40.95458336111111],[28.82152777777778,40.95458333333333],[28.821527805555554,40.95430558333334],[28.82208333333333,40.95430555555556],[28.822083361111112,40.954027805555555],[28.824305527777778,40.954027805555555],[28.824305527777778,40.95430552777778],[28.82402777777778,40.95430555555556],[28.82402775,40.95458330555555],[28.82375,40.95458333333333],[28.823749972222224,40.95513886111111],[28.82347222222222,40.95513888888888],[28.823472194444445,40.95541663888889],[28.822916666666668,40.955416666666665],[28.822916666666668,40.956805555555555],[28.823194416666666,40.956805583333335],[28.82319444444445,40.95708333333334],[28.823472194444445,40.95708336111111],[28.82347222222222,40.95736111111111],[28.824583305555556,40.957361138888885],[28.824583333333333,40.95763888888889],[28.82652777777778,40.95763888888889],[28.826527805555553,40.957361138888885],[28.827638888888888,40.95736111111111],[28.827638916666665,40.95708336111111],[28.829027777777778,40.95708333333334],[28.829027805555555,40.956805583333335],[28.829583333333332,40.956805555555555],[28.829583361111112,40.95652780555556],[28.83013888888889,40.95652777777777],[28.830138916666666,40.95625002777778],[28.830694444444447,40.956250000000004],[28.830694472222223,40.955972249999995],[28.830972222222222,40.95597222222222],[28.830972250000002,40.95569447222222],[28.83125,40.95569444444445],[28.83125002777778,40.95513891666667],[28.832361083333335,40.95513891666667],[28.832361111111112,40.955416666666665],[28.832638861111114,40.955416694444445],[28.83263888888889,40.95569444444445],[28.833194416666668,40.95569447222222],[28.833194416666668,40.95597219444444],[28.83291666666667,40.95597222222222],[28.83291666666667,40.956250000000004],[28.833194416666668,40.95625002777778],[28.833194444444448,40.95652777777777],[28.833472194444447,40.95652780555556],[28.83347222222222,40.95708333333334],[28.833749972222225,40.95708336111111],[28.83375,40.95736111111111],[28.834305527777776,40.957361138888885],[28.83430555555556,40.95763888888889],[28.834583305555554,40.95763891666667],[28.83458333333333,40.95791666666666],[28.834861083333337,40.95791669444445],[28.83486111111111,40.958194444444445],[28.835416638888887,40.95819447222222],[28.835416666666667,40.95847222222222],[28.835694416666666,40.95847225],[28.83569444444445,40.95875],[28.83597222222222,40.95875],[28.83597225,40.95847225],[28.836249972222223,40.95847225],[28.83625,40.95875],[28.83847222222222,40.95875],[28.838472250000002,40.95847225],[28.83902777777778,40.95847222222222],[28.839027805555553,40.95819447222222],[28.840416638888886,40.95819447222222],[28.84041666666667,40.95986111111111],[28.840694416666665,40.95986113888889],[28.84069444444445,40.96041666666667],[28.840972194444443,40.96041669444445],[28.84097222222222,40.96069444444444],[28.842361083333333,40.96069447222222],[28.84236111111111,40.96125],[28.842638861111112,40.96125002777778],[28.84263888888889,40.961527777777775],[28.842916638888887,40.961527805555555],[28.842916666666667,40.96180555555556],[28.843194416666666,40.96180558333334],[28.843194444444446,40.96208333333333],[28.843472194444445,40.962083361111105],[28.84347222222222,40.962361111111115],[28.843749972222223,40.96236113888889],[28.84375,40.96263888888889],[28.844027750000002,40.96263891666667],[28.84402777777778,40.962916666666665],[28.844305527777777,40.962916694444445],[28.844305555555557,40.96347222222222],[28.844583305555556,40.963472249999995],[28.844583333333336,40.963750000000005],[28.844861083333335,40.96375002777778],[28.844861083333335,40.96402775],[28.844583333333336,40.96402777777777],[28.844583333333336,40.96541666666666],[28.844861083333335,40.96541669444444],[28.84486111111111,40.96597222222222],[28.845138861111113,40.96597225],[28.845138861111113,40.96624997222222],[28.84486111111111,40.96625],[28.84486111111111,40.96652777777778],[28.845138861111113,40.96652780555556],[28.84513888888889,40.96763888888889],[28.845416638888885,40.967638916666665],[28.84541666666667,40.968472222222225],[28.845694416666667,40.96847225],[28.845694416666667,40.96874997222222],[28.84541666666667,40.96875],[28.84541666666667,40.969027777777775],[28.845694416666667,40.969027805555555],[28.845694444444447,40.96930555555555],[28.845972194444446,40.96930558333334],[28.845972222222226,40.96958333333333],[28.846249972222225,40.969583361111106],[28.846249999999998,40.969861111111115],[28.846527750000003,40.96986113888889],[28.846527777777776,40.97013888888889],[28.846805527777775,40.97013891666666],[28.84680555555556,40.970416666666665],[28.847083305555554,40.970416694444445],[28.847083333333337,40.97069444444444],[28.847916638888893,40.97069447222223],[28.847916638888893,40.97097219444445],[28.847638888888888,40.97097222222222],[28.847638888888888,40.971250000000005],[28.847916638888893,40.97125002777778],[28.847916666666666,40.97152777777777],[28.848194416666665,40.97152780555555],[28.848194444444445,40.97208333333333],[28.848472194444444,40.97208336111111],[28.848472222222227,40.97263888888889],[28.848749972222222,40.97263891666667],[28.84875,40.973194444444445],[28.849027750000005,40.973194472222225],[28.849027777777778,40.97375],[28.849305527777776,40.973750027777776],[28.849305555555556,40.97402777777778],[28.850138861111112,40.97402780555556],[28.85013888888889,40.97430555555555],[28.855416666666667,40.97430555555555],[28.855416694444443,40.97402780555556],[28.85763888888889,40.97402777777778],[28.85763891666667,40.973750027777776],[28.859583333333337,40.97375],[28.85958336111111,40.97347225],[28.863472194444444,40.97347225],[28.863472222222224,40.97375],[28.865694444444447,40.97375],[28.86569447222222,40.97347225],[28.866249999999997,40.97347222222222],[28.86625002777778,40.973194472222225],[28.866527777777776,40.973194444444445],[28.86652780555556,40.97291669444444],[28.867083333333337,40.97291666666666],[28.86708336111111,40.97263891666667],[28.867638888888887,40.97263888888889],[28.867638916666667,40.97208336111111],[28.867916666666666,40.97208333333333],[28.86791669444445,40.971805583333335],[28.868194444444445,40.971805555555555],[28.86819447222222,40.97125002777778],[28.868472222222223,40.971250000000005],[28.86847225,40.970972249999996],[28.869027777777777,40.97097222222222],[28.869027805555557,40.97069447222223],[28.869305555555556,40.97069444444444],[28.869305583333333,40.970416694444445],[28.87013888888889,40.970416666666665],[28.87013891666667,40.97013891666666],[28.87041663888889,40.97013891666666],[28.870416666666667,40.970416666666665],[28.871527777777775,40.970416666666665],[28.87152780555556,40.97013891666666],[28.872083333333336,40.97013888888889],[28.87208336111111,40.96986113888889],[28.872361111111115,40.969861111111115],[28.872361138888888,40.969583361111106],[28.872638888888886,40.96958333333333],[28.87263891666667,40.96930558333334],[28.872916666666665,40.96930555555555],[28.87291669444445,40.969027805555555],[28.873472222222226,40.969027777777775],[28.87347225,40.96875002777778],[28.873750000000005,40.96875],[28.873750027777778,40.96847225],[28.87513886111111,40.96847225],[28.875138888888888,40.96875],[28.875972194444444,40.96875002777778],[28.875972222222224,40.969027777777775],[28.87652775,40.969027805555555],[28.876527777777778,40.96930555555555],[28.877083305555555,40.96930558333334],[28.877083333333335,40.96958333333333],[28.877361083333334,40.969583361111106],[28.877361111111114,40.969861111111115],[28.877638861111112,40.96986113888889],[28.877638888888885,40.97013888888889],[28.87791663888889,40.97013891666666],[28.877916666666668,40.970416666666665],[28.87819441666667,40.970416694444445],[28.878194444444446,40.97069444444444],[28.878749972222224,40.97069447222223],[28.878750000000004,40.97097222222222],[28.879027750000002,40.970972249999996],[28.879027777777775,40.971250000000005],[28.87930552777778,40.97125002777778],[28.879305555555554,40.97152777777777],[28.87958330555556,40.97152780555555],[28.879583333333336,40.971805555555555],[28.87986108333333,40.971805583333335],[28.879861111111115,40.97263888888889],[28.88013886111111,40.97263891666667],[28.880138888888887,40.97402777777778],[28.880416638888892,40.97402780555556],[28.880416666666665,40.974583333333335],[28.88069441666667,40.974583361111115],[28.880694444444444,40.97486111111111],[28.880972194444443,40.97486113888889],[28.880972222222223,40.97513888888889],[28.88152775,40.975138916666666],[28.881527777777777,40.97541666666666],[28.88208330555556,40.97541669444445],[28.882083333333334,40.97569444444444],[28.88263886111111,40.97569447222222],[28.88263888888889,40.975972222222225],[28.88319441666667,40.97597225],[28.883194444444445,40.97625],[28.883472194444444,40.97625002777777],[28.883472222222224,40.97652777777778],[28.88458330555556,40.976527805555556],[28.884583333333335,40.97680555555555],[28.88541663888889,40.97680558333334],[28.885416666666664,40.97708333333333],[28.88652775,40.97708336111111],[28.886527777777776,40.977361111111115],[28.88708330555556,40.97736113888889],[28.887083333333333,40.977916666666665],[28.88763886111111,40.977916694444446],[28.887638888888894,40.97819444444444],[28.888194416666668,40.97819447222222],[28.888194444444444,40.97847222222222],[28.88874997222222,40.978472249999996],[28.88875,40.97902777777778],[28.88902775,40.97902780555555],[28.889027777777777,40.979305555555555],[28.89013886111111,40.979305583333336],[28.89013888888889,40.97958333333333],[28.892083333333332,40.97958333333333],[28.89208336111111,40.979305583333336],[28.892361111111114,40.979305555555555],[28.892361138888887,40.97902780555555],[28.892638888888893,40.97902777777778],[28.892638916666666,40.97875002777778],[28.892916666666665,40.97875],[28.892916694444445,40.978472249999996],[28.89347219444445,40.978472249999996],[28.893472222222222,40.97875],[28.894305527777778,40.97875002777778],[28.894305555555555,40.97902777777778],[28.897916666666664,40.97902777777778],[28.897916694444447,40.97875002777778],[28.89819441666667,40.97875002777778],[28.898194444444442,40.97902777777778],[28.899305555555554,40.97902777777778],[28.899305583333337,40.97875002777778],[28.89958330555556,40.97875002777778],[28.899583333333332,40.97902777777778],[28.89986111111111,40.97902777777778],[28.899861138888888,40.97875002777778],[28.90013886111111,40.97875002777778],[28.900138888888893,40.97902777777778],[28.902083305555557,40.97902780555555],[28.902083333333334,40.979305555555555],[28.90263886111111,40.979305583333336],[28.90263888888889,40.97958333333333],[28.903472194444447,40.97958336111111],[28.903472222222224,40.97986111111111],[28.90458330555556,40.979861138888886],[28.90458333333333,40.98013888888889],[28.905416638888887,40.98013891666667],[28.90541666666667,40.98041666666666],[28.90569441666667,40.98041669444444],[28.905694444444443,40.980694444444445],[28.906805527777777,40.980694472222225],[28.906805555555554,40.98097222222222],[28.90736108333334,40.98097224999999],[28.90736111111111,40.98125],[28.90763886111111,40.981250027777776],[28.90763888888889,40.98152777777778],[28.908194416666667,40.98152780555556],[28.908194444444444,40.98180555555555],[28.90902775,40.98180558333333],[28.90902777777778,40.982083333333335],[28.909583305555557,40.982083361111115],[28.909583333333334,40.98263888888889],[28.909861083333336,40.982638916666666],[28.909861111111113,40.98291666666666],[28.91013886111111,40.98291669444445],[28.91013888888889,40.98402777777778],[28.91069441666667,40.984027805555556],[28.91069444444444,40.98430555555555],[28.91124997222222,40.98430558333333],[28.911250000000003,40.98458333333333],[28.911527749999998,40.98458336111111],[28.91152777777778,40.98513888888889],[28.91208330555556,40.98513891666666],[28.91208333333333,40.98541666666667],[28.912361083333337,40.985416694444446],[28.91236111111111,40.98569444444444],[28.91263886111111,40.98569447222222],[28.912638888888893,40.98597222222222],[28.913194416666666,40.98597225],[28.913194444444443,40.98625],[28.91347219444445,40.98625002777778],[28.91347222222222,40.98652777777778],[28.914583305555556,40.98652780555555],[28.914583333333333,40.986805555555556],[28.91513886111111,40.986805583333336],[28.91513888888889,40.98708333333333],[28.91680552777778,40.98708336111111],[28.91680555555556,40.98736111111111],[28.917083305555558,40.987361138888886],[28.91708333333333,40.98763888888889],[28.917361083333336,40.98763891666667],[28.917361111111113,40.98791666666667],[28.91875,40.98791666666667],[28.918750027777776,40.98763891666667],[28.91902777777778,40.98763888888889],[28.919027805555555,40.987361138888886],[28.919305527777777,40.987361138888886],[28.91930555555556,40.98763888888889],[28.919583305555555,40.98763891666667],[28.919583333333332,40.98791666666667],[28.92013888888889,40.98791666666667],[28.920138916666666,40.98763891666667],[28.920416638888888,40.98763891666667],[28.920416666666668,40.98791666666667],[28.920972222222222,40.98791666666667],[28.920972250000002,40.98763891666667],[28.92291666666667,40.98763888888889],[28.922916694444446,40.987361138888886],[28.923194416666668,40.987361138888886],[28.92319444444444,40.98763888888889],[28.924027749999997,40.98763891666667],[28.92402777777778,40.98791666666667],[28.925138861111115,40.98791669444444],[28.925138888888892,40.98819444444444],[28.925416638888887,40.988194472222226],[28.92541666666667,40.98847222222222],[28.925694416666666,40.98847225],[28.925694444444442,40.98875],[28.926249972222227,40.988750027777776],[28.92625,40.98902777777778],[28.926527749999998,40.98902780555555],[28.92652777777778,40.98930555555555],[28.926805527777777,40.98930558333333],[28.926805555555557,40.99013888888889],[28.927083305555556,40.990138916666666],[28.927083333333332,40.99041666666667],[28.927361083333334,40.99041669444444],[28.92736111111111,40.99069444444444],[28.927916638888888,40.99069447222222],[28.92791666666667,40.99097222222222],[28.928472194444446,40.990972250000006],[28.928472222222222,40.99125],[28.928749972222224,40.991250027777774],[28.92875,40.991527777777776],[28.92902775,40.991527805555556],[28.92902777777778,40.99180555555555],[28.929305527777778,40.99180558333333],[28.92930555555556,40.99208333333333],[28.929861083333336,40.99208336111111],[28.929861111111112,40.99236111111111],[28.930416638888886,40.99236113888889],[28.930416638888886,40.992916638888886],[28.93013888888889,40.992916666666666],[28.93013888888889,40.99319444444444],[28.930416638888886,40.99319447222222],[28.93041666666667,40.99347222222222],[28.930694416666668,40.99347225],[28.93069444444445,40.99375],[28.930972194444447,40.99375002777778],[28.93097222222222,40.99430555555555],[28.931527749999997,40.994305583333336],[28.93152777777778,40.99458333333333],[28.931805527777776,40.99458336111111],[28.93180555555556,40.99486111111111],[28.932083305555555,40.994861138888886],[28.93208333333333,40.99513888888889],[28.932361083333337,40.99513891666666],[28.93236111111111,40.99541666666667],[28.932638861111116,40.995416694444444],[28.93263888888889,40.99597222222222],[28.932916638888887,40.99597225],[28.932916666666667,40.99652777777778],[28.933194416666666,40.99652780555555],[28.93319444444445,40.99680555555556],[28.933472194444445,40.996805583333334],[28.93347222222222,40.99708333333333],[28.933749972222223,40.997083361111116],[28.93375,40.997638888888886],[28.93402775,40.997638916666666],[28.93402777777778,40.99847222222222],[28.934305527777777,40.99847225],[28.934305555555557,40.99875],[28.934583305555556,40.998750027777774],[28.934583333333332,40.99930555555556],[28.934861083333335,40.99930558333333],[28.93486111111111,40.999583333333334],[28.935138861111113,40.999583361111114],[28.93513888888889,40.99986111111111],[28.93541663888889,40.99986113888889],[28.93541664977609,40.99997]]}},{"type":"Feature","properties":{},"geometry":{"type":"LineString","coordinates":[[28.935416655776688,41.00003],[28.93541666666667,41.00013888888889],[28.93541666666667,41.000416666666666],[28.935972194444446,41.000416694444446],[28.93597222222222,41.00069444444445],[28.936249972222225,41.00069447222222],[28.93625,41.000972222222224],[28.93680552777778,41.000972250000004],[28.93680555555556,41.00125],[28.93819444444445,41.00125],[28.93819447222222,41.000972250000004],[28.939305555555556,41.000972222222224],[28.939305583333333,41.00069447222222],[28.94097222222222,41.00069444444445],[28.94097225,41.000416694444446],[28.94152777777778,41.000416666666666],[28.941527805555555,41.00013891666667],[28.946249972222223,41.00013891666667],[28.94625,41.000416666666666],[28.946805527777776,41.000416694444446],[28.946805555555557,41.00069444444445],[28.947083305555555,41.00069447222222],[28.947083333333335,41.000972222222224],[28.947638861111113,41.000972250000004],[28.94763888888889,41.00125],[28.949583333333337,41.00125],[28.949583361111113,41.000972250000004],[28.950694444444448,41.000972222222224],[28.95069447222222,41.00069447222222],[28.952083333333338,41.00069444444445],[28.95208336111111,41.000416694444446],[28.95402775,41.000416694444446],[28.954027777777778,41.000972222222224],[28.954305527777777,41.000972250000004],[28.954305555555557,41.00125],[28.955694416666667,41.00125002777778],[28.955694444444447,41.00152777777778],[28.962638861111113,41.001527805555554],[28.962638888888886,41.001805555555556],[28.964861083333332,41.001805583333336],[28.964861111111116,41.00208333333334],[28.969305555555557,41.00208333333334],[28.96930558333333,41.001805583333336],[28.970694444444444,41.001805555555556],[28.97069447222222,41.001527805555554],[28.971527777777776,41.00152777777778],[28.971527805555557,41.00125002777778],[28.973194444444445,41.00125],[28.97319447222222,41.000972250000004],[28.973472222222224,41.000972222222224],[28.97347225,41.00069447222222],[28.97763886111111,41.00069447222222],[28.977638888888887,41.00125],[28.97930552777778,41.00125002777778],[28.979305555555555,41.00152777777778],[28.979861083333333,41.001527805555554],[28.979861111111113,41.001805555555556],[28.98041663888889,41.001805583333336],[28.980416666666667,41.00208333333334],[28.98069441666667,41.00208336111111],[28.980694444444445,41.00236111111111],[28.981249972222223,41.002361138888894],[28.981250000000003,41.00263888888889],[28.98152775,41.00263891666667],[28.981527777777774,41.00291666666667],[28.982083305555552,41.002916694444444],[28.982083333333335,41.003194444444446],[28.98236108333333,41.00319447222222],[28.982361111111114,41.00347222222222],[28.98291663888889,41.00347225],[28.982916666666664,41.00375],[28.98319441666667,41.003750027777784],[28.983194444444443,41.00402777777778],[28.983472194444442,41.00402780555555],[28.983472222222225,41.00430555555556],[28.98402775,41.004305583333334],[28.984027777777776,41.004583333333336],[28.98430552777778,41.00458336111111],[28.984305555555554,41.00486111111111],[28.984861083333332,41.00486113888889],[28.984861111111112,41.00513888888889],[28.98513886111111,41.005138916666674],[28.985138888888894,41.00541666666667],[28.98541663888889,41.00541669444444],[28.985416666666666,41.00597222222222],[28.985694416666668,41.00597225],[28.985694444444444,41.00625],[28.985972194444443,41.00625002777778],[28.985972222222223,41.00680555555556],[28.98624997222222,41.00680558333333],[28.986250000000002,41.00791666666667],[28.98652775,41.00791669444445],[28.986527777777777,41.00875],[28.98680552777778,41.00875002777778],[28.986805555555556,41.00986111111111],[28.987083305555558,41.009861138888894],[28.987083333333334,41.01125],[28.987361083333333,41.011250027777784],[28.987361083333333,41.015416638888894],[28.987083333333334,41.01541666666667],[28.987083305555558,41.01680552777778],[28.986805555555556,41.01680555555556],[28.98680552777778,41.01708330555555],[28.986250000000002,41.01708333333334],[28.98624997222222,41.017361083333334],[28.985694444444444,41.017361111111114],[28.985694416666668,41.01763886111112],[28.984305583333338,41.01763886111112],[28.984305555555554,41.017361111111114],[28.982916694444448,41.017361083333334],[28.982916666666664,41.01708333333334],[28.982361138888887,41.01708330555555],[28.982361111111114,41.01680555555556],[28.980694444444445,41.01680555555556],[28.98069441666667,41.01708330555555],[28.979027777777777,41.01708333333334],[28.97902775,41.017361083333334],[28.976250000000004,41.017361111111114],[28.976249972222224,41.01763886111112],[28.975138888888885,41.01763888888889],[28.975138861111112,41.01791663888889],[28.972916666666666,41.017916666666665],[28.97291663888889,41.01819441666667],[28.970972222222226,41.01819444444445],[28.970972194444442,41.01847219444444],[28.970138888888886,41.01847222222223],[28.970138861111113,41.018749972222224],[28.969583333333336,41.01875],[28.969583305555552,41.01902775],[28.968749999999996,41.01902777777778],[28.968749972222223,41.01930552777778],[28.968194444444446,41.019305555555555],[28.968194416666666,41.01958330555556],[28.967361111111114,41.01958333333334],[28.967361083333333,41.01986108333333],[28.966805555555556,41.01986111111111],[28.96680552777778,41.020138861111114],[28.965972222222224,41.02013888888889],[28.965972194444443,41.02041663888889],[28.965694444444445,41.02041666666667],[28.965694416666665,41.020694416666664],[28.965416666666666,41.020694444444445],[28.965416638888893,41.02097219444445],[28.964861111111116,41.02097222222223],[28.964861083333332,41.02124997222222],[28.964305555555555,41.02125],[28.964305527777782,41.021527750000004],[28.963472222222226,41.02152777777778],[28.963472194444442,41.022083305555554],[28.96291666666667,41.022083333333335],[28.962916638888892,41.02236108333334],[28.962083333333336,41.02236111111112],[28.962083305555556,41.02263886111111],[28.961805555555557,41.022638888888885],[28.96180552777778,41.022916638888894],[28.96152777777778,41.02291666666667],[28.961527750000002,41.02319441666666],[28.96125,41.02319444444445],[28.961249972222223,41.023472194444444],[28.960972222222225,41.023472222222225],[28.960972222222225,41.024027777777775],[28.961249972222223,41.02402780555556],[28.961249972222223,41.024305527777784],[28.960694444444446,41.02430555555556],[28.960694416666666,41.02458330555555],[28.960416666666667,41.02458333333334],[28.96041663888889,41.024861083333334],[28.96013888888889,41.024861111111115],[28.960138861111112,41.02541663888889],[28.959861111111117,41.025416666666665],[28.959861083333333,41.02569441666667],[28.959583333333335,41.02569444444445],[28.959583305555554,41.02597219444444],[28.959305555555556,41.02597222222222],[28.959305527777776,41.02652775],[28.95875,41.02652777777778],[28.958749972222222,41.02680552777778],[28.958472222222227,41.026805555555555],[28.958472194444443,41.02708330555556],[28.958194444444448,41.02708333333334],[28.958194416666664,41.02736108333333],[28.957916666666666,41.02736111111111],[28.957916638888893,41.027638861111114],[28.95736111111111,41.02763888888889],[28.957361083333335,41.02791663888889],[28.957083333333337,41.02791666666667],[28.957083305555553,41.02819441666667],[28.956805555555558,41.028194444444445],[28.956805527777775,41.02847219444445],[28.95486111111111,41.02847222222223],[28.954861083333334,41.02874997222222],[28.954305555555557,41.028749999999995],[28.954305527777777,41.029027750000004],[28.95375,41.02902777777778],[28.953749972222223,41.02930552777778],[28.953472222222224,41.02930555555556],[28.953472194444444,41.029583305555555],[28.952638888888888,41.029583333333335],[28.95263886111111,41.02986108333333],[28.95236111111111,41.02986111111112],[28.952361083333333,41.03013886111111],[28.951805555555556,41.030138888888885],[28.951805527777775,41.030416638888894],[28.951527777777777,41.03041666666667],[28.951527750000004,41.03069441666667],[28.951249999999998,41.03069444444444],[28.951249972222225,41.030972194444445],[28.950972222222227,41.030972222222225],[28.950972194444443,41.03124997222222],[28.950694444444448,41.03125000000001],[28.950694416666664,41.03208330555555],[28.950138888888887,41.03208333333333],[28.950138861111114,41.03263886111111],[28.949861111111108,41.03263888888889],[28.949861083333335,41.033749972222225],[28.949583333333337,41.033750000000005],[28.949583333333337,41.03402777777778],[28.949861083333335,41.03402780555556],[28.949861083333335,41.03430552777778],[28.949583333333337,41.034305555555555],[28.949583305555556,41.03458330555556],[28.949305555555558,41.03458333333334],[28.949305527777774,41.035138861111115],[28.94902777777778,41.03513888888889],[28.949027750000003,41.03541663888889],[28.948472222222218,41.03541666666666],[28.948472194444445,41.03597219444444],[28.947916666666668,41.03597222222223],[28.94791663888889,41.03624997222222],[28.94736111111111,41.03625],[28.947361083333334,41.036527750000005],[28.947083333333335,41.03652777777778],[28.947083305555555,41.03680552777778],[28.946805555555557,41.03680555555555],[28.946805527777776,41.037083305555555],[28.946527777777778,41.037083333333335],[28.946527750000005,41.03763886111111],[28.94625,41.037638888888885],[28.946249972222223,41.03902775],[28.94569444444445,41.039027777777775],[28.945694416666665,41.03958330555555],[28.945416666666667,41.03958333333333],[28.945416638888886,41.039861083333335],[28.945138888888888,41.039861111111115],[28.945138861111115,41.04041663888889],[28.94486111111111,41.040416666666665],[28.944861083333336,41.04069441666667],[28.944583333333338,41.04069444444445],[28.944583305555554,41.04097219444444],[28.94430555555556,41.04097222222222],[28.944305527777775,41.041249972222225],[28.941805555555558,41.041250000000005],[28.941805527777777,41.04180552777778],[28.94125,41.041805555555555],[28.941249972222224,41.04208330555556],[28.940416666666668,41.04208333333334],[28.940416638888887,41.042638861111115],[28.93958333333334,41.042638888888895],[28.939583305555555,41.04291663888889],[28.939305555555556,41.04291666666666],[28.939305527777776,41.04319441666667],[28.939027777777778,41.043194444444445],[28.939027750000005,41.04347219444444],[28.93819444444445,41.04347222222223],[28.938194416666665,41.04374997222222],[28.93791666666667,41.04375],[28.937916638888886,41.04402775],[28.937638888888888,41.04402777777778],[28.937638861111115,41.04430552777778],[28.93736111111111,41.04430555555555],[28.937361083333336,41.04458330555556],[28.937083333333337,41.044583333333335],[28.937083305555557,41.04541663888889],[28.93625,41.04541666666667],[28.936249972222225,41.047361083333335],[28.93597222222222,41.047361111111115],[28.935972194444446,41.04847219444444],[28.935694444444447,41.04847222222222],[28.935694416666667,41.04902775],[28.93541666666667,41.04902777777777],[28.93541666666667,41.05236111111111],[28.935694416666667,41.05236113888889],[28.935694444444447,41.05291666666667],[28.936527749999996,41.05291669444445],[28.93652777777778,41.053472222222226],[28.93680552777778,41.05347225],[28.93680555555556,41.05375],[28.937083305555557,41.05375002777778],[28.937083333333337,41.05430555555556],[28.937361083333336,41.05430558333334],[28.93736111111111,41.05458333333333],[28.937638861111115,41.05458336111111],[28.937638888888888,41.054861111111116],[28.937916638888886,41.05486113888889],[28.93791666666667,41.05513888888889],[28.938472194444444,41.05513891666667],[28.93847222222222,41.055416666666666],[28.939583305555555,41.055416694444446],[28.93958333333334,41.05569444444444],[28.940416638888887,41.05569447222223],[28.940416666666668,41.05597222222222],[28.941249972222224,41.055972249999996],[28.94125,41.056250000000006],[28.942638861111114,41.05625002777778],[28.94263888888889,41.05652777777778],[28.942916638888885,41.056527805555554],[28.94291666666667,41.056805555555556],[28.944583305555554,41.056805583333336],[28.944583333333338,41.05708333333333],[28.945416638888886,41.05708336111112],[28.945416666666667,41.05736111111111],[28.945972194444444,41.057361138888886],[28.94597222222222,41.057638888888896],[28.946249972222223,41.05763891666667],[28.94625,41.05875],[28.946527750000005,41.058750027777776],[28.946527750000005,41.05930552777778],[28.94625,41.059305555555554],[28.946249972222223,41.059583305555556],[28.94597222222222,41.059583333333336],[28.945972194444444,41.06013886111111],[28.94569444444445,41.06013888888889],[28.945694416666665,41.06041663888889],[28.945416666666667,41.06041666666666],[28.945416638888886,41.06069441666667],[28.945138888888888,41.060694444444444],[28.945138861111115,41.060972194444446],[28.94486111111111,41.060972222222226],[28.944861083333336,41.06124997222222],[28.944583333333338,41.06125],[28.944583305555554,41.06180552777778],[28.94430555555556,41.06180555555555],[28.944305527777775,41.06236108333333],[28.94402777777778,41.062361111111116],[28.94402777777778,41.06458333333333],[28.944583333333338,41.06458333333333],[28.944583333333338,41.064861111111114],[28.945416666666667,41.064861111111114],[28.945416694444443,41.06458336111111],[28.94597222222222,41.06458333333333],[28.94597225,41.064305583333336],[28.94625,41.064305555555556],[28.94625002777778,41.064027805555554],[28.946527777777778,41.06402777777778],[28.946527805555554,41.06347225],[28.946805555555557,41.063472222222224],[28.946805583333333,41.062638916666664],[28.947083333333335,41.06263888888889],[28.947083361111112,41.06180558333334],[28.94736111111111,41.06180555555555],[28.94736113888889,41.061250027777774],[28.94763888888889,41.06125],[28.94763891666667,41.06097225],[28.947916666666668,41.060972222222226],[28.947916694444444,41.060694472222224],[28.948194444444447,41.060694444444444],[28.948194472222223,41.06041669444445],[28.948472222222218,41.06041666666666],[28.948472250000002,41.05986113888889],[28.94875,41.05986111111111],[28.94875,41.057638888888896],[28.948472250000002,41.05763886111111],[28.948472222222218,41.05652777777778],[28.948194472222223,41.05652775],[28.948194444444447,41.056250000000006],[28.94763891666667,41.05624997222222],[28.94763888888889,41.05597222222222],[28.94736113888889,41.05597219444445],[28.94736111111111,41.05569444444444],[28.946527805555554,41.05569441666667],[28.946527777777778,41.055416666666666],[28.945694472222222,41.05541663888889],[28.94569444444445,41.05513888888889],[28.945416694444443,41.05513886111111],[28.945416666666667,41.05458333333333],[28.944861138888893,41.05458330555556],[28.94486111111111,41.05430555555556],[28.941527805555555,41.05430552777778],[28.94152777777778,41.05402777777778],[28.94125002777778,41.05402775],[28.94125,41.053472222222226],[28.94097225,41.053472194444446],[28.94097222222222,41.05319444444444],[28.940694472222223,41.05319441666667],[28.940694444444446,41.05263888888889],[28.940416694444444,41.05263886111111],[28.940416666666668,41.052083333333336],[28.94013891666667,41.052083305555556],[28.94013888888889,41.05180555555555],[28.93986113888889,41.05180552777778],[28.93986111111111,41.05125],[28.93958336111111,41.05124997222222],[28.93958336111111,41.049305583333336],[28.93986111111111,41.049305555555556],[28.93986113888889,41.04875002777778],[28.94013888888889,41.048750000000005],[28.94013891666667,41.04819447222223],[28.940416666666668,41.04819444444445],[28.940416694444444,41.047916694444446],[28.940694444444446,41.047916666666666],[28.940694472222223,41.04763891666667],[28.94097222222222,41.04763888888889],[28.94097225,41.04736113888889],[28.94125,41.047361111111115],[28.94125002777778,41.04680558333334],[28.94152777777778,41.04680555555556],[28.941527805555555,41.046527805555556],[28.941805555555558,41.046527777777776],[28.941805583333334,41.04597225],[28.94236111111111,41.045972222222225],[28.94236113888889,41.04569447222222],[28.94291666666667,41.04569444444444],[28.942916694444442,41.04541669444445],[28.94347222222222,41.04541666666667],[28.943472250000003,41.045138916666666],[28.943749999999998,41.04513888888889],[28.94375002777778,41.04486113888889],[28.94402777777778,41.04486111111111],[28.944027805555553,41.04458336111111],[28.94486111111111,41.044583333333335],[28.944861138888893,41.04430558333334],[28.945416666666667,41.04430555555555],[28.945416694444443,41.043750027777776],[28.94597222222222,41.04375],[28.94597225,41.04347225],[28.94625,41.04347222222223],[28.94625002777778,41.043194472222225],[28.94736111111111,41.043194444444445],[28.94736113888889,41.04291669444445],[28.94763888888889,41.04291666666666],[28.94763891666667,41.04263891666667],[28.947916666666668,41.042638888888895],[28.947916694444444,41.042361138888886],[28.948194444444447,41.04236111111111],[28.948194472222223,41.041805583333336],[28.948472222222218,41.041805555555555],[28.948472250000002,41.04097225],[28.94875,41.04097222222222],[28.94875002777778,41.04069447222222],[28.94902777777778,41.04069444444445],[28.94902780555556,41.040416694444446],[28.949305555555558,41.040416666666665],[28.94930558333333,41.04013891666667],[28.949583333333337,41.04013888888889],[28.949583361111113,41.03958336111111],[28.949861111111108,41.03958333333333],[28.949861138888892,41.039027805555556],[28.950138888888887,41.039027777777775],[28.95013891666667,41.03819447222222],[28.95041666666667,41.03819444444444],[28.950416694444442,41.03791669444445],[28.950694444444448,41.03791666666667],[28.95069447222222,41.037638916666666],[28.950972222222227,41.037638888888885],[28.95097225,41.03680558333334],[28.951249999999998,41.03680555555555],[28.951250027777782,41.036250027777776],[28.951527777777777,41.03625],[28.95152780555556,41.03597225],[28.951805555555556,41.03597222222223],[28.951805583333332,41.03569447222222],[28.952083333333338,41.035694444444445],[28.95208336111111,41.03486113888889],[28.95236111111111,41.03486111111111],[28.95236113888889,41.03458336111111],[28.952638888888888,41.03458333333334],[28.952638916666668,41.034305583333335],[28.952916666666667,41.034305555555555],[28.952916694444443,41.03402780555556],[28.954027777777778,41.03402777777778],[28.954027805555558,41.03375002777778],[28.954583305555555,41.03375002777778],[28.954583333333336,41.03402777777778],[28.955416666666668,41.03402777777778],[28.95541669444444,41.03375002777778],[28.955972222222226,41.033750000000005],[28.955972250000002,41.03347225],[28.958194416666664,41.03347225],[28.958194444444448,41.033750000000005],[28.959027777777777,41.033750000000005],[28.959027805555557,41.03347225],[28.959861111111117,41.03347222222222],[28.95986113888889,41.03319447222222],[28.96013888888889,41.03319444444445],[28.96013891666667,41.03263891666667],[28.96125,41.03263888888889],[28.96125002777778,41.03236113888889],[28.962361111111115,41.032361111111115],[28.96236113888889,41.03208336111111],[28.96291666666667,41.03208333333333],[28.96291669444445,41.03125002777778],[28.963194444444447,41.03125000000001],[28.96319447222222,41.03097225],[28.963749999999997,41.030972222222225],[28.96375002777778,41.03069447222222],[28.964305527777782,41.03069447222222],[28.964305555555555,41.030972222222225],[28.964861111111116,41.030972222222225],[28.96486113888889,41.03069447222222],[28.965416666666666,41.03069444444444],[28.96541669444445,41.03041669444445],[28.965694444444445,41.03041666666667],[28.96569447222222,41.03013891666667],[28.965972222222224,41.030138888888885],[28.965972222222224,41.02847222222223],[28.96569447222222,41.02847219444445],[28.96569447222222,41.02791669444445],[28.965972222222224,41.02791666666667],[28.96597225,41.02708336111111],[28.966527777777777,41.02708333333334],[28.966527805555558,41.02486113888889],[28.967361111111114,41.024861111111115],[28.96736113888889,41.02458336111111],[28.96763888888889,41.02458333333334],[28.96763891666667,41.02430558333333],[28.967916666666667,41.02430555555556],[28.967916694444448,41.02375002777778],[28.968194444444446,41.02375],[28.96819447222222,41.02347225],[28.968472222222225,41.023472222222225],[28.96847225,41.02319447222222],[28.968749999999996,41.02319444444445],[28.96875002777778,41.02291669444445],[28.969305555555557,41.02291666666667],[28.96930558333333,41.02263891666667],[28.970138888888886,41.022638888888885],[28.97013891666667,41.02236113888889],[28.971249999999998,41.02236111111112],[28.971250027777778,41.02208336111111],[28.972916666666666,41.022083333333335],[28.972916694444447,41.02180558333333],[28.974027777777778,41.02180555555556],[28.974027805555558,41.02152780555556],[28.97597219444444,41.02152780555556],[28.975972222222225,41.02180555555556],[28.97736108333333,41.02180558333333],[28.977361111111115,41.022083333333335],[28.97819441666667,41.02208336111111],[28.978194444444444,41.02236111111112],[28.97874997222222,41.02236113888889],[28.978750000000005,41.022638888888885],[28.97902775,41.02263891666667],[28.979027777777777,41.02291666666667],[28.97930552777778,41.02291669444445],[28.979305555555555,41.023472222222225],[28.979583305555554,41.02347225],[28.979583333333334,41.02375],[28.979861083333333,41.02375002777778],[28.979861111111113,41.024027777777775],[28.98069441666667,41.02402780555556],[28.980694444444445,41.02430555555556],[28.98180552777778,41.02430558333333],[28.981805555555557,41.02458333333334],[28.982638861111113,41.02458336111111],[28.982638888888893,41.024861111111115],[28.98291663888889,41.02486113888889],[28.982916666666664,41.02513888888889],[28.983472194444442,41.02513891666667],[28.983472222222225,41.025416666666665],[28.98402775,41.025416694444445],[28.984027777777776,41.02569444444445],[28.98430552777778,41.02569447222222],[28.984305555555554,41.02597222222222],[28.98458330555556,41.02597225],[28.984583333333333,41.02625],[28.984861083333332,41.02625002777778],[28.984861111111112,41.02652777777778],[28.98541663888889,41.02652780555556],[28.985416666666666,41.026805555555555],[28.98624997222222,41.026805583333335],[28.986250000000002,41.02708333333334],[28.98652775,41.02708336111111],[28.986527777777777,41.02736111111111],[28.98680552777778,41.02736113888889],[28.986805555555556,41.02763888888889],[28.98791663888889,41.02763891666667],[28.987916666666667,41.02791666666667],[28.98819441666667,41.02791669444445],[28.988194444444446,41.028194444444445],[28.98847219444444,41.02819447222222],[28.988472222222224,41.02847222222223],[28.988749972222223,41.02847225],[28.988750000000003,41.02902777777778],[28.98902775,41.02902780555556],[28.989027777777775,41.029583333333335],[28.98930552777778,41.02958336111111],[28.989305555555553,41.02986111111112],[28.98958330555556,41.02986113888889],[28.989583333333336,41.03041666666667],[28.98986108333333,41.03041669444445],[28.989861111111114,41.030972222222225],[28.99013886111111,41.03097225],[28.990138888888893,41.031527777777775],[28.99041663888889,41.031527805555555],[28.990416666666665,41.03180555555556],[28.99069441666667,41.03180558333334],[28.990694444444443,41.03208333333333],[28.99124997222222,41.03208336111111],[28.991250000000004,41.032361111111115],[28.99208330555556,41.03236113888889],[28.992083333333333,41.03263888888889],[28.993194416666668,41.03263891666667],[28.993194444444445,41.032916666666665],[28.993749972222222,41.032916694444445],[28.993750000000002,41.03319444444445],[28.99402775,41.03319447222222],[28.994027777777774,41.03347222222222],[28.994583305555558,41.03347225],[28.994583333333335,41.03402777777778],[28.99486108333333,41.03402780555556],[28.994861111111113,41.03541666666666],[28.995138861111112,41.03541669444445],[28.995138888888892,41.03597222222223],[28.99624997222222,41.03597225],[28.996250000000003,41.03652777777778],[28.99680552777778,41.03652780555556],[28.996805555555554,41.03680555555555],[28.99708330555556,41.03680558333334],[28.997083333333332,41.037083333333335],[28.99763886111111,41.03708336111111],[28.997638888888893,41.03736111111112],[28.99791663888889,41.03736113888889],[28.997916666666665,41.037638888888885],[28.998194416666667,41.037638916666666],[28.998194444444444,41.03791666666667],[28.99847219444445,41.03791669444445],[28.998472222222222,41.03819444444444],[28.99874997222222,41.03819447222222],[28.99875,41.038472222222225],[28.999861111111112,41.038472222222225],[28.99997,41.038472222222225]]}},{"type":"Feature","properties":{},"geometry":{"type":"LineString","coordinates":[[29.00003,41.038472222222225],[29.00013888888889,41.038472222222225],[29.000694444444445,41.038472222222225],[29.00152775,41.03847225],[29.00152777777778,41.03875],[29.002361083333337,41.03875002777778],[29.002361111111114,41.039027777777775],[29.004305527777777,41.039027805555556],[29.00430555555556,41.03930555555556],[29.005972194444446,41.03930558333334],[29.005972222222223,41.03958333333333],[29.00680552777778,41.03958336111111],[29.00680555555556,41.039861111111115],[29.007361083333336,41.03986113888889],[29.007361111111113,41.04013888888889],[29.00791663888889,41.04013891666667],[29.00791666666667,41.040416666666665],[29.008750000000003,41.040416666666665],[29.008750027777783,41.04013891666667],[29.00930555555556,41.04013888888889],[29.009305583333337,41.03986113888889],[29.00958330555556,41.03986113888889],[29.00958333333333,41.04013888888889],[29.010138861111116,41.04013891666667],[29.010138888888893,41.040416666666665],[29.010416638888888,41.040416694444446],[29.01041666666667,41.041250000000005],[29.010694416666666,41.04125002777778],[29.01069444444445,41.04152777777777],[29.01152775,41.04152780555556],[29.01152777777778,41.041805555555555],[29.012083305555556,41.041805583333336],[29.012083333333333,41.04208333333334],[29.013472194444446,41.04208336111111],[29.013472222222223,41.04236111111111],[29.01402775,41.042361138888886],[29.01402777777778,41.042638888888895],[29.01541663888889,41.04263891666667],[29.01541666666667,41.04291666666666],[29.01708330555556,41.04291669444445],[29.01708333333334,41.043194444444445],[29.017361083333338,41.043194472222225],[29.01736111111111,41.04347222222223],[29.017638861111116,41.04347225],[29.01763888888889,41.04375],[29.018194416666667,41.043750027777776],[29.01819444444445,41.04430555555555],[29.018472194444445,41.04430558333334],[29.018472222222222,41.044583333333335],[29.019583305555557,41.04458336111111],[29.019583333333337,41.04486111111111],[29.020138861111114,41.04486113888889],[29.02013888888889,41.04513888888889],[29.020972194444447,41.045138916666666],[29.020972222222223,41.04541666666667],[29.022638861111115,41.04541669444445],[29.022638888888892,41.04569444444444],[29.022916638888887,41.04569447222222],[29.02291666666667,41.045972222222225],[29.023749972222227,41.04597225],[29.02375,41.04625],[29.024027750000005,41.04625002777778],[29.02402777777778,41.046527777777776],[29.025138861111117,41.046527805555556],[29.02513888888889,41.04680555555556],[29.025972222222222,41.04680555555556],[29.025972250000002,41.046527805555556],[29.027361083333336,41.046527805555556],[29.027361111111112,41.04680555555556],[29.027638861111114,41.04680558333334],[29.02763888888889,41.04708333333333],[29.027916638888893,41.047083361111106],[29.02791666666667,41.047361111111115],[29.02819441666667,41.04736113888889],[29.02819444444445,41.04763888888889],[29.028472194444447,41.04763891666667],[29.028472222222227,41.047916666666666],[29.028749972222226,41.047916694444446],[29.02875,41.04819444444445],[29.029027750000004,41.04819447222223],[29.02902777777778,41.04847222222222],[29.029583305555555,41.048472249999996],[29.02958333333334,41.048750000000005],[29.030138861111116,41.04875002777778],[29.03013888888889,41.04902777777777],[29.031527750000006,41.04902780555556],[29.03152777777778,41.049305555555556],[29.032083305555556,41.049305583333336],[29.032083333333336,41.04958333333333],[29.032638861111113,41.04958336111111],[29.03263888888889,41.04986111111111],[29.033194416666667,41.049861138888886],[29.033194444444447,41.05041666666666],[29.033472194444446,41.05041669444444],[29.033472222222226,41.050694444444446],[29.033749972222225,41.050694472222226],[29.03375,41.05125],[29.034027750000003,41.051250027777776],[29.03402777777778,41.05152777777778],[29.034583305555557,41.05152780555556],[29.034583333333337,41.05180555555555],[29.034861083333336,41.05180558333333],[29.03486111111111,41.05236111111111],[29.035416638888893,41.05236113888889],[29.03541666666667,41.05291666666667],[29.035972194444447,41.05291669444445],[29.035972222222227,41.053472222222226],[29.036249972222226,41.05347225],[29.03625,41.05430555555556],[29.036527750000005,41.05430558333334],[29.036527777777778,41.05458333333333],[29.037083305555555,41.05458336111111],[29.037083305555555,41.05541663888889],[29.03680555555556,41.055416666666666],[29.03680555555556,41.05652777777778],[29.037083305555555,41.056527805555554],[29.03708333333334,41.05708333333333],[29.037361083333334,41.05708336111112],[29.03736111111111,41.05736111111111],[29.037638861111116,41.057361138888886],[29.03763888888889,41.057638888888896],[29.037916638888895,41.05763891666667],[29.037916666666668,41.057916666666664],[29.038194416666666,41.057916694444444],[29.038194444444446,41.05875],[29.038472194444445,41.058750027777776],[29.03847222222223,41.05902777777778],[29.038749972222224,41.05902780555556],[29.03875,41.059305555555554],[29.039583305555556,41.059305583333334],[29.039583333333336,41.059583333333336],[29.040138861111114,41.059583361111116],[29.04013888888889,41.05986111111111],[29.040416638888892,41.05986113888889],[29.040416638888892,41.06069441666667],[29.04013888888889,41.060694444444444],[29.04013888888889,41.06125],[29.040694416666668,41.061250027777774],[29.040694444444448,41.062361111111116],[29.041249972222225,41.06236113888889],[29.041249999999998,41.06263888888889],[29.041527750000004,41.062638916666664],[29.04152777777778,41.064305555555556],[29.041805527777782,41.064305583333336],[29.04180555555556,41.06458333333333],[29.042083305555554,41.06458336111111],[29.042083333333338,41.06513888888889],[29.042361083333336,41.06513891666667],[29.042361111111116,41.06541666666667],[29.042638861111115,41.065416694444444],[29.042638888888888,41.065694444444446],[29.042916638888894,41.065694472222226],[29.042916666666667,41.06597222222222],[29.043194416666665,41.06597225],[29.04319444444445,41.066250000000004],[29.043749972222223,41.06625002777778],[29.04375,41.06652777777778],[29.044861083333334,41.06652780555556],[29.044861111111118,41.066805555555554],[29.045694416666667,41.066805583333334],[29.045694444444447,41.067083333333336],[29.045972194444445,41.067083361111116],[29.045972222222225,41.06736111111111],[29.046527750000003,41.067361138888884],[29.04652777777778,41.068194444444444],[29.04680552777778,41.068194472222224],[29.046805555555558,41.069583333333334],[29.047083305555557,41.069583361111114],[29.047083305555557,41.069861083333336],[29.046805555555558,41.06986111111111],[29.04680552777778,41.07041663888889],[29.04652777777778,41.070416666666674],[29.046527750000003,41.07069441666667],[29.04625,41.07069444444444],[29.046249972222224,41.07097219444445],[29.045972222222225,41.070972222222224],[29.045972194444445,41.07124997222222],[29.045694444444447,41.07125],[29.045694416666667,41.07152775],[29.045416666666668,41.07152777777778],[29.045416666666668,41.07347222222222],[29.045694416666667,41.07347225],[29.045694416666667,41.073749972222224],[29.04513888888889,41.073750000000004],[29.045138861111113,41.07458330555556],[29.044861111111118,41.07458333333333],[29.044861083333334,41.07486108333334],[29.044583333333335,41.07486111111111],[29.044583333333335,41.07680555555556],[29.044861083333334,41.07680558333333],[29.044861111111118,41.07763888888889],[29.04541663888889,41.077638916666665],[29.045416666666668,41.07791666666667],[29.045694416666667,41.07791669444445],[29.045694444444447,41.07819444444444],[29.045972194444445,41.07819447222222],[29.045972222222225,41.078472222222224],[29.046249972222224,41.078472250000004],[29.04625,41.07875],[29.047361083333335,41.07875002777778],[29.047361111111115,41.07902777777778],[29.04875,41.07902777777778],[29.048750027777782,41.07875002777778],[29.049305527777783,41.07875002777778],[29.04930555555556,41.07902777777778],[29.049583305555554,41.079027805555555],[29.049583333333338,41.07930555555556],[29.051249972222223,41.07930558333334],[29.051250000000007,41.07958333333333],[29.052083305555556,41.07958336111111],[29.052083333333336,41.079861111111114],[29.05291663888889,41.079861138888894],[29.05291666666667,41.08013888888889],[29.05319441666667,41.08013891666666],[29.053194444444447,41.08041666666667],[29.053749972222224,41.080416694444445],[29.053750000000004,41.08069444444444],[29.054583305555553,41.08069447222223],[29.054583333333337,41.08097222222222],[29.054861083333336,41.08097225],[29.054861111111116,41.081250000000004],[29.055138888888887,41.081250000000004],[29.05513891666667,41.08097225],[29.055416638888893,41.08097225],[29.055416666666666,41.081250000000004],[29.05569441666667,41.08125002777778],[29.05569444444445,41.08152777777778],[29.056527750000004,41.08152780555555],[29.056527777777777,41.08180555555556],[29.057083305555555,41.081805583333335],[29.057083333333335,41.08236111111111],[29.057361083333333,41.08236113888889],[29.057361083333333,41.08263886111111],[29.057083333333335,41.08263888888889],[29.057083333333335,41.083194444444445],[29.057361083333333,41.083194472222225],[29.057361083333333,41.08347219444445],[29.057083333333335,41.08347222222222],[29.057083333333335,41.08680555555556],[29.057361083333333,41.08680558333334],[29.057361083333333,41.08708330555556],[29.057083333333335,41.08708333333333],[29.057083333333335,41.087361111111115],[29.057361083333333,41.087361138888895],[29.057361083333333,41.08902775],[29.057083333333335,41.08902777777778],[29.057083305555555,41.09152775],[29.056805555555556,41.09152777777778],[29.056805527777783,41.09180552777778],[29.056527777777777,41.09180555555556],[29.056527750000004,41.09263886111111],[29.056250000000006,41.09263888888889],[29.056249972222222,41.09291663888889],[29.055972222222227,41.09291666666667],[29.055972194444443,41.09319441666667],[29.055416666666666,41.09319444444445],[29.055416638888893,41.093472194444445],[29.054861111111116,41.09347222222222],[29.054861083333336,41.09374997222223],[29.054583333333337,41.09375],[29.054583333333337,41.09791666666667],[29.054861083333336,41.09791669444444],[29.054861111111116,41.10013888888889],[29.055138861111114,41.10013891666667],[29.055138888888887,41.10069444444445],[29.055416638888893,41.10069447222222],[29.055416666666666,41.10125],[29.05569441666667,41.10125002777778],[29.05569444444445,41.10208333333334],[29.055972194444443,41.10208336111111],[29.055972222222227,41.10263888888889],[29.056249972222222,41.10263891666667],[29.056250000000006,41.10319444444445],[29.056527750000004,41.10319447222222],[29.056527777777777,41.10347222222222],[29.056805527777783,41.10347225],[29.056805555555556,41.10375],[29.057083305555555,41.10375002777778],[29.057083333333335,41.10402777777778],[29.057638861111112,41.10402780555555],[29.05763888888889,41.10625],[29.05791663888889,41.10625002777778],[29.057916666666667,41.10680555555556],[29.058194416666673,41.10680558333333],[29.058194444444446,41.10736111111111],[29.058472194444445,41.10736113888889],[29.058472222222225,41.107638888888886],[29.058749972222223,41.10763891666667],[29.058750000000003,41.10819444444445],[29.059027750000002,41.10819447222222],[29.05902777777778,41.108472222222225],[29.05930552777778,41.10847225],[29.059305555555557,41.10875],[29.059583305555556,41.10875002777778],[29.059583333333336,41.10930555555556],[29.060138861111113,41.10930558333333],[29.060138888888886,41.10986111111111],[29.060416638888892,41.10986113888889],[29.060416638888892,41.11013886111111],[29.060138888888886,41.11013888888889],[29.060138861111113,41.11041663888889],[29.059861111111115,41.110416666666666],[29.059861083333335,41.11069441666667],[29.059305555555557,41.11069444444445],[29.05930552777778,41.111249972222225],[29.05902777777778,41.11125],[29.05902777777778,41.111805555555556],[29.05930552777778,41.111805583333336],[29.05930552777778,41.11208330555556],[29.05902777777778,41.11208333333334],[29.05902777777778,41.112361111111106],[29.059583305555556,41.11236113888889],[29.059583333333336,41.11291666666667],[29.061250000000005,41.11291666666667],[29.06125002777778,41.11263891666667],[29.061527750000003,41.11263891666667],[29.061527777777776,41.11291666666667],[29.062361083333332,41.11291669444444],[29.062361111111116,41.113194444444446],[29.06263886111111,41.11319447222222],[29.062638888888895,41.11347222222223],[29.062916638888893,41.11347225],[29.062916666666666,41.11402777777778],[29.063194416666672,41.11402780555556],[29.063194444444445,41.11430555555556],[29.063472194444444,41.11430558333333],[29.063472222222224,41.114583333333336],[29.06402775,41.11458336111111],[29.064027777777778,41.11486111111111],[29.064583305555562,41.11486113888889],[29.064583333333335,41.115138888888886],[29.065138861111112,41.11513891666667],[29.065138888888892,41.115972222222226],[29.06569441666667,41.11597225],[29.065694444444446,41.116527777777776],[29.06680552777778,41.116527805555556],[29.066805555555558,41.11708333333333],[29.06708330555556,41.11708336111111],[29.067083333333336,41.11736111111111],[29.067638861111114,41.11736113888889],[29.067638888888894,41.11763888888889],[29.068472194444443,41.11763891666667],[29.068472222222226,41.117916666666666],[29.069027750000004,41.117916694444446],[29.069027777777777,41.11819444444445],[29.06958330555556,41.11819447222222],[29.069583333333334,41.11847222222222],[29.069861083333333,41.11847225],[29.069861111111116,41.11875],[29.07013886111111,41.11875002777778],[29.070138888888895,41.119305555555556],[29.07041663888889,41.11930558333333],[29.070416666666667,41.119861111111106],[29.070694416666672,41.11986113888889],[29.070694444444445,41.12041666666667],[29.070972194444444,41.12041669444445],[29.070972222222224,41.12097222222223],[29.071249972222223,41.12097225],[29.071250000000003,41.121249999999996],[29.07152775,41.12125002777778],[29.071527777777778,41.12152777777778],[29.07180552777778,41.12152780555556],[29.071805555555557,41.121805555555554],[29.07208330555556,41.121805583333334],[29.072083333333335,41.122083333333336],[29.072361083333334,41.12208336111111],[29.072361083333334,41.124861083333336],[29.071805555555557,41.124861111111116],[29.07180552777778,41.12513886111111],[29.071527777777778,41.12513888888889],[29.07152775,41.125972194444444],[29.071250000000003,41.125972222222224],[29.071249972222223,41.12652775],[29.070972222222224,41.126527777777774],[29.070972194444444,41.12708330555555],[29.070694444444445,41.12708333333334],[29.070694416666672,41.127638861111116],[29.070416666666667,41.12763888888889],[29.07041663888889,41.12791663888889],[29.070138888888895,41.127916666666664],[29.07013886111111,41.128194416666666],[29.069027777777777,41.128194444444446],[29.069027750000004,41.12847219444444],[29.068750027777778,41.12847219444444],[29.068750000000005,41.128194444444446],[29.068194444444448,41.128194444444446],[29.06819441666667,41.12847219444444],[29.067916666666665,41.12847222222223],[29.067916638888892,41.128749972222224],[29.067083333333336,41.12875],[29.06708330555556,41.12902775],[29.066805555555558,41.12902777777778],[29.06680552777778,41.12930552777778],[29.066250000000004,41.129305555555554],[29.066249972222224,41.129583305555556],[29.065972222222225,41.129583333333336],[29.065972194444445,41.12986108333333],[29.065416666666668,41.12986111111111],[29.06541663888889,41.130138861111114],[29.065138888888892,41.13013888888889],[29.065138861111112,41.13041663888889],[29.064583333333335,41.13041666666667],[29.064583333333335,41.130972222222226],[29.064861083333334,41.13097225],[29.064861083333334,41.13124997222222],[29.064583333333335,41.13125],[29.064583305555562,41.131527750000004],[29.064305555555556,41.13152777777778],[29.06430552777778,41.132083305555554],[29.063750000000006,41.132083333333334],[29.063749972222222,41.13263886111111],[29.063472222222224,41.132638888888884],[29.063472194444444,41.132916638888894],[29.063194444444445,41.13291666666667],[29.063194416666672,41.133472194444444],[29.062638888888895,41.133472222222224],[29.06263886111111,41.13402775],[29.062361111111116,41.134027777777774],[29.062361083333332,41.13458330555555],[29.062083333333337,41.13458333333334],[29.06208330555556,41.13513886111111],[29.061805555555555,41.13513888888889],[29.061805527777782,41.13541663888889],[29.061527777777776,41.135416666666664],[29.061527750000003,41.13597219444444],[29.061250000000005,41.13597222222222],[29.061249972222225,41.136249972222224],[29.060138888888886,41.136250000000004],[29.060138861111113,41.13652775],[29.059583333333336,41.13652777777778],[29.059583305555556,41.13680552777778],[29.058750000000003,41.136805555555554],[29.058749972222223,41.13736108333333],[29.057916666666667,41.13736111111111],[29.05791663888889,41.13791663888889],[29.05763888888889,41.13791666666667],[29.05763888888889,41.13902777777778],[29.058194416666673,41.13902780555556],[29.058194444444446,41.139583333333334],[29.058472194444445,41.13958336111111],[29.058472194444445,41.13986108333333],[29.058194444444446,41.13986111111112],[29.058194416666673,41.14013886111111],[29.05763888888889,41.140138888888885],[29.057638861111112,41.140416638888894],[29.057361111111117,41.14041666666667],[29.057361083333333,41.14124997222222],[29.057083333333335,41.14125000000001],[29.057083305555555,41.141805527777784],[29.056805555555556,41.14180555555556],[29.056805527777783,41.14208330555556],[29.056527777777777,41.14208333333333],[29.056527750000004,41.142361083333334],[29.055972222222227,41.142361111111114],[29.055972194444443,41.14291663888889],[29.05569444444445,41.142916666666665],[29.05569441666667,41.14347219444444],[29.055416666666666,41.14347222222222],[29.055416638888893,41.14402775],[29.055138888888887,41.14402777777778],[29.055138861111114,41.14458330555556],[29.054861111111116,41.14458333333334],[29.054861083333336,41.14486108333333],[29.054583333333337,41.14486111111111],[29.054583305555553,41.145138861111114],[29.05430555555556,41.145138888888894],[29.05430552777778,41.14541663888889],[29.05402777777778,41.14541666666667],[29.054027750000003,41.14597219444444],[29.053750000000004,41.14597222222223],[29.053749972222224,41.14624997222222],[29.053472222222226,41.14625],[29.053472194444446,41.146527750000004],[29.053194444444447,41.14652777777778],[29.05319441666667,41.14680552777778],[29.05291666666667,41.14680555555555],[29.05291663888889,41.14708330555556],[29.05263888888889,41.147083333333335],[29.052638861111113,41.14736108333333],[29.051805555555557,41.14736111111112],[29.051805527777784,41.14763886111111],[29.051250000000007,41.14763888888889],[29.051249972222223,41.147916638888894],[29.050416666666667,41.14791666666667],[29.050416638888894,41.14819441666667],[29.049861111111117,41.14819444444444],[29.049861083333333,41.148472194444444],[29.048194444444448,41.148472222222225],[29.048194416666664,41.14874997222222],[29.047361111111115,41.14875],[29.047361083333335,41.14902775],[29.04652777777778,41.149027777777775],[29.046527750000003,41.14930552777778],[29.045972222222225,41.14930555555556],[29.045972194444445,41.14958330555556],[29.045694444444447,41.14958333333333],[29.045694416666667,41.149861083333334],[29.044305555555557,41.149861111111115],[29.044305527777784,41.15013886111111],[29.04375,41.15013888888889],[29.043749972222223,41.15041663888889],[29.043472222222228,41.150416666666665],[29.043472194444444,41.15097219444444],[29.04319444444445,41.15097222222222],[29.043194416666665,41.151249972222224],[29.042916666666667,41.151250000000005],[29.042916638888894,41.15180552777778],[29.042638888888888,41.151805555555555],[29.042638861111115,41.15208330555556],[29.042361111111116,41.15208333333334],[29.042361083333336,41.15236108333333],[29.042083333333338,41.15236111111111],[29.042083305555554,41.152638861111114],[29.04152777777778,41.152638888888895],[29.041527750000004,41.15291663888889],[29.040972222222226,41.15291666666666],[29.040972194444446,41.15319441666667],[29.04041666666667,41.153194444444445],[29.040416638888892,41.15347219444444],[29.039583333333336,41.15347222222223],[29.039583305555556,41.15374997222222],[29.039305555555558,41.15375],[29.039305527777785,41.15402775],[29.038194444444446,41.154027777777785],[29.038194416666666,41.15430552777778],[29.037916666666668,41.15430555555555],[29.037916638888895,41.15458330555556],[29.03763888888889,41.154583333333335],[29.037638861111116,41.15541663888889],[29.03736111111111,41.15541666666667],[29.03736111111111,41.155972222222225],[29.037638861111116,41.15597225],[29.03763888888889,41.15652777777778],[29.037916638888895,41.156527805555555],[29.037916666666668,41.15680555555556],[29.038194416666666,41.15680558333334],[29.038194444444446,41.15708333333333],[29.038472194444445,41.15708336111111],[29.03847222222223,41.157361111111115],[29.039861083333335,41.15736113888889],[29.039861111111115,41.157916666666665],[29.040694416666668,41.157916694444445],[29.040694444444448,41.15847222222222],[29.042361083333336,41.158472249999996],[29.042361111111116,41.158750000000005],[29.043472194444444,41.15875002777778],[29.043472222222228,41.15902777777778],[29.044861083333334,41.15902780555556],[29.044861111111118,41.159305555555555],[29.045138861111113,41.159305583333335],[29.04513888888889,41.15958333333333],[29.04541663888889,41.15958336111112],[29.045416666666668,41.15986111111111],[29.045694416666667,41.159861138888886],[29.045694444444447,41.160138888888895],[29.04680552777778,41.16013891666667],[29.046805555555558,41.160694444444445],[29.047083305555557,41.160694472222225],[29.047083333333337,41.16097222222222],[29.047361083333335,41.16097225],[29.047361111111115,41.161527777777785],[29.047916638888893,41.16152780555556],[29.04791666666667,41.162083333333335],[29.048472194444447,41.162083361111115],[29.048472222222227,41.16236111111111],[29.048749972222225,41.16236113888889],[29.04875,41.16263888888889],[29.049027750000004,41.162638916666666],[29.049027777777777,41.16291666666667],[29.049305527777783,41.16291669444445],[29.04930555555556,41.16319444444444],[29.050138861111115,41.16319447222222],[29.05013888888889,41.163472222222225],[29.050694416666673,41.16347225],[29.050694444444446,41.16375],[29.050972222222224,41.16375],[29.05097225,41.16347225],[29.051805527777784,41.16347225],[29.051805555555557,41.16375],[29.052083305555556,41.16375002777778],[29.052083333333336,41.16402777777778],[29.052361083333334,41.164027805555556],[29.052361111111114,41.16430555555556],[29.05291663888889,41.16430558333334],[29.05291666666667,41.16458333333333],[29.054861083333336,41.16458336111111],[29.054861111111116,41.164861111111115],[29.056805527777783,41.16486113888889],[29.056805555555556,41.16513888888889],[29.057361083333333,41.16513891666667],[29.057361111111117,41.165416666666665],[29.05791663888889,41.165416694444446],[29.057916666666667,41.16569444444444],[29.058194416666673,41.16569447222223],[29.058194444444446,41.166250000000005],[29.058472194444445,41.16625002777778],[29.058472222222225,41.16652777777778],[29.058749972222223,41.16652780555555],[29.058750000000003,41.16708333333333],[29.059027750000002,41.16708336111112],[29.059027750000002,41.16763886111111],[29.058472222222225,41.167638888888895],[29.058472222222225,41.168194444444445],[29.058749972222223,41.168194472222225],[29.058750000000003,41.16847222222222],[29.05930552777778,41.16847225000001],[29.059305555555557,41.169583333333335],[29.059583305555556,41.169583361111115],[29.059583333333336,41.16986111111111],[29.06069441666667,41.16986113888889],[29.060694444444447,41.17041666666667],[29.060972194444446,41.17041669444445],[29.060972222222226,41.17069444444444],[29.061249972222225,41.17069447222222],[29.061250000000005,41.170972222222225],[29.06263886111111,41.170972250000005],[29.062638888888895,41.17125],[29.06430552777778,41.17125002777777],[29.064305555555556,41.17152777777778],[29.064861083333334,41.171527805555556],[29.064861111111114,41.17180555555555],[29.065972194444445,41.17180558333334],[29.065972222222225,41.17208333333333],[29.066805555555558,41.17208333333333],[29.066805583333338,41.17180558333334],[29.067638861111114,41.17180558333334],[29.067638888888894,41.17208333333333],[29.06819441666667,41.17208336111111],[29.068194444444448,41.172361111111115],[29.068472194444443,41.17236113888889],[29.068472222222226,41.17263888888889],[29.069027750000004,41.17263891666666],[29.069027777777777,41.17291666666667],[29.07013886111111,41.172916694444446],[29.070138888888895,41.17347222222222],[29.07041663888889,41.17347225],[29.070416666666667,41.17375],[29.07152775,41.17375002777778],[29.071527777777778,41.17458333333333],[29.072638861111113,41.17458336111111],[29.072638888888893,41.17486111111111],[29.07291663888889,41.174861138888886],[29.072916666666668,41.17513888888889],[29.07319441666667,41.17513891666667],[29.073194444444447,41.175694444444446],[29.07347219444445,41.175694472222226],[29.073472222222225,41.17597222222222],[29.073749972222224,41.17597225],[29.073750000000004,41.17625],[29.074027750000003,41.176250027777776],[29.074027777777783,41.17680555555556],[29.07430552777778,41.17680558333333],[29.074305555555554,41.17763888888889],[29.07458330555556,41.177638916666666],[29.074583333333337,41.17930555555556],[29.07486108333333,41.17930558333334],[29.074861111111115,41.17986111111111],[29.07513886111111,41.179861138888896],[29.075138888888894,41.18097222222222],[29.075416638888893,41.18097225],[29.075416666666666,41.18152777777778],[29.07569441666667,41.181527805555554],[29.075694444444444,41.18208333333333],[29.07597219444445,41.18208336111111],[29.075972222222223,41.18236111111111],[29.07624997222222,41.18236113888889],[29.076250000000005,41.18291666666667],[29.07652775,41.182916694444444],[29.076527777777784,41.18375],[29.07680552777778,41.183750027777776],[29.076805555555556,41.18458333333333],[29.07708330555556,41.184583361111116],[29.077083333333334,41.18486111111111],[29.07763886111111,41.18486113888889],[29.07763888888889,41.18541666666667],[29.07819441666667,41.18541669444444],[29.078194444444446,41.185694444444444],[29.078472194444448,41.185694472222224],[29.078472222222224,41.18597222222222],[29.07902775,41.185972250000006],[29.07902777777778,41.18625],[29.07958330555556,41.186250027777774],[29.079583333333336,41.18652777777778],[29.08041663888889,41.186527805555556],[29.080416666666665,41.18680555555556],[29.08124997222222,41.18680558333333],[29.081250000000004,41.187083333333334],[29.081527750000003,41.187083361111114],[29.081527777777783,41.18763888888889],[29.08180552777778,41.187638916666664],[29.081805555555555,41.187916666666666],[29.08208330555556,41.187916694444446],[29.082083333333333,41.18819444444444],[29.082361083333332,41.18819447222222],[29.082361111111116,41.188472222222224],[29.08263886111111,41.188472250000004],[29.082638888888894,41.18902777777778],[29.08291663888889,41.189027805555554],[29.082916666666666,41.189305555555556],[29.08319441666667,41.189305583333336],[29.083194444444445,41.18958333333333],[29.08347219444445,41.18958336111111],[29.083472222222223,41.189861111111114],[29.083749972222222,41.189861138888894],[29.083750000000002,41.19013888888889],[29.08402775,41.19013891666666],[29.084027777777784,41.190694444444446],[29.08430552777778,41.190694472222226],[29.084305555555556,41.19097222222222],[29.084583305555558,41.19097225],[29.084583333333335,41.191250000000004],[29.08486108333334,41.191250027777784],[29.084861111111113,41.19152777777778],[29.08541663888889,41.19152780555555],[29.08541666666667,41.19180555555556],[29.08569441666667,41.191805583333334],[29.085694444444446,41.19208333333333],[29.085972194444448,41.192083361111116],[29.085972222222225,41.19236111111111],[29.086249972222223,41.19236113888889],[29.086250000000003,41.19347222222222],[29.086527750000002,41.19347225],[29.086527777777782,41.19375],[29.08680552777778,41.19375002777778],[29.086805555555554,41.19430555555556],[29.08708330555556,41.19430558333333],[29.087083333333336,41.194583333333334],[29.087361083333338,41.194583361111114],[29.087361111111115,41.19486111111111],[29.08763886111111,41.19486113888889],[29.087638888888893,41.19513888888889],[29.087916638888892,41.195138916666664],[29.087916666666672,41.19569444444445],[29.08819441666667,41.19569447222222],[29.088194444444444,41.195972222222224],[29.08847219444445,41.195972250000004],[29.088472222222222,41.19652777777778],[29.08874997222222,41.196527805555554],[29.088750000000005,41.19680555555556],[29.08902775,41.19680558333334],[29.089027777777783,41.197361111111114],[29.08930552777778,41.197361138888894],[29.089305555555555,41.19763888888889],[29.08958330555556,41.19763891666666],[29.089583333333334,41.19819444444445],[29.08986108333334,41.19819447222223],[29.089861111111112,41.19847222222222],[29.09013886111111,41.19847225],[29.09013888888889,41.19875],[29.09041663888889,41.198750027777784],[29.090416666666673,41.19930555555556],[29.090972194444447,41.199305583333334],[29.090972222222224,41.19958333333334],[29.091249972222222,41.19958336111111],[29.091249972222222,41.19986108333334],[29.090972222222224,41.19986111111111],[29.090972222222224,41.20013888888889],[29.091249972222222,41.20013891666667],[29.091250000000002,41.20041666666667],[29.09180552777778,41.20041669444444],[29.091805555555556,41.20069444444445],[29.09208330555556,41.200694472222224],[29.092083333333335,41.20097222222222],[29.092361083333337,41.20097225],[29.092361111111114,41.20125],[29.09374997222222,41.20125002777778],[29.093750000000004,41.20152777777778],[29.09541663888889,41.20152780555556],[29.095416666666672,41.20180555555556],[29.09569441666667,41.20180558333333],[29.095694444444444,41.202083333333334],[29.09680552777778,41.202083361111114],[29.096805555555562,41.20236111111111],[29.09763886111111,41.20236113888889],[29.09763888888889,41.20319444444445],[29.09791663888889,41.20319447222222],[29.09791666666667,41.20375],[29.09819441666667,41.20375002777778],[29.098194444444445,41.20402777777778],[29.098472194444447,41.204027805555555],[29.098472222222224,41.20458333333334],[29.098749972222226,41.20458336111111],[29.098750000000003,41.20486111111111],[29.09902775,41.204861138888894],[29.09902777777778,41.20513888888889],[29.09930552777778,41.20513891666667],[29.09930555555556,41.20541666666667],[29.099861083333337,41.205416694444445],[29.099861111111114,41.20569444444445],[29.10041663888889,41.20569447222222],[29.10041666666667,41.20597222222222],[29.101527777777783,41.20597222222222],[29.101527805555556,41.20569447222222],[29.102083333333333,41.20569444444445],[29.102083361111116,41.205416694444445],[29.10236111111111,41.20541666666667],[29.102361138888895,41.20513891666667],[29.103194444444444,41.20513888888889],[29.103194472222224,41.204861138888894],[29.103472194444446,41.204861138888894],[29.103472222222223,41.20513888888889],[29.10402775,41.20513891666667],[29.10402777777778,41.20541666666667],[29.104583305555558,41.205416694444445],[29.104583333333334,41.20569444444445],[29.10541663888889,41.20569447222222],[29.10541666666667,41.20597222222222],[29.10569441666667,41.20597225],[29.105694444444442,41.20652777777778],[29.105972194444448,41.20652780555555],[29.105972222222224,41.20736111111111],[29.106249972222226,41.20736113888889],[29.106250000000003,41.20791666666667],[29.106527749999998,41.20791669444444],[29.10652777777778,41.208194444444445],[29.10708330555556,41.208194472222225],[29.107083333333332,41.20847222222222],[29.107361083333338,41.20847225],[29.10736111111111,41.20875],[29.107916638888888,41.20875002777778],[29.10791666666667,41.20902777777778],[29.108194416666667,41.20902780555556],[29.10819444444445,41.20930555555556],[29.108749972222228,41.20930558333333],[29.10875,41.209583333333335],[29.10902775,41.209583361111115],[29.10902777777778,41.20986111111111],[29.109305527777778,41.20986113888889],[29.10930555555556,41.21013888888889],[29.109583305555557,41.21013891666667],[29.109583333333333,41.21097222222222],[29.109861083333335,41.210972250000005],[29.109861111111112,41.21125],[29.110138861111118,41.21125002777778],[29.11013888888889,41.21152777777778],[29.11041663888889,41.21152780555556],[29.11041666666667,41.21208333333334],[29.110694416666668,41.21208336111111],[29.110694444444448,41.21319444444445],[29.110972194444447,41.21319447222222],[29.110972222222223,41.21347222222223],[29.111249972222225,41.21347225],[29.111249972222225,41.21458330555556],[29.110694444444448,41.21458333333334],[29.110694416666668,41.21486108333333],[29.11041666666667,41.21486111111111],[29.11041663888889,41.215138861111114],[29.11013888888889,41.21513888888889],[29.110138861111118,41.215694416666665],[29.109861111111112,41.215694444444445],[29.109861083333335,41.21597219444445],[29.10875,41.21597222222223],[29.108749972222228,41.21624997222222],[29.108472222222222,41.21625],[29.10847219444445,41.216527750000004],[29.10819444444445,41.21652777777778],[29.108194416666667,41.217083305555555],[29.10791666666667,41.217083333333335],[29.107916638888888,41.21736108333334],[29.107638888888893,41.21736111111111],[29.107638861111116,41.21763886111111],[29.10736111111111,41.217638888888885],[29.107361083333338,41.217916638888894],[29.107083333333332,41.21791666666667],[29.10708330555556,41.21819441666666],[29.10680555555556,41.21819444444445],[29.10680555555556,41.220416666666665],[29.10708330555556,41.220416694444445],[29.107083333333332,41.22097222222222],[29.107361083333338,41.22097225],[29.10736111111111,41.22125],[29.107638861111116,41.22125002777778],[29.107638888888893,41.221805555555555],[29.107916638888888,41.221805583333335],[29.10791666666667,41.22208333333334],[29.10847219444445,41.22208336111111],[29.108472222222222,41.22236111111111],[29.10902775,41.22236113888889],[29.10902777777778,41.22263888888889],[29.109861083333335,41.22263891666667],[29.109861111111112,41.223194444444445],[29.110138861111118,41.223194472222225],[29.110138861111118,41.22347219444445],[29.109861111111112,41.22347222222223],[29.109861111111112,41.225138888888885],[29.110138861111118,41.22513891666667],[29.11013888888889,41.22541666666667],[29.11041663888889,41.22541669444445],[29.11041666666667,41.225972222222225],[29.110972194444447,41.22597225],[29.110972222222223,41.22625],[29.111249972222225,41.22625002777778],[29.111250000000002,41.226527777777775],[29.11152775,41.226527805555556],[29.11152777777778,41.22680555555556],[29.112361083333337,41.22680558333333],[29.112361111111113,41.227361111111115],[29.112638861111115,41.22736113888889],[29.112638888888892,41.22763888888889],[29.11291663888889,41.22763891666667],[29.11291666666667,41.227916666666665],[29.11319441666667,41.227916694444446],[29.11319444444445,41.22819444444445],[29.113472194444448,41.22819447222222],[29.11347222222222,41.22875],[29.113749972222227,41.22875002777778],[29.113750000000003,41.22902777777778],[29.114583333333332,41.22902777777778],[29.114583361111116,41.22875002777778],[29.115694416666667,41.22875002777778],[29.11569444444445,41.22902777777778],[29.115972194444446,41.22902780555556],[29.115972194444446,41.22986108333333],[29.11569444444445,41.22986111111111],[29.115694416666667,41.230138861111115],[29.115416666666672,41.23013888888889],[29.115416638888888,41.23041663888889],[29.11513888888889,41.23041666666667],[29.11513888888889,41.23152777777778],[29.115416638888888,41.23152780555556],[29.115416666666672,41.232083333333335],[29.115694416666667,41.23208336111111],[29.11569444444445,41.232638888888886],[29.115972194444446,41.232638916666666],[29.115972222222222,41.23291666666667],[29.115972222222222,41.23319444444444],[29.116249994444335,41.23319444444444],[29.116249972222228,41.23430552777778],[29.115972222222222,41.23430555555556],[29.115972194444446,41.23458330555555],[29.11513888888889,41.23458333333333],[29.115138861111117,41.234861083333335],[29.11347222222222,41.234861111111115],[29.113472194444448,41.23513886111111],[29.109861111111112,41.23513888888889],[29.109861083333335,41.23541663888889],[29.109583333333333,41.235416666666666],[29.109583333333333,41.23597222222222],[29.109861083333335,41.23597225],[29.109861111111112,41.236250000000005],[29.11041663888889,41.23625002777778],[29.11041666666667,41.23652777777777],[29.110972194444447,41.23652780555556],[29.110972222222223,41.236805555555556],[29.11152775,41.236805583333336],[29.11152777777778,41.23708333333334],[29.11180552777778,41.23708336111111],[29.11180555555556,41.23736111111111],[29.112083305555558,41.237361138888886],[29.112083305555558,41.23791663888889],[29.11180555555556,41.23791666666666],[29.11180552777778,41.23819441666667],[29.109305583333335,41.23819441666667],[29.10930555555556,41.23791666666666],[29.108472250000005,41.23791663888889],[29.108472222222222,41.23763888888889],[29.107638916666666,41.237638861111115],[29.107638888888893,41.23736111111111],[29.107083361111115,41.23736108333333],[29.107083333333332,41.23708333333334],[29.10652777777778,41.23708333333334],[29.106527749999998,41.23736108333333],[29.106250000000003,41.23736111111111],[29.106250000000003,41.23763888888889],[29.106527749999998,41.23763891666667],[29.10652777777778,41.238194444444446],[29.10680552777778,41.23819447222222],[29.10680555555556,41.23847222222223],[29.10708330555556,41.23847225],[29.107083333333332,41.23902777777778],[29.107361083333338,41.23902780555556],[29.107361083333338,41.23930552777778],[29.107083333333332,41.23930555555555],[29.10708330555556,41.239583305555556],[29.105972222222224,41.239583333333336],[29.105972194444448,41.23986108333333],[29.105694444444442,41.23986111111111],[29.10569441666667,41.24013886111111],[29.10513888888889,41.240138888888886],[29.10513886111111,41.24041663888889],[29.104583361111114,41.24041663888889],[29.104583333333334,41.240138888888886],[29.10402777777778,41.240138888888886],[29.10402775,41.24041663888889],[29.103472222222223,41.24041666666667],[29.103472194444446,41.24069441666667],[29.103194444444444,41.24069444444444],[29.103194416666668,41.240972194444446],[29.102916666666673,41.240972222222226],[29.10291663888889,41.24208330555555],[29.100416694444448,41.24208330555555],[29.10041666666667,41.24180555555556],[29.100138916666666,41.24180552777778],[29.100138888888893,41.241527777777776],[29.099861138888894,41.24152775],[29.099861111111114,41.24125],[29.099583361111115,41.24124997222222],[29.099583333333335,41.240972222222226],[29.099305583333337,41.240972194444446],[29.09930555555556,41.24069444444444],[29.09875002777778,41.24069441666667],[29.098750000000003,41.24041666666667],[29.09791666666667,41.24041666666667],[29.09791666666667,41.240972222222226],[29.09819441666667,41.24097225],[29.098194444444445,41.241527777777776],[29.098472194444447,41.241527805555556],[29.098472194444447,41.24263886111111],[29.098194444444445,41.242638888888884],[29.09819441666667,41.24291663888889],[29.09791666666667,41.242916666666666],[29.09791663888889,41.24319441666667],[29.09763888888889,41.24319444444445],[29.09763886111111,41.24347219444444],[29.097361111111113,41.24347222222222],[29.09736108333334,41.24402775],[29.09652777777778,41.244027777777774],[29.09652775,41.24430552777778],[29.09625,41.244305555555556],[29.09624997222223,41.24458330555556],[29.095972222222223,41.24458333333334],[29.09597219444445,41.24486108333333],[29.095416666666672,41.24486111111111],[29.09541663888889,41.24513886111111],[29.095138888888894,41.245138888888896],[29.09513886111111,41.24541663888889],[29.094861138888888,41.24541663888889],[29.09486111111111,41.245138888888896],[29.094583333333333,41.245138888888896],[29.09458330555556,41.24541663888889],[29.093472250000005,41.24541663888889],[29.093472222222225,41.245138888888896],[29.093194472222226,41.24513886111111],[29.093194444444446,41.24486111111111],[29.092916694444448,41.24486108333333],[29.09291666666667,41.244305555555556],[29.09263891666667,41.24430552777778],[29.092638888888892,41.243750000000006],[29.092361138888887,41.243749972222226],[29.092361111111114,41.24347222222222],[29.092083333333335,41.24347222222222],[29.09208330555556,41.243749972222226],[29.091805555555556,41.243750000000006],[29.091805555555556,41.24486111111111],[29.09208330555556,41.244861138888886],[29.09208330555556,41.24624997222222],[29.091805555555556,41.24625],[29.09180552777778,41.24680552777778],[29.09152777777778,41.246805555555554],[29.09152775,41.24708330555556],[29.091250000000002,41.247083333333336],[29.091249972222222,41.24736108333333],[29.090972222222224,41.24736111111111],[29.090972194444447,41.24763886111111],[29.090694444444445,41.24763888888889],[29.09069441666667,41.24791663888889],[29.089027805555556,41.24791663888889],[29.089027777777783,41.24763888888889],[29.088750027777778,41.24763886111111],[29.088750000000005,41.24736111111111],[29.088472250000006,41.24736108333333],[29.088472222222222,41.247083333333336],[29.087638916666666,41.24708330555556],[29.087638888888893,41.246805555555554],[29.087361138888888,41.24680552777778],[29.087361111111115,41.24652777777778],[29.087083333333336,41.24652777777778],[29.08708330555556,41.24680552777778],[29.08625002777778,41.24680552777778],[29.086250000000003,41.24625],[29.085972249999998,41.24624997222222],[29.085972222222225,41.245694444444446],[29.085694472222226,41.24569441666667],[29.085694444444446,41.245416666666664],[29.084861111111113,41.245416666666664],[29.08486108333334,41.24569441666667],[29.084583333333335,41.245694444444446],[29.084583333333335,41.24625],[29.08486108333334,41.246250027777776],[29.084861111111113,41.247083333333336],[29.085138861111112,41.24708336111111],[29.085138861111112,41.24736108333333],[29.084861111111113,41.24736111111111],[29.08486108333334,41.24791663888889],[29.084305555555556,41.24791666666667],[29.08430552777778,41.24819441666667],[29.084027777777784,41.248194444444444],[29.084027777777784,41.249027777777776],[29.08430552777778,41.249027805555556],[29.084305555555556,41.249583333333334],[29.084583305555558,41.24958336111111],[29.084583305555558,41.24986108333333],[29.084305555555556,41.249861111111116],[29.08430552777778,41.25013886111111],[29.08236113888889,41.25013886111111],[29.082361111111116,41.249861111111116],[29.082083361111117,41.24986108333333],[29.082083333333333,41.249583333333334],[29.081805583333338,41.24958330555556],[29.081805555555555,41.24930555555556],[29.081250027777777,41.24930552777778],[29.081250000000004,41.249027777777776],[29.079861111111114,41.249027777777776],[29.079861083333334,41.24930552777778],[29.079583333333336,41.24930555555556],[29.07958330555556,41.24958330555556],[29.079305555555557,41.249583333333334],[29.079305555555557,41.249861111111116],[29.07958330555556,41.24986113888889],[29.079583333333336,41.250416666666666],[29.079861083333334,41.250416694444446],[29.079861111111114,41.25069444444444],[29.08041663888889,41.25069447222223],[29.08041663888889,41.25152775],[29.080138888888893,41.251527777777774],[29.080138861111113,41.25208330555556],[29.079861111111114,41.25208333333333],[29.079861083333334,41.252361083333334],[29.079305555555557,41.252361111111114],[29.07930552777778,41.25291663888889],[29.07902777777778,41.252916666666664],[29.07902775,41.253749972222224],[29.078750000000003,41.253750000000004],[29.078749972222223,41.25402775],[29.078472222222224,41.25402777777778],[29.078472194444448,41.25430552777778],[29.078194444444446,41.254305555555554],[29.07819441666667,41.254583305555556],[29.07736113888889,41.254583305555556],[29.077361111111113,41.254305555555554],[29.077083361111118,41.25430552777778],[29.077083333333334,41.25347222222222],[29.076805583333336,41.25347219444444],[29.076805555555556,41.253194444444446],[29.07625002777778,41.253194416666666],[29.076250000000005,41.252638888888896],[29.07597225,41.25263886111111],[29.075972222222223,41.252361111111114],[29.075694472222228,41.252361083333334],[29.075694444444444,41.250972222222224],[29.07541669444445,41.250972194444444],[29.075416666666666,41.25069444444444],[29.075138916666667,41.25069441666667],[29.075138888888894,41.250416666666666],[29.07486113888889,41.25041663888889],[29.074861111111115,41.25013888888889],[29.07458336111111,41.25013886111111],[29.074583333333337,41.249861111111116],[29.07375002777778,41.24986108333333],[29.073750000000004,41.249583333333334],[29.07347225,41.24958330555556],[29.073472222222225,41.24930555555556],[29.073194472222227,41.24930552777778],[29.073194444444447,41.249027777777776],[29.072916694444448,41.24902775],[29.072916666666668,41.248472222222226],[29.07263891666667,41.248472194444446],[29.072638888888893,41.248194444444444],[29.07236113888889,41.24819441666667],[29.072361111111114,41.24791666666667],[29.071805555555557,41.24791666666667],[29.07180552777778,41.24819441666667],[29.071527777777778,41.248194444444444],[29.07152775,41.24874997222222],[29.071250000000003,41.24875],[29.071250000000003,41.249027777777776],[29.07152775,41.249027805555556],[29.071527777777778,41.25013888888889],[29.07180552777778,41.25013891666667],[29.071805555555557,41.250416666666666],[29.07208330555556,41.250416694444446],[29.072083333333335,41.25069444444444],[29.072361083333334,41.25069447222223],[29.072361083333334,41.25180552777778],[29.072083333333335,41.251805555555556],[29.07208330555556,41.25208330555556],[29.071527777777778,41.25208333333333],[29.07152775,41.252361083333334],[29.070972222222224,41.252361111111114],[29.070972194444444,41.25263886111111],[29.070138916666668,41.25263886111111],[29.070138888888895,41.252361111111114],[29.06986113888889,41.252361083333334],[29.069861111111116,41.25208333333333],[29.068750000000005,41.25208333333333],[29.06874997222222,41.252361083333334],[29.068194444444448,41.252361111111114],[29.06819441666667,41.25263886111111],[29.067916666666665,41.252638888888896],[29.067916638888892,41.253194416666666],[29.067638888888894,41.253194444444446],[29.067638861111114,41.25347219444444],[29.066805583333338,41.25347219444444],[29.066805555555558,41.252916666666664],[29.06652780555556,41.25291663888889],[29.06652777777778,41.252638888888896],[29.06625002777778,41.25263886111111],[29.066250000000004,41.252361111111114],[29.06597225,41.252361083333334],[29.065972222222225,41.251527777777774],[29.065694472222226,41.25152775],[29.065694444444446,41.250972222222224],[29.065416694444448,41.250972194444444],[29.065416666666668,41.25069444444444],[29.063750000000006,41.25069444444444],[29.063749972222222,41.250972194444444],[29.063472222222224,41.250972222222224],[29.063472194444444,41.25152775],[29.062916666666666,41.251527777777774],[29.062916638888893,41.25180552777778],[29.062638888888895,41.251805555555556],[29.06263886111111,41.25208330555556],[29.062361111111116,41.25208333333333],[29.062361083333332,41.253749972222224],[29.062083333333337,41.253750000000004],[29.06208330555556,41.25402775],[29.061805555555555,41.25402777777778],[29.061805527777782,41.25430552777778],[29.061250000000005,41.254305555555554],[29.061249972222225,41.25486108333333],[29.060694444444447,41.25486111111111],[29.06069441666667,41.255138861111114],[29.059583361111113,41.255138861111114],[29.059583333333336,41.25486111111111],[29.058472222222225,41.25486111111111],[29.058472194444445,41.255138861111114],[29.05708336111111,41.255138861111114],[29.057083333333335,41.25486111111111],[29.05569444444445,41.25486111111111],[29.05569441666667,41.255138861111114],[29.054861111111116,41.255138888888894],[29.054861083333336,41.25541663888889],[29.05430555555556,41.25541666666667],[29.05430552777778,41.25569441666667],[29.05402777777778,41.255694444444444],[29.054027750000003,41.255972194444446],[29.053194472222224,41.255972194444446],[29.053194444444447,41.255694444444444],[29.05152777777778,41.255694444444444],[29.05152775,41.255972194444446],[29.050972222222224,41.255972222222226],[29.050972194444444,41.256527750000004],[29.050694444444446,41.25652777777778],[29.050694416666673,41.25680552777778],[29.050416666666667,41.25680555555555],[29.050416638888894,41.25708330555556],[29.04847225,41.25708330555556],[29.048472222222227,41.25680555555555],[29.04791669444445,41.25680552777778],[29.04791666666667,41.25652777777778],[29.04763891666667,41.256527750000004],[29.04763888888889,41.255972222222226],[29.047361138888892,41.255972194444446],[29.047361138888892,41.255694472222224],[29.04763888888889,41.255694444444444],[29.04763888888889,41.25541666666667],[29.047361138888892,41.25541663888889],[29.047361111111115,41.255138888888894],[29.047083361111113,41.255138861111114],[29.047083333333337,41.25486111111111],[29.04625,41.25486111111111],[29.046249972222224,41.255138861111114],[29.04513891666667,41.255138861111114],[29.04513888888889,41.254583333333336],[29.044583361111112,41.254583305555556],[29.044583333333335,41.254305555555554],[29.043472222222228,41.254305555555554],[29.043472194444444,41.254583305555556],[29.042916666666667,41.254583333333336],[29.042916638888894,41.25486108333333],[29.042361111111116,41.25486111111111],[29.042361083333336,41.255138861111114],[29.042083333333338,41.255138888888894],[29.042083305555554,41.25569441666667],[29.04180555555556,41.255694444444444],[29.041805527777782,41.25624997222222],[29.04152777777778,41.25625],[29.041527750000004,41.256527750000004],[29.04125002777778,41.256527750000004],[29.041249999999998,41.25625],[29.040694472222224,41.25624997222222],[29.040694444444448,41.255972222222226],[29.039861111111115,41.255972222222226],[29.039861083333335,41.256527750000004],[29.039583333333336,41.25652777777778],[29.039583305555556,41.25708330555556],[29.039305555555558,41.257083333333334],[29.039305527777785,41.25736108333333],[29.03875,41.257361111111116],[29.038749972222224,41.25763886111111],[29.03736113888889,41.25763886111111],[29.03736111111111,41.257083333333334],[29.03708336111111,41.25708330555556],[29.03708336111111,41.25652780555556],[29.03736111111111,41.25652777777778],[29.03736113888889,41.25625002777778],[29.03763888888889,41.25625],[29.037638916666673,41.255694472222224],[29.037916666666668,41.255694444444444],[29.037916694444444,41.25513891666667],[29.038194444444446,41.255138888888894],[29.038194472222223,41.25486113888889],[29.03847222222223,41.25486111111111],[29.03847222222223,41.252916666666664],[29.038194472222223,41.25291663888889],[29.038194444444446,41.252361111111114],[29.037916694444444,41.252361083333334],[29.037916666666668,41.251805555555556],[29.03736113888889,41.25180552777778],[29.03736111111111,41.251250000000006],[29.03708336111111,41.25124997222222],[29.03708333333334,41.250972222222224],[29.03652780555556,41.250972194444444],[29.036527777777778,41.25069444444444],[29.034861138888893,41.25069441666667],[29.03486111111111,41.250416666666666],[29.034305583333335,41.25041663888889],[29.03430555555556,41.25013888888889],[29.03402780555556,41.25013886111111],[29.03402777777778,41.249861111111116],[29.033472250000003,41.24986108333333],[29.033472250000003,41.24847225],[29.03375,41.248472222222226],[29.03375002777778,41.24791669444445],[29.03402777777778,41.24791666666667],[29.03402777777778,41.24736111111111],[29.03375002777778,41.24736108333333],[29.03375,41.247083333333336],[29.033472250000003,41.24708330555556],[29.033472222222226,41.24652777777778],[29.033194472222224,41.24652775],[29.033194444444447,41.24625],[29.032083361111113,41.24624997222222],[29.032083333333336,41.24597222222222],[29.03125002777778,41.24597219444444],[29.03125,41.245694444444446],[29.030416694444444,41.24569441666667],[29.030416666666667,41.245416666666664],[29.02958336111111,41.24541663888889],[29.02958333333334,41.245138888888896],[29.02180555555556,41.245138888888896],[29.02180552777778,41.24541663888889],[29.016527805555555,41.24541663888889],[29.01652777777778,41.245138888888896],[29.01375,41.245138888888896],[29.013749972222225,41.24541663888889],[29.01180555555556,41.245416666666664],[29.011805527777778,41.24569441666667],[29.01069444444445,41.245694444444446],[29.010694416666666,41.24597219444444],[29.007361138888893,41.24597219444444],[29.007361111111113,41.245694444444446],[29.003194472222226,41.24569441666667],[29.003194444444443,41.245416666666664],[29.002916694444444,41.24541663888889],[29.00291666666667,41.245138888888896],[29.002638916666665,41.24513886111111],[29.002638888888892,41.24486111111111],[29.002083333333335,41.24486111111111],[29.002083333333335,41.245138888888896],[29.002361083333337,41.24513891666667],[29.002361083333337,41.24597219444444],[29.002083333333335,41.24597222222222],[29.00208330555556,41.24652775],[29.00180555555556,41.24652777777778],[29.00180552777778,41.24708330555556],[29.000972222222224,41.247083333333336],[29.000972194444447,41.24736108333333],[29.00003,41.24736110688878]]}},{"type":"Feature","properties":{},"geometry":{"type":"LineString","coordinates":[[28.99997,41.24736110838882],[28.999861111111112,41.24736111111111],[28.997638888888893,41.24736111111111],[28.99763886111111,41.24763886111111],[28.997083333333332,41.24763888888889],[28.99708330555556,41.24791663888889],[28.995416666666664,41.24791666666667],[28.99541663888889,41.24819441666667],[28.994583333333335,41.248194444444444],[28.994583305555558,41.248472194444446],[28.992361111111112,41.248472222222226],[28.992361083333332,41.24874997222222],[28.991527777777776,41.24875],[28.99152775,41.24902775],[28.990694444444443,41.249027777777776],[28.99069441666667,41.24930552777778],[28.988750000000003,41.24930555555556],[28.988749972222223,41.24958330555556],[28.988194444444446,41.249583333333334],[28.98819441666667,41.24986108333333],[28.987916666666667,41.249861111111116],[28.98791663888889,41.25013886111111],[28.987083333333334,41.25013888888889],[28.987083305555558,41.25041663888889],[28.986250000000002,41.250416666666666],[28.98624997222222,41.25069441666667],[28.985416666666666,41.25069444444444],[28.98541663888889,41.250972194444444],[28.984583333333333,41.250972222222224],[28.98458330555556,41.25124997222222],[28.984305555555554,41.251250000000006],[28.98430552777778,41.25152775],[28.984027777777776,41.251527777777774],[28.98402775,41.25180552777778],[28.983472222222225,41.251805555555556],[28.983472194444442,41.25208330555556],[28.982638888888893,41.25208333333333],[28.982638861111113,41.252361083333334],[28.980138888888888,41.252361111111114],[28.98013886111111,41.25263886111111],[28.979861111111113,41.252638888888896],[28.979861083333333,41.25291663888889],[28.979305555555555,41.252916666666664],[28.97930552777778,41.253194416666666],[28.977361138888888,41.253194416666666],[28.977361111111115,41.252916666666664],[28.97625002777778,41.25291663888889],[28.976250000000004,41.252638888888896],[28.97569447222222,41.25263886111111],[28.975694444444446,41.252361111111114],[28.973472222222224,41.252361111111114],[28.973472194444444,41.25263886111111],[28.973194444444445,41.252638888888896],[28.973194416666672,41.25291663888889],[28.972916666666666,41.252916666666664],[28.97291663888889,41.253194416666666],[28.972638888888888,41.253194444444446],[28.97263886111111,41.25347219444444],[28.971805555555555,41.25347222222222],[28.971805527777782,41.253749972222224],[28.96763891666667,41.253749972222224],[28.96763888888889,41.25347222222222],[28.96708336111111,41.25347219444444],[28.967083333333335,41.253194444444446],[28.965972222222224,41.253194444444446],[28.965972194444443,41.25402775],[28.965694444444445,41.25402777777778],[28.965694416666665,41.255972194444446],[28.965416666666666,41.255972222222226],[28.965416638888893,41.256527750000004],[28.965138888888887,41.25652777777778],[28.96513886111111,41.25708330555556],[28.964861111111116,41.257083333333334],[28.964861083333332,41.25763886111111],[28.964583333333337,41.25763888888889],[28.964583305555553,41.25819441666667],[28.964305555555555,41.25819444444444],[28.964305527777782,41.25847219444445],[28.964027777777776,41.258472222222224],[28.964027750000003,41.25874997222222],[28.963749999999997,41.258750000000006],[28.963749972222224,41.25930552777778],[28.963472222222226,41.25930555555556],[28.963472194444442,41.259861083333334],[28.96291666666667,41.259861111111114],[28.962916638888892,41.26013886111111],[28.961805555555557,41.26013888888889],[28.96180552777778,41.26041663888889],[28.959583333333335,41.260416666666664],[28.959583305555554,41.26069441666667],[28.959305555555556,41.26069444444445],[28.959305527777776,41.26097219444445],[28.959027777777777,41.26097222222222],[28.959027750000004,41.261249972222224],[28.958472222222227,41.261250000000004],[28.958472194444443,41.26152775],[28.957916666666666,41.26152777777778],[28.957916638888893,41.26180552777778],[28.957638888888887,41.261805555555554],[28.957638861111114,41.26208330555556],[28.95652777777778,41.26208333333334],[28.956527750000003,41.26236108333333],[28.956249999999997,41.26236111111111],[28.956249972222224,41.262638861111114],[28.955972222222226,41.262638888888894],[28.955972194444445,41.26291663888889],[28.955694444444447,41.26291666666666],[28.955694416666667,41.26319441666667],[28.953194472222222,41.26319441666667],[28.953194444444446,41.26291666666666],[28.952916694444443,41.26291663888889],[28.952916666666667,41.262638888888894],[28.95236111111111,41.262638888888894],[28.952361083333333,41.26291663888889],[28.951249999999998,41.26291666666666],[28.951249972222225,41.26319441666667],[28.950138888888887,41.263194444444444],[28.950138861111114,41.26347219444445],[28.94875002777778,41.26347219444445],[28.94875,41.263194444444444],[28.948472250000002,41.26319441666667],[28.948472222222218,41.26291666666666],[28.943194444444448,41.26291666666666],[28.943194416666667,41.26319441666667],[28.94236111111111,41.263194444444444],[28.942361083333335,41.26347219444445],[28.94152777777778,41.26347222222223],[28.941527750000002,41.26374997222222],[28.940694444444446,41.26375],[28.940694416666666,41.26402775],[28.93986111111111,41.264027777777784],[28.939861083333334,41.26430552777778],[28.939305555555556,41.26430555555555],[28.939305527777776,41.26513886111111],[28.93847222222222,41.26513888888889],[28.938472194444444,41.26541663888889],[28.93819444444445,41.26541666666667],[28.938194416666665,41.26569441666667],[28.93791666666667,41.26569444444444],[28.937916638888886,41.26624997222222],[28.937638888888888,41.26625],[28.937638861111115,41.26652775],[28.93736111111111,41.26652777777778],[28.937361083333336,41.26680552777778],[28.93652777777778,41.26680555555556],[28.936527749999996,41.26708330555556],[28.935694444444447,41.26708333333333],[28.935694416666667,41.267361083333334],[28.934305555555557,41.267361111111114],[28.934305527777777,41.26763886111111],[28.93375,41.26763888888889],[28.933749972222223,41.26791663888889],[28.93319444444445,41.26791666666667],[28.933194416666666,41.26819441666667],[28.93180555555556,41.26819444444445],[28.931805527777776,41.26847219444445],[28.93097222222222,41.26847222222222],[28.930972194444447,41.268749972222224],[28.93041666666667,41.268750000000004],[28.930416638888886,41.26902775],[28.92930555555556,41.26902777777778],[28.929305527777778,41.26930552777778],[28.928194444444447,41.269305555555555],[28.928194416666667,41.26958330555556],[28.92791666666667,41.26958333333334],[28.927916638888888,41.26986108333334],[28.927638916666666,41.26986108333334],[28.92763888888889,41.26958333333334],[28.92736111111111,41.26958333333334],[28.927361083333334,41.26986108333334],[28.926805555555557,41.26986111111111],[28.926805527777777,41.27013886111111],[28.92597222222222,41.270138888888894],[28.925972194444448,41.27041663888889],[28.925138888888892,41.27041666666667],[28.925138861111115,41.27069441666667],[28.92486111111111,41.270694444444445],[28.924861083333337,41.27097219444445],[28.92430555555556,41.27097222222222],[28.92430552777778,41.27124997222222],[28.92402777777778,41.27125],[28.924027749999997,41.27152775],[28.923472222222223,41.271527777777784],[28.923472194444447,41.27180552777778],[28.92291666666667,41.27180555555555],[28.92291663888889,41.27208330555556],[28.920972222222222,41.272083333333335],[28.920972194444445,41.27236108333334],[28.918472250000004,41.27236108333334],[28.91847222222222,41.272083333333335],[28.917361111111113,41.272083333333335],[28.917361083333336,41.27236108333334],[28.91680555555556,41.27236111111111],[28.91680552777778,41.27263886111111],[28.915694472222224,41.27263886111111],[28.915694444444444,41.27236111111111],[28.915416694444446,41.27236108333334],[28.91541666666667,41.272083333333335],[28.914583361111113,41.27208330555556],[28.914583333333333,41.27180555555555],[28.914305583333334,41.27180552777778],[28.91430555555556,41.271527777777784],[28.913472250000005,41.27152775],[28.91347222222222,41.27125],[28.912083361111115,41.27124997222222],[28.91208333333333,41.27097222222222],[28.911527805555554,41.27097219444445],[28.91152777777778,41.270694444444445],[28.90875,41.270694444444445],[28.90874997222222,41.27097219444445],[28.906805583333334,41.27097219444445],[28.906805555555554,41.270694444444445],[28.905694444444443,41.270694444444445],[28.90569441666667,41.27097219444445],[28.89597225,41.27097219444445],[28.895972222222223,41.270694444444445],[28.895416666666666,41.270694444444445],[28.89541663888889,41.27097219444445],[28.894583333333333,41.27097222222222],[28.894583305555557,41.27124997222222],[28.894305555555555,41.27125],[28.894305527777778,41.27152775],[28.89375,41.271527777777784],[28.89374997222222,41.27180552777778],[28.893472222222222,41.27180555555555],[28.89347219444445,41.27208330555556],[28.892916666666665,41.272083333333335],[28.89291663888889,41.27236108333334],[28.892361111111114,41.27236111111111],[28.89236108333333,41.27263886111111],[28.892083333333332,41.27263888888889],[28.89208330555556,41.27291663888889],[28.89152777777778,41.27291666666667],[28.89152775,41.27319441666667],[28.890972222222224,41.27319444444444],[28.89097219444444,41.273472194444444],[28.890416666666663,41.273472222222225],[28.89041663888889,41.27374997222222],[28.889861111111113,41.27375],[28.889861083333333,41.27402775],[28.88875,41.27402777777778],[28.88874997222222,41.27430552777778],[28.888194444444444,41.27430555555556],[28.888194416666668,41.27458330555556],[28.887638888888894,41.27458333333333],[28.88763886111111,41.274861083333334],[28.88736111111111,41.274861111111115],[28.88736108333333,41.27513886111111],[28.886805555555554,41.27513888888889],[28.88680552777778,41.27541663888889],[28.885138888888893,41.27541666666667],[28.885138861111113,41.27569441666667],[28.884027777777774,41.27569444444444],[28.88402775,41.27597219444445],[28.882916694444447,41.27597219444445],[28.882916666666667,41.27569444444444],[28.88236113888889,41.27569441666667],[28.882361111111113,41.27541666666667],[28.881805555555555,41.27541666666667],[28.88180552777778,41.27569441666667],[28.880694444444444,41.27569444444444],[28.88069441666667,41.27597219444445],[28.878750000000004,41.27597222222222],[28.878749972222224,41.27624997222222],[28.877916666666668,41.276250000000005],[28.87791663888889,41.27652775],[28.877638888888885,41.27652777777778],[28.877638861111112,41.27680552777778],[28.877361111111114,41.276805555555555],[28.877361083333334,41.27708330555556],[28.875138888888888,41.27708333333333],[28.87513886111111,41.27736108333334],[28.874583333333334,41.27736111111111],[28.874583305555554,41.27763886111111],[28.874305555555555,41.277638888888895],[28.874305527777782,41.27791663888889],[28.873750000000005,41.27791666666667],[28.87374997222222,41.27874997222223],[28.873472222222226,41.27875],[28.873472194444442,41.27930552777778],[28.873194444444444,41.27930555555555],[28.873194444444444,41.279583333333335],[28.873472194444442,41.279583361111115],[28.873472222222226,41.28069444444444],[28.87374997222222,41.28069447222222],[28.873750000000005,41.28125],[28.87402775,41.28125002777777],[28.874027777777776,41.282361111111115],[28.874305527777782,41.282361138888895],[28.874305527777782,41.28402775],[28.874027777777776,41.28402777777778],[28.87402775,41.284305527777775],[28.87069447222222,41.284305527777775],[28.870694444444446,41.28402777777778],[28.870416694444447,41.28402775],[28.870416666666667,41.28375],[28.87013891666667,41.283749972222225],[28.87013888888889,41.28347222222222],[28.869305583333333,41.28347219444445],[28.869305555555556,41.28319444444444],[28.869027805555557,41.28319441666667],[28.869027777777777,41.28291666666667],[28.86847225,41.28291663888889],[28.868472222222223,41.28263888888889],[28.86819447222222,41.28263886111111],[28.868194444444445,41.282361111111115],[28.86791669444445,41.282361083333335],[28.867916666666666,41.28208333333333],[28.867638916666667,41.28208330555556],[28.867638888888887,41.28180555555556],[28.86708336111111,41.28180552777778],[28.867083333333337,41.28152777777778],[28.86680558333333,41.28152775],[28.866805555555555,41.28125],[28.86652780555556,41.28124997222223],[28.866527777777776,41.280972222222225],[28.86597225,41.280972194444445],[28.865972222222226,41.28069444444444],[28.86541666666667,41.28069444444444],[28.86541663888889,41.280972194444445],[28.864583361111112,41.280972194444445],[28.864583333333336,41.28069444444444],[28.864305555555557,41.28069444444444],[28.86430552777778,41.280972194444445],[28.862361111111113,41.280972222222225],[28.862361083333333,41.28124997222223],[28.861805555555556,41.28125],[28.861805527777783,41.28152775],[28.861527777777777,41.28152777777778],[28.86152775,41.28180552777778],[28.860694444444444,41.28180555555556],[28.860694416666664,41.28208330555556],[28.860416666666666,41.28208333333333],[28.860416638888893,41.282361083333335],[28.860138888888887,41.282361111111115],[28.860138861111114,41.28263886111111],[28.859861111111115,41.28263888888889],[28.859861083333332,41.28291663888889],[28.859305555555558,41.28291666666667],[28.85930552777778,41.28319441666667],[28.857361111111107,41.28319444444444],[28.857361083333334,41.28347219444445],[28.856805555555557,41.28347222222222],[28.85680552777778,41.283749972222225],[28.855694444444445,41.28375],[28.855694416666665,41.28402775],[28.854305555555555,41.28402777777778],[28.854305527777775,41.284305527777775],[28.85291666666667,41.28430555555556],[28.852916638888892,41.28458330555556],[28.85152780555556,41.28458330555556],[28.85152777777778,41.28430555555556],[28.850416666666668,41.28430555555556],[28.85041663888889,41.28458330555556],[28.849583333333335,41.28458333333333],[28.849583305555555,41.28486108333334],[28.846527777777776,41.28486111111111],[28.846527750000003,41.28513886111111],[28.846249999999998,41.28513888888889],[28.846249972222225,41.28541663888889],[28.845972222222226,41.28541666666667],[28.845972194444446,41.285694416666665],[28.84513888888889,41.285694444444445],[28.845138861111113,41.28597219444445],[28.84347222222222,41.28597222222222],[28.843472194444445,41.28624997222222],[28.841805555555556,41.28625],[28.841805527777776,41.28652775],[28.84097222222222,41.28652777777778],[28.840972194444443,41.28680552777778],[28.83875,41.28680555555556],[28.838749972222224,41.287083305555555],[28.83847222222222,41.287083333333335],[28.838472194444446,41.28736108333334],[28.83791666666667,41.28736111111111],[28.83791663888889,41.28763886111111],[28.83763888888889,41.28763888888889],[28.837638861111113,41.28791663888889],[28.83736111111111,41.28791666666667],[28.837361083333334,41.28819441666667],[28.837083333333336,41.28819444444444],[28.837083305555556,41.288472194444445],[28.836805555555557,41.288472222222225],[28.836805527777777,41.28874997222223],[28.83652777777778,41.28875],[28.836527750000005,41.289027749999995],[28.83625,41.28902777777778],[28.836249972222223,41.28930552777778],[28.83597222222222,41.28930555555556],[28.835972194444444,41.28958330555556],[28.835416666666667,41.28958333333333],[28.835416638888887,41.289861083333335],[28.83513888888889,41.28986111111111],[28.835138861111115,41.290416638888885],[28.83486111111111,41.29041666666667],[28.834861083333337,41.291249972222225],[28.83430555555556,41.29125],[28.834305527777776,41.291805527777775],[28.83375,41.29180555555556],[28.833749972222225,41.29208330555556],[28.83291666666667,41.29208333333333],[28.832916638888886,41.29236108333333],[28.831805555555558,41.29236111111111],[28.831805527777778,41.29291663888889],[28.83152777777778,41.29291666666667],[28.83152775,41.293194416666665],[28.830972222222222,41.293194444444445],[28.830972194444445,41.29374997222222],[28.830694444444447,41.29375],[28.830694416666667,41.29402775],[28.830416666666668,41.29402777777778],[28.830416638888888,41.29486108333334],[28.83013888888889,41.29486111111111],[28.830138861111113,41.29569441666667],[28.82986111111111,41.29569444444445],[28.829861083333334,41.29708330555555],[28.829583333333332,41.29708333333333],[28.829583305555555,41.297361083333335],[28.829305555555557,41.29736111111111],[28.829305527777777,41.29763886111112],[28.829027777777778,41.29763888888889],[28.829027749999998,41.297916638888886],[28.82847225,41.297916638888886],[28.82847222222222,41.29763888888889],[28.828194472222222,41.29763886111112],[28.82819444444445,41.29736111111111],[28.827916694444443,41.297361083333335],[28.82791666666667,41.29708333333333],[28.827638916666665,41.29708330555555],[28.827638888888888,41.29680555555556],[28.827083361111114,41.29680552777778],[28.82708333333333,41.29652777777778],[28.826805583333332,41.296527749999996],[28.82680555555556,41.29625],[28.826527805555553,41.29624997222223],[28.82652777777778,41.29569444444445],[28.826250027777782,41.29569441666667],[28.82625,41.29486111111111],[28.825972250000003,41.29486108333334],[28.82597222222222,41.29375],[28.825694472222224,41.29374997222222],[28.825694444444448,41.29347222222222],[28.82513888888889,41.29347222222222],[28.825138861111114,41.29374997222222],[28.824583333333333,41.29375],[28.824583305555556,41.29402775],[28.82402777777778,41.29402777777778],[28.82402775,41.29430552777778],[28.82347222222222,41.29430555555556],[28.823472194444445,41.294583305555555],[28.82319444444445,41.29458333333333],[28.823194416666666,41.29486108333334],[28.82263888888889,41.29486111111111],[28.82263886111111,41.29513886111111],[28.82208333333333,41.29513888888889],[28.822083305555555,41.29541663888889],[28.82180555555556,41.29541666666667],[28.821805527777776,41.29569441666667],[28.82152777777778,41.29569444444445],[28.821527749999998,41.295972194444445],[28.82125,41.29597222222222],[28.821249972222226,41.29624997222223],[28.82097222222222,41.29625],[28.820972194444447,41.29680552777778],[28.82069444444444,41.29680555555556],[28.82069444444444,41.29819444444445],[28.820972194444447,41.29819447222222],[28.82097222222222,41.29847222222222],[28.821249972222226,41.29847225],[28.82125,41.29875],[28.821527749999998,41.29875002777778],[28.82152777777778,41.29902777777778],[28.821805527777776,41.29902780555555],[28.821805527777776,41.299305527777776],[28.82152777777778,41.299305555555556],[28.821527749999998,41.29958330555556],[28.82041666666667,41.29958333333333],[28.820416638888886,41.29986108333333],[28.81930555555556,41.29986111111111],[28.81930554166528,41.3]]}},{"type":"Feature","properties":{},"geometry":{"type":"LineString","coordinates":[[29.35,41.21291664880927],[29.349305583333333,41.21291663888889],[29.349305555555556,41.21263888888889],[29.347916694444443,41.21263886111112],[29.34791666666667,41.21236111111111],[29.34652777777778,41.21236111111111],[29.346527750000003,41.21263886111112],[29.345972222222226,41.21263888888889],[29.345972194444446,41.21319441666667],[29.345694444444447,41.21319444444445],[29.345694416666667,41.214305527777775],[29.34513888888889,41.214305555555555],[29.345138861111113,41.21458330555556],[29.34486113888889,41.21458330555556],[29.34486111111111,41.214305555555555],[29.344583361111113,41.214305527777775],[29.344583333333336,41.21402777777778],[29.34347222222223,41.21402777777778],[29.343472194444445,41.214305527777775],[29.342916666666667,41.214305555555555],[29.342916638888894,41.21458330555556],[29.34208333333334,41.21458333333334],[29.342083305555555,41.21486108333333],[29.34041666666667,41.21486111111111],[29.340416638888893,41.215138861111114],[29.338472250000002,41.215138861111114],[29.338472222222226,41.21486111111111],[29.33791666666667,41.21486111111111],[29.337916638888895,41.215138861111114],[29.33763891666667,41.215138861111114],[29.33763888888889,41.21486111111111],[29.33736111111111,41.21486111111111],[29.337361083333334,41.215138861111114],[29.335972222222228,41.21513888888889],[29.335972194444444,41.21541663888889],[29.33541666666667,41.21541666666667],[29.335416638888894,41.215694416666665],[29.33513888888889,41.215694444444445],[29.335138861111115,41.21597219444445],[29.334583333333338,41.21597222222223],[29.334583305555558,41.21624997222222],[29.333750000000002,41.21625],[29.333749972222225,41.216527750000004],[29.33291666666667,41.21652777777778],[29.332916638888893,41.21680552777777],[29.332361138888892,41.21680552777777],[29.332361111111112,41.21652777777778],[29.331805555555558,41.21652777777778],[29.331805527777778,41.21680552777777],[29.330694472222223,41.21680552777777],[29.33069444444445,41.21652777777778],[29.32986111111111,41.21652777777778],[29.329861083333338,41.21680552777777],[29.328750027777783,41.21680552777777],[29.32875,41.21652777777778],[29.32791666666667,41.21652777777778],[29.327916638888887,41.21680552777777],[29.32763888888889,41.21680555555556],[29.327638861111115,41.217083305555555],[29.32152777777778,41.217083333333335],[29.321527749999998,41.21736108333334],[29.31875002777778,41.21736108333334],[29.31875,41.217083333333335],[29.31819444444445,41.217083333333335],[29.318194416666667,41.21763886111111],[29.31791666666667,41.217638888888885],[29.31791663888889,41.21819441666666],[29.31763888888889,41.21819444444445],[29.317638861111117,41.218472194444445],[29.31736111111111,41.218472222222225],[29.31736108333334,41.21874997222223],[29.31680555555556,41.21875],[29.316805527777777,41.21902775],[29.31569444444445,41.219027777777775],[29.31569441666667,41.21930552777778],[29.313750000000002,41.21930555555556],[29.313749972222226,41.21958330555555],[29.31291666666667,41.21958333333334],[29.31291663888889,41.219861083333335],[29.312083333333334,41.21986111111111],[29.312083305555557,41.22013886111111],[29.31180555555556,41.22013888888889],[29.31180552777778,41.22041663888889],[29.31152777777778,41.220416666666665],[29.31152775,41.22069441666667],[29.310972222222222,41.22069444444445],[29.310972194444446,41.22097219444444],[29.309861138888895,41.22097219444444],[29.30986111111111,41.22069444444445],[29.309305583333334,41.22069441666667],[29.30930555555556,41.220416666666665],[29.308194444444442,41.220416666666665],[29.30819441666667,41.22069441666667],[29.304861111111112,41.22069444444445],[29.30486108333334,41.22097219444444],[29.304583333333333,41.22097222222222],[29.304583305555557,41.221249972222225],[29.302916694444445,41.221249972222225],[29.302916666666672,41.22097222222222],[29.30180555555556,41.22097222222222],[29.30180552777778,41.221249972222225],[29.301250000000003,41.22125],[29.301249972222227,41.22152775],[29.300972222222224,41.22152777777778],[29.300972194444448,41.22180552777778],[29.299027805555557,41.22180552777778],[29.29902777777778,41.22152777777778],[29.298194444444444,41.22152777777778],[29.298194416666668,41.22180552777778],[29.297916666666673,41.221805555555555],[29.29791663888889,41.22208330555556],[29.297638888888894,41.22208333333334],[29.29763886111111,41.22236108333333],[29.297083361111117,41.22236108333333],[29.297083333333333,41.22208333333334],[29.296805583333335,41.22208330555556],[29.296805555555554,41.221805555555555],[29.296527805555556,41.22180552777778],[29.296527777777783,41.22152777777778],[29.294583333333335,41.22152777777778],[29.29458330555556,41.22180552777778],[29.294305583333337,41.22180552777778],[29.294305555555557,41.22152777777778],[29.29291666666667,41.22152777777778],[29.29291663888889,41.22180552777778],[29.292361111111113,41.221805555555555],[29.29236108333334,41.22208330555556],[29.29125,41.22208333333334],[29.29124997222222,41.22236108333333],[29.290138888888894,41.22236111111111],[29.29013886111111,41.222638861111115],[29.289305555555554,41.22263888888889],[29.28930552777778,41.22291663888889],[29.288750000000004,41.22291666666667],[29.28874997222222,41.223194416666665],[29.287638888888893,41.223194444444445],[29.287638861111112,41.22347219444445],[29.287083333333335,41.22347222222223],[29.28708330555556,41.22374997222222],[29.28652777777778,41.223749999999995],[29.28652775,41.224027750000005],[29.285138888888895,41.22402777777778],[29.28513886111111,41.22430552777778],[29.284305555555555,41.22430555555556],[29.284305527777782,41.224583305555555],[29.284027805555557,41.224583305555555],[29.284027777777784,41.22430555555556],[29.283750000000005,41.22430555555556],[29.28374997222222,41.224583305555555],[29.282916666666665,41.224583333333335],[29.282916638888892,41.22486108333334],[29.282638888888894,41.22486111111112],[29.282638861111113,41.22513886111111],[29.282361111111115,41.225138888888885],[29.28236108333333,41.225416638888895],[29.282083333333336,41.22541666666667],[29.28208330555556,41.22569441666666],[29.281805555555557,41.22569444444445],[29.28180552777778,41.225972194444445],[29.281250000000004,41.225972222222225],[29.281249972222223,41.22624997222222],[29.280416666666667,41.22625],[29.28041663888889,41.22652775],[29.279583333333335,41.226527777777775],[29.27958330555556,41.226805527777785],[29.279305555555556,41.22680555555556],[29.27930552777778,41.22708330555555],[29.278750000000002,41.22708333333333],[29.278749972222222,41.227361083333335],[29.278472222222224,41.227361111111115],[29.27847219444445,41.22763886111111],[29.278194444444445,41.22763888888889],[29.278194416666672,41.22791663888889],[29.27652780555556,41.22791663888889],[29.276527777777776,41.22763888888889],[29.275972222222226,41.22763888888889],[29.275972194444442,41.22791663888889],[29.27402780555556,41.22791663888889],[29.27402777777778,41.22763888888889],[29.273194444444446,41.22763888888889],[29.27319441666667,41.22791663888889],[29.272361111111113,41.227916666666665],[29.272361083333333,41.22819441666667],[29.271805555555556,41.22819444444445],[29.271805527777783,41.228749972222225],[29.271527777777777,41.22875],[29.27152775,41.22930552777778],[29.271250000000006,41.229305555555555],[29.271249972222222,41.22958330555556],[29.269305583333338,41.22958330555556],[29.269305555555558,41.229305555555555],[29.26902780555556,41.22930552777778],[29.269027777777776,41.22902777777778],[29.26875002777778,41.22902775],[29.268750000000004,41.22875],[29.268194444444447,41.22875],[29.26819441666667,41.22902775],[29.267916666666668,41.22902777777778],[29.26791663888889,41.22958330555556],[29.267638888888893,41.22958333333334],[29.267638861111113,41.230138861111115],[29.267083333333336,41.23013888888889],[29.26708330555556,41.23041663888889],[29.265972222222224,41.23041666666667],[29.265972194444444,41.230694416666665],[29.265416666666667,41.230694444444445],[29.265416638888894,41.23097219444444],[29.265138888888888,41.23097222222223],[29.26513886111111,41.23124997222222],[29.26375002777778,41.23124997222222],[29.263750000000005,41.23097222222223],[29.262361138888892,41.23097219444444],[29.262361111111115,41.230694444444445],[29.26208336111111,41.230694416666665],[29.262083333333337,41.23041666666667],[29.259861111111114,41.23041666666667],[29.259861083333334,41.230694416666665],[29.25847225,41.230694416666665],[29.258472222222228,41.23013888888889],[29.258194472222222,41.230138861111115],[29.258194444444445,41.22986111111111],[29.257638888888888,41.22986111111111],[29.257638861111115,41.230138861111115],[29.257361111111116,41.23013888888889],[29.257361083333333,41.231527750000005],[29.257083333333338,41.23152777777778],[29.257083333333338,41.23180555555555],[29.257361083333333,41.23180558333333],[29.257361111111116,41.23291666666667],[29.257638861111115,41.23291669444445],[29.257638861111115,41.23374997222222],[29.257361111111116,41.23375],[29.257361083333333,41.23458330555555],[29.257083333333338,41.23458333333333],[29.257083305555554,41.234861083333335],[29.25680555555556,41.234861111111115],[29.256805527777782,41.23513886111111],[29.256527777777777,41.23513888888889],[29.256527750000004,41.23541663888889],[29.25625002777778,41.23541663888889],[29.256250000000005,41.23513888888889],[29.25569447222222,41.23513886111111],[29.255694444444448,41.234027777777776],[29.254305555555558,41.234027777777776],[29.25430552777778,41.23430552777778],[29.25208336111111,41.23430552777778],[29.25208333333334,41.234027777777776],[29.25152780555556,41.23402775],[29.251527777777778,41.23375],[29.25097225,41.23374997222222],[29.250972222222227,41.23319444444444],[29.249861138888892,41.23319441666667],[29.249861111111116,41.232638888888886],[29.24930558333333,41.23263886111111],[29.24930555555556,41.23236111111112],[29.24791669444445,41.23236108333333],[29.24791666666667,41.232083333333335],[29.247083361111113,41.232083305555555],[29.247083333333336,41.23180555555555],[29.246805555555557,41.23180555555555],[29.246805527777784,41.232083305555555],[29.24625002777778,41.232083305555555],[29.24625,41.23180555555555],[29.245694472222223,41.23180552777778],[29.245694444444446,41.23152777777778],[29.245416694444444,41.231527750000005],[29.245416666666667,41.230694444444445],[29.245138916666672,41.230694416666665],[29.24513888888889,41.23041666666667],[29.24458336111111,41.23041663888889],[29.24458333333334,41.23013888888889],[29.244305583333333,41.230138861111115],[29.24430555555556,41.22958333333334],[29.24402780555556,41.22958330555556],[29.244027777777777,41.229305555555555],[29.243750027777782,41.22930552777778],[29.24375,41.22902777777778],[29.243472250000003,41.22902775],[29.243472222222227,41.22875],[29.24319447222222,41.228749972222225],[29.24319444444445,41.22847222222222],[29.242916694444443,41.22847219444444],[29.24291666666667,41.22819444444445],[29.242361138888892,41.22819441666667],[29.24236111111111,41.227916666666665],[29.241805583333335,41.22791663888889],[29.24180555555556,41.22763888888889],[29.24152777777778,41.22763888888889],[29.241527750000003,41.22791663888889],[29.240694444444447,41.227916666666665],[29.240694416666667,41.22819441666667],[29.23958333333334,41.22819444444445],[29.239583305555556,41.22847219444444],[29.239305555555557,41.22847222222222],[29.239305527777777,41.228749972222225],[29.23875,41.22875],[29.238749972222227,41.22902775],[29.238472222222228,41.22902777777778],[29.238472194444444,41.22930552777778],[29.23819444444445,41.229305555555555],[29.238194416666666,41.22958330555556],[29.23763888888889,41.22958333333334],[29.237638861111115,41.22986108333333],[29.234583333333337,41.22986111111111],[29.234583305555557,41.230138861111115],[29.233194472222223,41.230138861111115],[29.233194444444447,41.229305555555555],[29.232916694444445,41.22930552777778],[29.232916666666668,41.22902777777778],[29.230694472222222,41.22902775],[29.23069444444445,41.22875],[29.22736113888889,41.228749972222225],[29.22736111111111,41.22847222222222],[29.22708333333334,41.22847222222222],[29.227083305555556,41.228749972222225],[29.22625,41.22875],[29.226249972222227,41.22902775],[29.22597222222222,41.22902777777778],[29.225972194444445,41.22930552777778],[29.22541666666667,41.229305555555555],[29.225416638888888,41.22958330555556],[29.22513888888889,41.22958333333334],[29.225138861111116,41.22986108333333],[29.22486111111111,41.22986111111111],[29.224861083333337,41.230138861111115],[29.22430555555556,41.23013888888889],[29.224305527777776,41.23041663888889],[29.223472250000004,41.23041663888889],[29.22347222222222,41.23013888888889],[29.223194472222225,41.230138861111115],[29.22319444444445,41.22986111111111],[29.222361138888893,41.22986108333333],[29.222361111111113,41.22958333333334],[29.221805583333335,41.22958330555556],[29.22180555555556,41.229305555555555],[29.219583333333333,41.229305555555555],[29.219583305555556,41.22958330555556],[29.21930555555556,41.22958333333334],[29.219305527777777,41.23041663888889],[29.21902777777778,41.23041666666667],[29.21902775,41.230694416666665],[29.21875,41.230694444444445],[29.218749972222227,41.23097219444444],[29.217361111111114,41.23097222222223],[29.217361083333337,41.23124997222222],[29.214861138888892,41.23124997222222],[29.214861111111112,41.23097222222223],[29.214583361111114,41.23097219444444],[29.214583333333334,41.230694444444445],[29.214305583333335,41.230694416666665],[29.21430555555556,41.23041666666667],[29.213750027777785,41.23041663888889],[29.213750027777785,41.22986113888889],[29.21402777777778,41.22986111111111],[29.214027805555556,41.22930558333333],[29.21430555555556,41.229305555555555],[29.214305583333335,41.22875002777778],[29.214583333333334,41.22875],[29.214583361111114,41.22847225],[29.214861111111112,41.22847222222222],[29.214861138888892,41.227916694444446],[29.21513888888889,41.227916666666665],[29.215138916666668,41.22708336111111],[29.21569444444445,41.22708333333333],[29.215694472222225,41.22680558333333],[29.216250000000002,41.22680555555556],[29.216250027777782,41.22625002777778],[29.21652777777778,41.22625],[29.216527805555554,41.22569447222222],[29.21680555555556,41.22569444444445],[29.216805583333336,41.22541669444445],[29.21708333333333,41.22541666666667],[29.21708333333333,41.224583333333335],[29.216527805555554,41.224583305555555],[29.21652777777778,41.22430555555556],[29.216250027777782,41.22430552777778],[29.216250000000002,41.223749999999995],[29.215972250000004,41.22374997222222],[29.215972222222224,41.22347222222223],[29.215694472222225,41.22347219444445],[29.21569444444445,41.223194444444445],[29.215416694444446,41.223194416666665],[29.21541666666667,41.22263888888889],[29.215138916666668,41.222638861111115],[29.21513888888889,41.22236111111111],[29.214583361111114,41.22236108333333],[29.214583333333334,41.22208333333334],[29.214305583333335,41.22208330555556],[29.21430555555556,41.221805555555555],[29.214027805555556,41.22180552777778],[29.21402777777778,41.22152777777778],[29.213750027777785,41.22152775],[29.21375,41.22125],[29.213472250000002,41.221249972222225],[29.213472222222222,41.22097222222222],[29.212916694444445,41.22097219444444],[29.212916666666672,41.22069444444445],[29.212361138888895,41.22069441666667],[29.21236111111111,41.220416666666665],[29.211805583333334,41.22041663888889],[29.21180555555556,41.22013888888889],[29.211250000000003,41.22013888888889],[29.211249972222227,41.22041663888889],[29.21069444444445,41.220416666666665],[29.21069441666667,41.22069441666667],[29.20930555555556,41.22069444444445],[29.20930552777778,41.22097219444444],[29.208750000000002,41.22097222222222],[29.208749972222225,41.221249972222225],[29.20680555555556,41.22125],[29.206805527777778,41.22152775],[29.202361111111113,41.22152777777778],[29.202361083333336,41.22180552777778],[29.20180555555556,41.221805555555555],[29.20180552777778,41.222638861111115],[29.20152777777778,41.22263888888889],[29.20152775,41.22347219444445],[29.20125,41.22347222222223],[29.20124997222223,41.22374997222222],[29.200416666666673,41.223749999999995],[29.20041663888889,41.224027750000005],[29.199305583333334,41.224027750000005],[29.199305583333334,41.22375002777778],[29.199583333333333,41.223749999999995],[29.199583361111117,41.223194472222225],[29.19986111111111,41.223194444444445],[29.19986113888889,41.22291669444444],[29.20013888888889,41.22291666666667],[29.20013888888889,41.22208333333334],[29.19986113888889,41.22208330555556],[29.19986111111111,41.22097222222222],[29.199583361111117,41.22097219444444],[29.199583333333333,41.22069444444445],[29.198750027777777,41.22069441666667],[29.198750000000004,41.220416666666665],[29.193472250000006,41.22041663888889],[29.193472222222223,41.22013888888889],[29.193194472222228,41.22013886111111],[29.193194444444444,41.21986111111111],[29.18902777777778,41.21986111111111],[29.18902775,41.22013886111111],[29.188194444444445,41.22013888888889],[29.18819441666667,41.22041663888889],[29.187361111111112,41.220416666666665],[29.18736108333334,41.22069441666667],[29.187083361111117,41.22069441666667],[29.187083333333334,41.220416666666665],[29.185694444444444,41.220416666666665],[29.18569441666667,41.22069441666667],[29.184583333333336,41.22069444444445],[29.18458330555556,41.22097219444444],[29.184305555555554,41.22097222222222],[29.18430552777778,41.221249972222225],[29.183472222222225,41.22125],[29.183472194444448,41.22152775],[29.182916666666667,41.22152777777778],[29.18291663888889,41.22180552777778],[29.181805555555556,41.221805555555555],[29.18180552777778,41.22208330555556],[29.179305555555555,41.22208333333334],[29.17930552777778,41.22236108333333],[29.177638888888893,41.22236111111111],[29.177638861111113,41.222638861111115],[29.17708336111111,41.222638861111115],[29.177083333333336,41.22236111111111],[29.175416666666667,41.22236111111111],[29.17541663888889,41.222638861111115],[29.174861111111113,41.22263888888889],[29.174861083333333,41.22291663888889],[29.174027777777777,41.22291666666667],[29.17402775,41.223194416666665],[29.173750000000005,41.223194444444445],[29.17374997222222,41.22347219444445],[29.173472222222227,41.22347222222223],[29.173472194444443,41.22374997222222],[29.173194444444444,41.223749999999995],[29.17319441666667,41.224027750000005],[29.172916666666666,41.22402777777778],[29.172916638888893,41.22430552777778],[29.170694444444447,41.22430555555556],[29.17069441666667,41.224583305555555],[29.170138888888893,41.224583333333335],[29.170138861111113,41.22486108333334],[29.16847225,41.22486108333334],[29.168472222222224,41.224583333333335],[29.167916694444447,41.224583305555555],[29.167916666666667,41.22430555555556],[29.165972222222226,41.22430555555556],[29.165972194444443,41.224583305555555],[29.16541669444445,41.224583305555555],[29.165416666666665,41.22430555555556],[29.16486113888889,41.22430552777778],[29.164861111111115,41.22402777777778],[29.16458336111111,41.224027750000005],[29.164583333333336,41.22347222222223],[29.164305583333338,41.22347219444445],[29.164305555555558,41.22291666666667],[29.16402780555556,41.22291663888889],[29.16402777777778,41.22263888888889],[29.16375002777778,41.222638861111115],[29.163750000000004,41.22236111111111],[29.16347225,41.22236108333333],[29.163472222222225,41.220416666666665],[29.162916694444448,41.22041663888889],[29.162916666666668,41.22013888888889],[29.16263891666667,41.22013886111111],[29.16263888888889,41.21986111111111],[29.16236113888889,41.219861083333335],[29.162361111111114,41.21791666666667],[29.16208336111111,41.217916638888894],[29.162083333333335,41.217638888888885],[29.16180558333334,41.21763886111111],[29.161805555555556,41.21736111111111],[29.160694444444445,41.21736111111111],[29.160694416666672,41.21763886111111],[29.160416666666666,41.217638888888885],[29.160416638888893,41.217916638888894],[29.15930555555556,41.21791666666667],[29.159305527777782,41.21819441666666],[29.158194444444447,41.21819444444445],[29.15819441666667,41.218472194444445],[29.15791666666667,41.218472222222225],[29.157916638888892,41.21874997222223],[29.157083333333336,41.21875],[29.157083305555556,41.21902775],[29.155416666666667,41.219027777777775],[29.15541663888889,41.21930552777778],[29.15513888888889,41.21930555555556],[29.155138861111112,41.21958330555555],[29.15375002777778,41.21958330555555],[29.153750000000006,41.218472222222225],[29.150972222222226,41.218472222222225],[29.150972222222226,41.21819444444445],[29.150694472222224,41.21819441666666],[29.150694444444447,41.21791666666667],[29.15041669444445,41.217916638888894],[29.15041669444445,41.21736113888889],[29.150694444444447,41.21736111111111],[29.150694472222224,41.217083361111115],[29.151249999999997,41.217083333333335],[29.15125002777778,41.21680558333333],[29.15152777777778,41.21680555555556],[29.15152780555556,41.21652780555556],[29.15180555555556,41.21652777777778],[29.15180555555556,41.21458333333334],[29.15152780555556,41.21458330555556],[29.15152777777778,41.21402777777778],[29.15041669444445,41.21402775000001],[29.15041666666667,41.21375],[29.15013891666667,41.213749972222224],[29.15013888888889,41.21347222222223],[29.14986113888889,41.21347219444444],[29.149861111111115,41.21319444444445],[29.149583361111112,41.21319441666667],[29.149583333333336,41.212916666666665],[29.14902780555556,41.21291663888889],[29.14902777777778,41.21263888888889],[29.148194472222222,41.21263886111112],[29.148194444444446,41.21236111111111],[29.14791669444445,41.212361083333334],[29.147916666666667,41.21208333333334],[29.14513888888889,41.21208333333334],[29.145138861111114,41.212361083333334],[29.144861111111116,41.21236111111111],[29.144861083333335,41.21263886111112],[29.14375,41.21263888888889],[29.143749972222224,41.21291663888889],[29.140416694444443,41.21291663888889],[29.140416666666667,41.21263888888889],[29.14013891666667,41.21263886111112],[29.140138888888888,41.21236111111111],[29.139305583333332,41.212361083333334],[29.13930555555556,41.21180555555556],[29.138472250000003,41.21180552777778],[29.138472222222227,41.21152777777778],[29.138194472222224,41.21152775],[29.138194444444448,41.21125],[29.137916694444442,41.21124997222223],[29.13791666666667,41.21097222222222],[29.137361138888892,41.210972194444444],[29.13736111111111,41.21041666666667],[29.137083361111113,41.210416638888894],[29.137083333333337,41.21013888888889],[29.13652780555556,41.21013886111111],[29.13652777777778,41.20986111111111],[29.135694472222223,41.20986108333334],[29.135694444444447,41.209583333333335],[29.135138916666673,41.209583305555554],[29.13513888888889,41.20930555555556],[29.13486113888889,41.20930552777778],[29.13486111111111,41.20902777777778],[29.13458333333334,41.20902777777778],[29.134583305555555,41.20930552777778],[29.13430555555556,41.20930555555556],[29.134305527777776,41.209583305555554],[29.134027777777778,41.209583333333335],[29.134027750000005,41.20986108333334],[29.133194472222222,41.20986108333334],[29.13319444444445,41.209583333333335],[29.132916694444443,41.209583305555554],[29.13291666666667,41.20902777777778],[29.13263891666667,41.209027750000004],[29.13263888888889,41.20875],[29.130972250000003,41.20874997222222],[29.130972222222226,41.20847222222222],[29.129583361111113,41.20847219444445],[29.12958333333334,41.208194444444445],[29.129305583333334,41.208194416666664],[29.129305555555558,41.20791666666667],[29.129027805555555,41.20791663888889],[29.12902777777778,41.20763888888889],[29.12847225,41.207638861111114],[29.12847222222222,41.20736111111111],[29.128194472222223,41.20736108333333],[29.12819444444445,41.20708333333334],[29.127916694444444,41.20708330555556],[29.12791666666667,41.206805555555555],[29.127638916666672,41.206805527777775],[29.12763888888889,41.20652777777778],[29.127361138888894,41.20652775000001],[29.12736111111111,41.20625],[29.126527805555554,41.206249972222224],[29.12652777777778,41.20597222222222],[29.125972250000004,41.20597219444444],[29.12597222222222,41.20569444444445],[29.125416694444446,41.20569441666667],[29.12541666666667,41.20541666666667],[29.12513891666667,41.205416638888885],[29.12513891666667,41.20513891666667],[29.12541666666667,41.20513888888889],[29.125416694444446,41.20458336111111],[29.125972194444447,41.20458336111111],[29.12597222222222,41.20486111111111],[29.127638861111116,41.204861138888894],[29.127638861111116,41.20513886111112],[29.12736111111111,41.20513888888889],[29.12736111111111,41.20597222222222],[29.127638861111116,41.20597225],[29.12763888888889,41.20625],[29.12791666666667,41.20625],[29.127916694444444,41.20597225],[29.128194416666666,41.20597225],[29.12819444444445,41.20625],[29.13013888888889,41.20625],[29.13013891666667,41.20597225],[29.130694444444448,41.20597222222222],[29.130694472222224,41.20569447222222],[29.130972222222226,41.20569444444445],[29.130972250000003,41.205416694444445],[29.13152777777778,41.20541666666667],[29.13152777777778,41.20347222222222],[29.13125002777778,41.203472194444444],[29.13125,41.20319444444445],[29.130972250000003,41.20319441666667],[29.130972222222226,41.20291666666667],[29.130416694444445,41.20291663888889],[29.13041666666667,41.20263888888889],[29.127361138888894,41.20263886111111],[29.12736111111111,41.20236111111111],[29.12375002777778,41.20236108333334],[29.12375,41.202083333333334],[29.122916694444445,41.202083305555554],[29.12291666666667,41.20180555555556],[29.121805583333334,41.20180552777778],[29.12180555555556,41.20152777777778],[29.121527805555555,41.201527750000004],[29.12152777777778,41.20125],[29.120416694444444,41.20124997222222],[29.12041666666667,41.20097222222222],[29.119861138888893,41.20097219444445],[29.11986111111111,41.20069444444445],[29.119583361111115,41.200694416666664],[29.11958333333334,41.20041666666667],[29.118750027777782,41.20041663888889],[29.118750000000002,41.20013888888889],[29.118472250000003,41.200138861111114],[29.118472222222223,41.19986111111111],[29.117916694444446,41.19986108333334],[29.117916694444446,41.19958336111111],[29.11819444444445,41.19958333333334],[29.118194472222225,41.19847225],[29.118472222222223,41.19847222222222],[29.118472250000003,41.19819447222223],[29.118750000000002,41.19819444444445],[29.118750027777782,41.197916694444444],[29.11902777777778,41.19791666666667],[29.119027805555554,41.19763891666666],[29.11930555555556,41.19763888888889],[29.119305583333336,41.197361138888894],[29.11958333333334,41.197361111111114],[29.119583361111115,41.19680558333334],[29.120138888888892,41.19680555555556],[29.120138888888892,41.19652777777778],[29.119861138888893,41.19652775],[29.11986111111111,41.195972222222224],[29.119583361111115,41.195972194444444],[29.11958333333334,41.19513888888889],[29.119027805555554,41.19513886111112],[29.11902777777778,41.194583333333334],[29.118750027777782,41.194583305555554],[29.118750027777782,41.19402780555556],[29.11902777777778,41.19402777777778],[29.119027805555554,41.19347225],[29.11930555555556,41.19347222222222],[29.11930555555556,41.19319444444445],[29.119027805555554,41.193194416666664],[29.119027805555554,41.192083361111116],[29.11930555555556,41.19208333333333],[29.11930555555556,41.190694444444446],[29.119027805555554,41.190694416666666],[29.11902777777778,41.19041666666667],[29.118750027777782,41.19041663888889],[29.118750000000002,41.19013888888889],[29.118472250000003,41.190138861111116],[29.118472222222223,41.189861111111114],[29.118194472222225,41.189861083333334],[29.11819444444445,41.189305555555556],[29.117916694444446,41.189305527777776],[29.11791666666667,41.188472222222224],[29.117638916666667,41.188472194444444],[29.11763888888889,41.18763888888889],[29.117083361111114,41.18763886111112],[29.117083333333333,41.18736111111111],[29.116527805555556,41.187361083333336],[29.11652777777778,41.187083333333334],[29.116250027777784,41.187083305555554],[29.11625,41.18680555555556],[29.115972250000002,41.18680552777778],[29.115972222222222,41.18652777777778],[29.115694472222224,41.186527749999996],[29.11569444444445,41.18625],[29.115138916666666,41.18624997222223],[29.11513888888889,41.18597222222222],[29.114861138888894,41.185972194444446],[29.11486111111111,41.185694444444444],[29.114583361111116,41.18569441666667],[29.114583333333332,41.18541666666667],[29.114305583333334,41.18541663888889],[29.11430555555556,41.18513888888889],[29.113750027777783,41.185138861111106],[29.113750000000003,41.18486111111111],[29.113194472222226,41.18486108333334],[29.11319444444445,41.18458333333333],[29.112638916666665,41.184583305555556],[29.112638888888892,41.18375],[29.112083333333334,41.18375],[29.112083305555558,41.18402775],[29.111250000000002,41.18402777777778],[29.111249972222225,41.18430552777778],[29.110138916666667,41.18430552777778],[29.11013888888889,41.18402777777778],[29.109583361111113,41.18402775],[29.109583333333333,41.18375],[29.108750027777777,41.18374997222222],[29.10875,41.18347222222222],[29.107638916666666,41.18347219444445],[29.107638888888893,41.183194444444446],[29.107361138888894,41.183194416666666],[29.10736111111111,41.18263888888889],[29.107083361111115,41.18263886111111],[29.107083333333332,41.18208333333333],[29.106805583333337,41.18208330555556],[29.10680555555556,41.18152777777778],[29.106527805555555,41.18152775],[29.10652777777778,41.18097222222222],[29.104861111111113,41.18097222222222],[29.104861083333336,41.181249972222226],[29.10430555555556,41.18125],[29.10430552777778,41.18152775],[29.10402777777778,41.18152777777778],[29.10402775,41.181805527777776],[29.102916666666673,41.18180555555556],[29.10291663888889,41.18208330555556],[29.102083361111116,41.18208330555556],[29.102083333333333,41.18180555555556],[29.101527805555556,41.181805527777776],[29.101527777777783,41.18152777777778],[29.100972250000005,41.18152775],[29.10097222222222,41.18125],[29.100694472222226,41.181249972222226],[29.100694444444443,41.18097222222222],[29.09875002777778,41.18097219444445],[29.098750000000003,41.18069444444444],[29.092916694444448,41.18069441666667],[29.09291666666667,41.18041666666667],[29.091527805555558,41.180416638888886],[29.09152777777778,41.18013888888889],[29.090416694444446,41.18013886111111],[29.090416666666673,41.17986111111111],[29.090138916666668,41.179861083333336],[29.09013888888889,41.17958333333333],[29.089583361111117,41.17958330555556],[29.089583333333334,41.17930555555556],[29.089027805555556,41.17930552777778],[29.089027777777783,41.17902777777778],[29.087638916666666,41.179027749999996],[29.087638888888893,41.17875],[29.087083361111116,41.17874997222223],[29.087083333333336,41.178472222222226],[29.086805583333337,41.178472194444446],[29.086805555555554,41.17763888888889],[29.08652780555556,41.17763886111111],[29.08652780555556,41.177361138888884],[29.086805555555554,41.17736111111111],[29.086805583333337,41.17680558333333],[29.087083333333336,41.17680555555556],[29.087083361111116,41.176250027777776],[29.087361111111115,41.17625],[29.087361138888888,41.17597225],[29.087638888888893,41.17597222222222],[29.087638916666666,41.17319447222223],[29.087916666666672,41.17319444444444],[29.087916666666672,41.17180555555555],[29.087638916666666,41.17180552777778],[29.087638888888893,41.17152777777778],[29.087361138888888,41.17152775],[29.087361111111115,41.17125],[29.086805583333337,41.17124997222222],[29.086805555555554,41.170972222222225],[29.08652780555556,41.170972194444445],[29.086527777777782,41.17041666666667],[29.08625002777778,41.17041663888889],[29.086250000000003,41.17013888888889],[29.085972249999998,41.17013886111111],[29.085972222222225,41.16986111111111],[29.085694472222226,41.16986108333334],[29.085694444444446,41.169583333333335],[29.085416694444447,41.169583305555555],[29.08541666666667,41.16930555555555],[29.08486113888889,41.16930552777778],[29.084861111111113,41.16902777777778],[29.084027805555557,41.16902775],[29.084027777777784,41.16875],[29.08347225,41.16874997222222],[29.083472222222223,41.16847222222222],[29.082638916666667,41.16847219444445],[29.082638888888894,41.168194444444445],[29.082083361111117,41.168194416666665],[29.082083333333333,41.16791666666667],[29.081250027777777,41.16791663888889],[29.081250000000004,41.167638888888895],[29.080694472222227,41.16763886111111],[29.080694444444447,41.16736111111111],[29.078750000000003,41.16736111111111],[29.078749972222223,41.16763886111111],[29.07847225,41.16763886111111],[29.078472222222224,41.16736111111111],[29.077638916666668,41.16736108333334],[29.07763888888889,41.16708333333333],[29.076527805555557,41.16708330555556],[29.076527777777784,41.166805555555555],[29.07541669444445,41.16680552777778],[29.075416666666666,41.16652777777778],[29.07486113888889,41.16652775],[29.074861111111115,41.166250000000005],[29.07458336111111,41.16624997222222],[29.074583333333337,41.16569444444444],[29.07402780555556,41.16569441666667],[29.074027777777783,41.165416666666665],[29.07375002777778,41.16541663888889],[29.073750000000004,41.164861111111115],[29.07347225,41.164861083333335],[29.073472222222225,41.16458333333333],[29.073194472222227,41.16458330555556],[29.073194444444447,41.16319444444444],[29.072916694444448,41.16319441666667],[29.072916666666668,41.16263888888889],[29.07263891666667,41.16263886111111],[29.072638888888893,41.16236111111111],[29.07236113888889,41.16236108333333],[29.07236113888889,41.16041669444444],[29.072638888888893,41.16041666666666],[29.07263891666667,41.16013891666667],[29.072916666666668,41.160138888888895],[29.072916694444448,41.159861138888886],[29.073194444444447,41.15986111111111],[29.073194472222227,41.15958336111112],[29.073472222222225,41.15958333333333],[29.07347225,41.15902780555556],[29.073750000000004,41.15902777777778],[29.07375002777778,41.15875002777778],[29.074027777777783,41.158750000000005],[29.07402780555556,41.158472249999996],[29.074583333333337,41.15847222222222],[29.07458336111111,41.15819447222223],[29.075138888888894,41.15819444444445],[29.075138916666667,41.15763891666667],[29.075416666666666,41.15763888888889],[29.07541669444445,41.15736113888889],[29.075694444444444,41.157361111111115],[29.075694472222228,41.15680558333334],[29.075972222222223,41.15680555555556],[29.07597225,41.156527805555555],[29.076250000000005,41.15652777777778],[29.07625002777778,41.15625002777778],[29.076805555555556,41.15625],[29.076805583333336,41.15597225],[29.077083333333334,41.155972222222225],[29.077083361111118,41.15569447222222],[29.077361111111113,41.15569444444444],[29.07736113888889,41.155138916666665],[29.07763888888889,41.15513888888889],[29.07763888888889,41.15486111111111],[29.07736113888889,41.15486108333333],[29.077361111111113,41.15375],[29.077083361111118,41.15374997222222],[29.077083333333334,41.15236111111111],[29.076805583333336,41.15236108333333],[29.076805555555556,41.151805555555555],[29.076527805555557,41.15180552777778],[29.076527777777784,41.151250000000005],[29.07625002777778,41.151249972222224],[29.076250000000005,41.15097222222222],[29.075694472222228,41.15097219444444],[29.075694444444444,41.150416666666665],[29.07541669444445,41.15041663888889],[29.075416666666666,41.15013888888889],[29.075138916666667,41.15013886111111],[29.075138888888894,41.149861111111115],[29.07486113888889,41.149861083333334],[29.074861111111115,41.14958333333333],[29.07458336111111,41.14958330555556],[29.074583333333337,41.14930555555556],[29.074305583333338,41.14930552777778],[29.074305555555554,41.14875],[29.07402780555556,41.14874997222222],[29.074027777777783,41.14791666666667],[29.07375002777778,41.147916638888894],[29.073750000000004,41.14736111111112],[29.07347225,41.14736108333333],[29.073472222222225,41.147083333333335],[29.073194472222227,41.14708330555556],[29.073194444444447,41.14680555555555],[29.072916694444448,41.14680552777778],[29.072916666666668,41.14652777777778],[29.07263891666667,41.146527750000004],[29.072638888888893,41.14625],[29.07236113888889,41.14624997222222],[29.072361111111114,41.14597222222223],[29.072083361111112,41.14597219444444],[29.072083333333335,41.145694444444445],[29.071805583333337,41.14569441666667],[29.071805555555557,41.14541666666667],[29.071527805555558,41.14541663888889],[29.071527777777778,41.14486111111111],[29.07125002777778,41.14486108333333],[29.071250000000003,41.143750000000004],[29.07097225,41.143749972222224],[29.07097225,41.14319447222223],[29.071250000000003,41.14319444444445],[29.07125002777778,41.14236113888889],[29.071527777777778,41.142361111111114],[29.071527805555558,41.14208336111111],[29.072083333333335,41.14208333333333],[29.072083361111112,41.14180558333334],[29.072361111111114,41.14180555555556],[29.07236113888889,41.141527805555555],[29.072916666666668,41.141527777777775],[29.072916694444448,41.14125002777778],[29.073750000000004,41.14125000000001],[29.07375002777778,41.14097225],[29.074027777777783,41.140972222222224],[29.07402780555556,41.14069447222222],[29.075416666666666,41.14069444444444],[29.07541669444445,41.14041669444445],[29.076250000000005,41.14041666666667],[29.07625002777778,41.14013891666667],[29.077083333333334,41.140138888888885],[29.077083361111118,41.13986113888889],[29.077361111111113,41.13986111111112],[29.077361111111113,41.139583333333334],[29.077083361111118,41.139583305555554],[29.077083333333334,41.13875],[29.076805583333336,41.13874997222222],[29.076805583333336,41.13791669444445],[29.07763888888889,41.13791666666667],[29.077638916666668,41.13763891666667],[29.07902777777778,41.13763888888889],[29.079027805555558,41.13736113888889],[29.079305555555557,41.13736111111111],[29.079305583333337,41.136805583333334],[29.079583333333336,41.136805555555554],[29.079583361111116,41.13652780555556],[29.08208330555556,41.13652780555556],[29.082083333333333,41.136805555555554],[29.082638888888894,41.136805555555554],[29.082638916666667,41.13652780555556],[29.084583333333335,41.13652777777778],[29.084583361111115,41.13625002777778],[29.085138888888892,41.136250000000004],[29.08513891666667,41.13597225],[29.085972222222225,41.13597222222222],[29.085972249999998,41.13569447222222],[29.087638888888893,41.13569444444445],[29.087638916666666,41.13541669444445],[29.087916666666672,41.135416666666664],[29.08791669444445,41.13513891666667],[29.088194444444444,41.13513888888889],[29.088194472222227,41.13458336111111],[29.088750000000005,41.13458333333334],[29.088750027777778,41.13430558333334],[29.089305555555555,41.13430555555556],[29.089305583333335,41.13402780555556],[29.08958330555556,41.13402780555556],[29.089583333333334,41.13430555555556],[29.09013888888889,41.13430555555556],[29.090138916666668,41.13402780555556],[29.090694444444445,41.134027777777774],[29.090694472222225,41.13375002777778],[29.090972222222224,41.133750000000006],[29.090972250000004,41.13263891666667],[29.091250000000002,41.132638888888884],[29.091250000000002,41.132361111111116],[29.090972250000004,41.132361083333336],[29.090972250000004,41.132083361111114],[29.091250000000002,41.132083333333334],[29.09125002777778,41.13125002777778],[29.09152777777778,41.13125],[29.091527805555558,41.13097225],[29.091805555555556,41.130972222222226],[29.091805583333336,41.13041669444445],[29.092083333333335,41.13041666666667],[29.092083361111115,41.13013891666667],[29.092361111111114,41.13013888888889],[29.092361138888887,41.12958336111111],[29.093194444444446,41.129583333333336],[29.093194472222226,41.12847225],[29.093750000000004,41.12847222222223],[29.093750027777777,41.12819447222222],[29.094027777777782,41.128194444444446],[29.094027805555555,41.12791669444445],[29.094583333333333,41.127916666666664],[29.094583361111116,41.12763891666667],[29.09486111111111,41.12763888888889],[29.094861138888888,41.12736113888889],[29.095138888888894,41.127361111111114],[29.095138888888894,41.12708333333334],[29.094861138888888,41.12708330555555],[29.094861138888888,41.12680558333333],[29.095138888888894,41.126805555555556],[29.095138916666667,41.12652780555556],[29.095694444444444,41.126527777777774],[29.095694472222224,41.12625002777778],[29.09652777777778,41.12625],[29.096527805555557,41.125972250000004],[29.097083333333334,41.125972222222224],[29.097083361111114,41.12569447222222],[29.097361111111113,41.12569444444445],[29.09736113888889,41.12513891666667],[29.09763888888889,41.12513888888889],[29.09763888888889,41.124583333333334],[29.09736113888889,41.124583305555554],[29.097361111111113,41.12430555555556],[29.097083361111114,41.12430552777778],[29.097083333333334,41.12375],[29.096805583333335,41.12374997222222],[29.096805583333335,41.122638916666666],[29.097083333333334,41.122638888888886],[29.097083333333334,41.121805555555554],[29.096805583333335,41.12180552777778],[29.096805555555562,41.12041666666667],[29.096527805555557,41.12041663888889],[29.09652777777778,41.11902777777778],[29.096250027777778,41.11902775],[29.09625,41.117916666666666],[29.095972250000006,41.11791663888889],[29.095972222222223,41.11763888888889],[29.094583361111116,41.11763886111111],[29.094583333333333,41.11736111111111],[29.094027805555555,41.117361083333336],[29.094027777777782,41.11708333333333],[29.093472250000005,41.11708330555555],[29.093472222222225,41.11680555555556],[29.092361138888887,41.11680552777778],[29.092361111111114,41.116527777777776],[29.090416694444446,41.11652775],[29.090416666666673,41.11625],[29.08986113888889,41.11624997222222],[29.089861111111112,41.115972222222226],[29.089583361111117,41.115972194444446],[29.089583333333334,41.11541666666667],[29.088750027777778,41.115416638888895],[29.088750000000005,41.115138888888886],[29.08791669444445,41.11513886111111],[29.087916666666672,41.11486111111111],[29.087638916666666,41.11486108333334],[29.087638888888893,41.114583333333336],[29.087083361111116,41.114583305555556],[29.087083333333336,41.11402777777778],[29.086805583333337,41.114027750000005],[29.086805555555554,41.113749999999996],[29.08652780555556,41.11374997222222],[29.086527777777782,41.11347222222223],[29.085416694444447,41.11347219444445],[29.08541666666667,41.113194444444446],[29.08513891666667,41.113194416666666],[29.085138888888892,41.11291666666667],[29.08486113888889,41.11291663888889],[29.084861111111113,41.112361111111106],[29.084305583333336,41.11236108333333],[29.084305555555556,41.11152777777778],[29.084027805555557,41.11152775],[29.084027777777784,41.11125],[29.08375002777778,41.111249972222225],[29.083750000000002,41.11097222222222],[29.082916694444446,41.11097219444444],[29.082916666666666,41.110416666666666],[29.082638916666667,41.11041663888889],[29.082638888888894,41.11013888888889],[29.082083361111117,41.11013886111111],[29.082083333333333,41.10930555555556],[29.081805583333338,41.10930552777778],[29.081805555555555,41.10791666666667],[29.08013891666667,41.10791663888889],[29.080138888888893,41.107638888888886],[29.079027805555558,41.10763886111111],[29.07902777777778,41.10736111111111],[29.078472222222224,41.10736111111111],[29.078472194444448,41.10763886111111],[29.078194444444446,41.107638888888886],[29.07819441666667,41.10791663888889],[29.07736113888889,41.10791663888889],[29.077361111111113,41.107638888888886],[29.076805583333336,41.10763886111111],[29.076805555555556,41.10736111111111],[29.07625002777778,41.10736108333334],[29.076250000000005,41.107083333333335],[29.07597225,41.107083305555555],[29.075972222222223,41.10680555555556],[29.073750000000004,41.10680555555556],[29.073749972222224,41.107083305555555],[29.071805583333337,41.107083305555555],[29.071805555555557,41.10680555555556],[29.071527805555558,41.10680552777777],[29.071527777777778,41.10652777777778],[29.07125002777778,41.106527750000005],[29.071250000000003,41.105694444444445],[29.070416694444447,41.105694416666665],[29.070416666666667,41.10541666666667],[29.06958336111111,41.10541663888889],[29.069583333333334,41.10513888888889],[29.068750027777778,41.105138861111115],[29.068750000000005,41.10486111111111],[29.06847225,41.10486108333333],[29.068472222222226,41.10458333333334],[29.06763891666667,41.10458330555556],[29.067638888888894,41.104305555555555],[29.06736113888889,41.104305527777775],[29.067361111111115,41.10402777777778],[29.06708336111111,41.10402775000001],[29.067083333333336,41.10347222222222],[29.066805583333338,41.10347219444444],[29.066805555555558,41.10319444444445],[29.06652780555556,41.10319441666667],[29.06652777777778,41.102916666666665],[29.06597225,41.102916638888885],[29.065972222222225,41.10236111111111],[29.065694472222226,41.102361083333335],[29.065694444444446,41.10180555555556],[29.065416694444448,41.10180552777778],[29.065416666666668,41.10097222222222],[29.06513891666667,41.100972194444445],[29.065138888888892,41.10041666666667],[29.06486113888889,41.10041663888889],[29.064861111111114,41.09930555555556],[29.06458336111111,41.09930552777778],[29.064583333333335,41.09902777777778],[29.064305583333336,41.099027750000005],[29.064305555555556,41.09875],[29.064027805555558,41.09874997222222],[29.064027805555558,41.09736113888889],[29.064305555555556,41.09736111111111],[29.064305583333336,41.09708336111111],[29.064583333333335,41.09708333333333],[29.06458336111111,41.095416694444445],[29.064861111111114,41.09541666666667],[29.06486113888889,41.094861138888895],[29.065416666666668,41.09486111111111],[29.065416694444448,41.09458336111111],[29.065972222222225,41.09458333333333],[29.065972222222225,41.09375],[29.065416694444448,41.09374997222223],[29.065416694444448,41.092083361111115],[29.065972222222225,41.092083333333335],[29.065972222222225,41.08958333333333],[29.065694472222226,41.08958330555556],[29.065694444444446,41.08902777777778],[29.065416694444448,41.08902775],[29.065416694444448,41.08819447222223],[29.065694444444446,41.08819444444445],[29.065694472222226,41.087361138888895],[29.065972222222225,41.087361111111115],[29.06597225,41.086527805555555],[29.066250000000004,41.08652777777778],[29.06625002777778,41.08625002777777],[29.06652777777778,41.08625],[29.06652777777778,41.08430555555556],[29.06625002777778,41.08430552777778],[29.066250000000004,41.08347222222222],[29.06597225,41.08347219444445],[29.065972222222225,41.08263888888889],[29.065694472222226,41.08263886111111],[29.065694444444446,41.08180555555556],[29.065416694444448,41.081805527777775],[29.065416666666668,41.08152777777778],[29.06513891666667,41.08152775],[29.065138888888892,41.08097222222222],[29.06486113888889,41.08097219444445],[29.064861111111114,41.08041666666667],[29.064305583333336,41.08041663888889],[29.064305555555556,41.07930555555556],[29.064027805555558,41.07930552777778],[29.064027777777778,41.07763888888889],[29.06347225,41.07763886111111],[29.063472222222224,41.07736111111111],[29.06291669444445,41.07736108333334],[29.062916666666666,41.077083333333334],[29.06236113888889,41.077083305555554],[29.062361111111116,41.07680555555556],[29.06208336111111,41.07680552777778],[29.062083333333337,41.076527777777784],[29.06180558333334,41.07652775],[29.061805555555555,41.07625],[29.06125002777778,41.07624997222223],[29.061250000000005,41.07597222222222],[29.06097225,41.07597219444445],[29.060972222222226,41.075694444444444],[29.06069447222222,41.07569441666667],[29.060694444444447,41.07541666666667],[29.06013891666667,41.07541663888889],[29.060138888888886,41.075138888888894],[29.05847225,41.07513886111111],[29.058472222222225,41.07486111111111],[29.05625002777778,41.07486108333334],[29.056250000000006,41.07458333333333],[29.05597225,41.07458330555556],[29.055972222222227,41.074305555555554],[29.05569447222222,41.07430552777778],[29.05569444444445,41.07402777777778],[29.05513891666667,41.07402775],[29.055138888888887,41.07347222222222],[29.05458336111111,41.07347219444445],[29.05458336111111,41.07319447222223],[29.054861111111116,41.07319444444445],[29.054861138888892,41.07263891666667],[29.055138888888887,41.07263888888889],[29.05513891666667,41.07236113888889],[29.05569444444445,41.072361111111114],[29.05569447222222,41.071527805555554],[29.055972222222227,41.07152777777778],[29.05597225,41.07069447222222],[29.056250000000006,41.07069444444444],[29.05625002777778,41.07041669444445],[29.056527777777777,41.070416666666674],[29.05652780555556,41.070138916666664],[29.056805555555556,41.07013888888889],[29.05680558333334,41.069583361111114],[29.057083333333335,41.069583333333334],[29.05708336111111,41.06930558333333],[29.057361111111117,41.06930555555555],[29.057361111111117,41.069027777777784],[29.05708336111111,41.06902775],[29.057083333333335,41.06875],[29.05680558333334,41.06874997222222],[29.056805555555556,41.068194444444444],[29.05652780555556,41.06819441666667],[29.05652780555556,41.06791669444445],[29.056805555555556,41.06791666666667],[29.056805555555556,41.06736111111111],[29.05652780555556,41.06736108333334],[29.056527777777777,41.06652777777778],[29.05625002777778,41.06652775],[29.056250000000006,41.06597222222222],[29.05597225,41.06597219444445],[29.055972222222227,41.065694444444446],[29.05541669444445,41.065694416666666],[29.055416666666666,41.06541666666667],[29.05513891666667,41.06541663888889],[29.055138888888887,41.06513888888889],[29.054861138888892,41.06513886111111],[29.054861111111116,41.064861111111114],[29.05458336111111,41.06486108333334],[29.054583333333337,41.064305555555556],[29.05430558333334,41.064305527777776],[29.05430555555556,41.06402777777778],[29.05402780555556,41.06402775],[29.05402777777778,41.06375],[29.05375002777778,41.06374997222222],[29.053750000000004,41.063472222222224],[29.053472250000002,41.06347219444445],[29.053472222222226,41.06319444444444],[29.053194472222224,41.06319441666667],[29.053194444444447,41.06291666666667],[29.05291669444445,41.062916638888886],[29.05291666666667,41.06263888888889],[29.05263891666667,41.06263886111111],[29.05263888888889,41.062361111111116],[29.05236113888889,41.06236108333333],[29.052361111111114,41.062083333333334],[29.052083361111112,41.06208330555556],[29.052083333333336,41.06180555555555],[29.051805583333334,41.06180552777778],[29.051805583333334,41.060694472222224],[29.052083333333336,41.060694444444444],[29.052083361111112,41.060138916666666],[29.05263888888889,41.06013888888889],[29.05263891666667,41.05986113888889],[29.05291666666667,41.05986111111111],[29.05291666666667,41.05847222222222],[29.05263891666667,41.05847219444445],[29.05263891666667,41.058194472222226],[29.05291666666667,41.058194444444446],[29.05291666666667,41.057916666666664],[29.05263891666667,41.05791663888889],[29.05263888888889,41.057638888888896],[29.05236113888889,41.05763886111111],[29.052361111111114,41.05736111111111],[29.052083361111112,41.05736108333333],[29.052083333333336,41.05708333333333],[29.05152780555556,41.05708330555556],[29.05152780555556,41.056527805555554],[29.051805555555557,41.05652777777778],[29.051805555555557,41.056250000000006],[29.05152780555556,41.05624997222222],[29.05152777777778,41.05569444444444],[29.05125002777778,41.05569441666667],[29.05125002777778,41.05486113888889],[29.05152777777778,41.054861111111116],[29.05152777777778,41.05430555555556],[29.05125002777778,41.05430552777778],[29.051250000000007,41.05291666666667],[29.05097225,41.05291663888889],[29.05097225,41.05180558333333],[29.051250000000007,41.05180555555555],[29.05125002777778,41.05013891666667],[29.05152777777778,41.050138888888895],[29.05152780555556,41.049861138888886],[29.051805555555557,41.04986111111111],[29.051805555555557,41.048750000000005],[29.05152780555556,41.04874997222222],[29.05152777777778,41.04819444444445],[29.05097225,41.04819441666667],[29.050972222222224,41.047916666666666],[29.050694472222222,41.04791663888889],[29.050694444444446,41.04763888888889],[29.04986113888889,41.04763886111111],[29.049861111111117,41.047361111111115],[29.04819447222222,41.047361083333335],[29.048194444444448,41.04708333333333],[29.04763891666667,41.04708330555556],[29.04763888888889,41.04680555555556],[29.047083361111113,41.04680552777778],[29.047083333333337,41.046527777777776],[29.04680558333333,41.04652775],[29.046805555555558,41.04625],[29.04625002777778,41.04624997222222],[29.04625,41.045972222222225],[29.045972250000002,41.045972194444445],[29.045972222222225,41.04569444444444],[29.04513891666667,41.04569441666667],[29.04513888888889,41.04541666666667],[29.044305583333333,41.04541663888889],[29.044305555555557,41.04513888888889],[29.04402780555556,41.04513886111111],[29.044027777777778,41.044583333333335],[29.043194472222222,41.04458330555556],[29.04319444444445,41.04430555555555],[29.04263891666667,41.04430552777778],[29.042638888888888,41.04402777777778],[29.04152780555556,41.04402775],[29.04152777777778,41.04375],[29.040694472222224,41.04374997222222],[29.040694444444448,41.04347222222223],[29.03986113888889,41.04347219444444],[29.039861111111115,41.043194444444445],[29.039583361111113,41.04319441666667],[29.039583333333336,41.04291666666666],[29.03902780555556,41.04291663888889],[29.03902777777778,41.042638888888895],[29.03847225,41.042638861111115],[29.03847222222223,41.041805555555555],[29.037638916666673,41.04180552777778],[29.03763888888889,41.04152777777777],[29.03736113888889,41.04152775],[29.03736111111111,41.041250000000005],[29.036805583333333,41.041249972222225],[29.03680555555556,41.04097222222222],[29.035972250000004,41.04097219444444],[29.035972222222227,41.04069444444445],[29.035416694444443,41.04069441666667],[29.03541666666667,41.040416666666665],[29.03513891666667,41.04041663888889],[29.03513888888889,41.04013888888889],[29.034861138888893,41.04013886111111],[29.03486111111111,41.039861111111115],[29.034305583333335,41.039861083333335],[29.03430555555556,41.03958333333333],[29.033472250000003,41.03958330555555],[29.033472222222226,41.03930555555556],[29.032916694444445,41.03930552777778],[29.03291666666667,41.039027777777775],[29.031527805555562,41.03902775],[29.03152777777778,41.03875],[29.030694472222223,41.03874997222222],[29.03069444444445,41.038472222222225],[29.030416694444444,41.038472194444445],[29.030416666666667,41.03791666666667],[29.030138916666672,41.03791663888889],[29.03013888888889,41.037638888888885],[29.029861138888894,41.03763886111111],[29.02986111111111,41.037083333333335],[29.029027805555554,41.037083305555555],[29.02902777777778,41.03680555555555],[29.028750027777782,41.03680552777778],[29.02875,41.03652777777778],[29.027916694444443,41.036527750000005],[29.02791666666667,41.03625],[29.02763891666667,41.03624997222222],[29.02763888888889,41.03597222222223],[29.027083361111114,41.03597219444444],[29.027083333333337,41.035694444444445],[29.02625002777778,41.03569441666667],[29.02625,41.03541666666666],[29.025416694444445,41.03541663888889],[29.02541666666667,41.03486111111111],[29.025138916666673,41.03486108333333],[29.02513888888889,41.034305555555555],[29.024583361111112,41.03430552777778],[29.02458333333334,41.03402777777778],[29.024305583333334,41.03402775],[29.02430555555556,41.033750000000005],[29.023750027777783,41.033749972222225],[29.02375,41.03347222222222],[29.023472250000005,41.03347219444444],[29.02347222222222,41.03319444444445],[29.022916694444444,41.03319441666667],[29.02291666666667,41.032916666666665],[29.022638916666672,41.03291663888889],[29.022638888888892,41.03263888888889],[29.021527805555554,41.03263886111111],[29.02152777777778,41.032361111111115],[29.020694472222225,41.032361083333335],[29.020694444444448,41.03208333333333],[29.020416694444446,41.03208330555555],[29.02041666666667,41.03180555555556],[29.019583361111113,41.031805527777784],[29.019583333333337,41.031527777777775],[29.01875002777778,41.03152775],[29.01875,41.03125000000001],[29.018194472222223,41.03124997222222],[29.01819444444445,41.030972222222225],[29.017638916666666,41.030972194444445],[29.01763888888889,41.03069444444444],[29.017361138888894,41.03069441666667],[29.01736111111111,41.03041666666667],[29.017083361111112,41.030416638888894],[29.01708333333334,41.030138888888885],[29.016805583333333,41.03013886111111],[29.01680555555556,41.02986111111112],[29.016250027777783,41.02986108333333],[29.01625,41.029583333333335],[29.015694472222226,41.029583305555555],[29.01569444444445,41.02930555555556],[29.015416694444443,41.02930552777778],[29.01541666666667,41.02902777777778],[29.014861138888893,41.029027750000004],[29.014861111111113,41.028749999999995],[29.014583361111114,41.02874997222222],[29.01458333333333,41.02847222222223],[29.014305583333336,41.02847219444445],[29.01430555555556,41.028194444444445],[29.014027805555557,41.02819441666667],[29.01402777777778,41.02791666666667],[29.013750027777782,41.02791663888889],[29.01375,41.02763888888889],[29.013472250000003,41.027638861111114],[29.013472222222223,41.02736111111111],[29.012916694444446,41.02736108333333],[29.01291666666667,41.02708333333334],[29.012361138888892,41.02708330555556],[29.01236111111111,41.026805555555555],[29.011250027777784,41.02680552777778],[29.01125,41.02652777777778],[29.010972250000005,41.02652775],[29.01097222222222,41.02625],[29.010138916666666,41.026249972222224],[29.010138888888893,41.02597222222222],[29.00986111111111,41.02597222222222],[29.009861083333337,41.026249972222224],[29.009305583333337,41.026249972222224],[29.00930555555556,41.02597222222222],[29.008750027777783,41.02597219444444],[29.008750000000003,41.02569444444445],[29.008472250000004,41.02569441666667],[29.008472222222224,41.025416666666665],[29.008194472222225,41.02541663888889],[29.00819444444445,41.02513888888889],[29.007916694444447,41.02513886111111],[29.00791666666667,41.02458333333334],[29.007638916666668,41.02458330555555],[29.00763888888889,41.02430555555556],[29.007361138888893,41.024305527777784],[29.007361111111113,41.024027777777775],[29.007083333333334,41.024027777777775],[29.007083333333334,41.02375],[29.006805583333335,41.02374997222223],[29.006805583333335,41.02208336111111],[29.007083333333334,41.022083333333335],[29.007083333333334,41.02152777777778],[29.006805583333335,41.021527750000004],[29.006805583333335,41.02125002777778],[29.007083333333334,41.02125],[29.007083361111114,41.02041669444445],[29.007361111111113,41.02041666666667],[29.007361138888893,41.02013891666667],[29.00763888888889,41.02013888888889],[29.007638916666668,41.01986113888889],[29.00791666666667,41.01986111111111],[29.007916694444447,41.019305583333335],[29.00819444444445,41.019305555555555],[29.008194472222225,41.01819447222222],[29.008472222222224,41.01819444444445],[29.008472222222224,41.01763888888889],[29.008194472222225,41.01763886111112],[29.008194472222225,41.01680558333333],[29.008750000000003,41.01680555555556],[29.008750027777783,41.01652780555556],[29.00958333333333,41.016527777777775],[29.009583361111115,41.01625002777778],[29.00986111111111,41.01625],[29.009861138888894,41.015972250000004],[29.010138888888893,41.015972222222224],[29.010138888888893,41.01541666666667],[29.009861138888894,41.015416638888894],[29.00986111111111,41.01486111111111],[29.009583361111115,41.01486108333334],[29.00958333333333,41.014583333333334],[29.009305583333337,41.014583305555554],[29.00930555555556,41.01375],[29.009027805555554,41.01374997222222],[29.009027805555554,41.01347225],[29.00930555555556,41.01347222222223],[29.009305583333337,41.01291669444444],[29.00958333333333,41.01291666666667],[29.009583361111115,41.01263891666667],[29.00986111111111,41.01263888888889],[29.009861138888894,41.01236113888889],[29.010138888888893,41.01236111111111],[29.010138888888893,41.01208333333334],[29.009861138888894,41.01208330555556],[29.00986111111111,41.011805555555554],[29.009305583333337,41.011805527777774],[29.00930555555556,41.01125],[29.009027805555554,41.011249972222224],[29.00902777777778,41.01041666666667],[29.008750000000003,41.01041666666667],[29.008749972222226,41.01069441666667],[29.008472222222224,41.01069444444445],[29.008472222222224,41.01097222222223],[29.008749972222226,41.01097225],[29.008749972222226,41.01208330555556],[29.008472222222224,41.01208333333334],[29.008472194444447,41.01236108333333],[29.00819444444445,41.01236111111111],[29.00819441666667,41.012638861111114],[29.007083361111114,41.012638861111114],[29.007083333333334,41.01236111111111],[29.006805583333335,41.01236108333333],[29.00680555555556,41.01208333333334],[29.006527805555557,41.01208330555556],[29.00652777777778,41.01152777777778],[29.006250027777778,41.011527750000006],[29.00625,41.01041666666667],[29.005972250000003,41.01041663888889],[29.005972250000003,41.009861138888894],[29.00625,41.00986111111111],[29.006250027777778,41.00958336111111],[29.00680555555556,41.00958333333334],[29.006805583333335,41.00930558333333],[29.007361111111113,41.00930555555556],[29.007361138888893,41.00902780555556],[29.00791666666667,41.00902777777778],[29.007916694444447,41.00875002777778],[29.008750000000003,41.00875],[29.008750027777783,41.008472250000004],[29.00902777777778,41.008472222222224],[29.00902777777778,41.00736111111111],[29.008472222222224,41.00736111111111],[29.008472194444447,41.00763886111111],[29.008194472222225,41.00763886111111],[29.00819444444445,41.00736111111111],[29.007916694444447,41.007361083333336],[29.00791666666667,41.007083333333334],[29.007638916666668,41.007083305555554],[29.00763888888889,41.00680555555556],[29.007361138888893,41.00680552777778],[29.007361111111113,41.00652777777778],[29.007083361111114,41.006527750000004],[29.007083361111114,41.005694472222224],[29.007361111111113,41.005694444444444],[29.007361138888893,41.00541669444444],[29.00763888888889,41.00541666666667],[29.007638916666668,41.00486113888889],[29.00819444444445,41.00486111111111],[29.008194472222225,41.00458336111111],[29.00930555555556,41.004583333333336],[29.009305583333337,41.004305583333334],[29.01069444444445,41.00430555555556],[29.010694472222223,41.00402780555555],[29.01180555555556,41.00402777777778],[29.011805583333334,41.003750027777784],[29.01236111111111,41.00375],[29.01236111111111,41.00347222222222],[29.012083361111113,41.00347219444445],[29.012083333333333,41.003194444444446],[29.010972250000005,41.003194416666666],[29.01097222222222,41.00263888888889],[29.010694472222223,41.002638861111116],[29.01069444444445,41.001805555555556],[29.010416694444444,41.001805527777776],[29.010416694444444,41.000972250000004],[29.01069444444445,41.000972222222224],[29.010694472222223,41.00069447222222],[29.01125,41.00069444444445],[29.011250027777784,41.000416694444446],[29.014861111111113,41.000416666666666],[29.014861111111113,41.00013888888889],[29.014861122001093,41.00003]]}},{"type":"Feature","properties":{},"geometry":{"type":"LineString","coordinates":[[29.01486112800169,40.99997],[29.014861138888893,40.99986113888889],[29.01513888888889,40.99986111111111],[29.015138916666665,40.999583361111114],[29.01569444444445,40.999583333333334],[29.015694472222226,40.99930558333333],[29.01597222222222,40.99930555555556],[29.015972250000004,40.999027805555556],[29.01652777777778,40.999027777777776],[29.016527805555555,40.998750027777774],[29.01680555555556,40.99875],[29.016805583333333,40.99847225],[29.01708333333334,40.99847222222222],[29.017083361111112,40.998194472222224],[29.01736111111111,40.998194444444444],[29.017361138888894,40.99791669444444],[29.01763888888889,40.99791666666667],[29.01763888888889,40.99652777777778],[29.017361138888894,40.99652775],[29.01736111111111,40.99597222222222],[29.017083361111112,40.99597219444445],[29.017083361111112,40.995694472222226],[29.017916666666668,40.99569444444444],[29.017916694444445,40.995416694444444],[29.019305527777778,40.995416694444444],[29.019305555555558,40.99569444444444],[29.019861111111112,40.99569444444444],[29.019861138888892,40.995416694444444],[29.020694444444448,40.99541666666667],[29.020694472222225,40.99513891666666],[29.02180555555556,40.99513888888889],[29.021805583333336,40.994861138888886],[29.02291666666667,40.99486111111111],[29.02291666666667,40.99347222222222],[29.022638916666672,40.99347219444444],[29.022638888888892,40.992916666666666],[29.022083361111115,40.992916638888886],[29.022083333333338,40.99263888888889],[29.021805583333336,40.99263886111111],[29.02180555555556,40.99236111111111],[29.020972250000003,40.992361083333336],[29.020972222222223,40.99208333333333],[29.020416694444446,40.99208330555555],[29.02041666666667,40.99180555555555],[29.017916666666668,40.99180555555555],[29.017916638888888,40.99208330555555],[29.016527805555555,40.99208330555555],[29.016527805555555,40.991250027777774],[29.01680555555556,40.99125],[29.016805583333333,40.99069447222222],[29.01708333333334,40.99069444444444],[29.017083361111112,40.99041669444444],[29.01736111111111,40.99041666666667],[29.017361138888894,40.989861138888884],[29.01763888888889,40.98986111111111],[29.017638916666666,40.989583361111116],[29.017916666666668,40.98958333333333],[29.017916694444445,40.98902780555555],[29.01819444444445,40.98902777777778],[29.018194472222223,40.98847225],[29.018472222222222,40.98847222222222],[29.018472250000002,40.988194472222226],[29.01875,40.98819444444444],[29.01875002777778,40.98763891666667],[29.01902777777778,40.98763888888889],[29.019027805555556,40.987361138888886],[29.019305555555558,40.98736111111111],[29.019305583333335,40.986805583333336],[29.019583333333337,40.986805555555556],[29.019583361111113,40.98625002777778],[29.019861111111112,40.98625],[29.019861138888892,40.98569447222222],[29.02013888888889,40.98569444444444],[29.02013891666667,40.98513891666666],[29.02041666666667,40.98513888888889],[29.02041666666667,40.98347222222222],[29.02013891666667,40.983472194444445],[29.02013888888889,40.982083333333335],[29.019861138888892,40.982083305555555],[29.019861138888892,40.98152780555556],[29.02013888888889,40.98152777777778],[29.02013891666667,40.98097224999999],[29.02041666666667,40.98097222222222],[29.020416694444446,40.98041669444444],[29.020694444444448,40.98041666666666],[29.020694472222225,40.979861138888886],[29.020972222222223,40.97986111111111],[29.020972250000003,40.97958336111111],[29.021250000000002,40.97958333333333],[29.021250027777782,40.97902780555555],[29.02152777777778,40.97902777777778],[29.021527805555554,40.978472249999996],[29.02180555555556,40.97847222222222],[29.021805583333336,40.97819447222222],[29.022361083333337,40.97819447222222],[29.02236111111111,40.97847222222222],[29.024027750000005,40.978472249999996],[29.02402777777778,40.97875],[29.025694416666667,40.97875002777778],[29.025694444444447,40.97902777777778],[29.026249972222224,40.97902780555555],[29.02625,40.979305555555555],[29.027638861111114,40.979305583333336],[29.02763888888889,40.97958333333333],[29.028749972222226,40.97958336111111],[29.02875,40.97986111111111],[29.029583305555555,40.979861138888886],[29.02958333333334,40.98013888888889],[29.030416638888894,40.98013891666667],[29.030416666666667,40.98041666666666],[29.030972194444445,40.98041669444444],[29.03097222222223,40.980694444444445],[29.031805527777777,40.980694472222225],[29.031805555555557,40.98097222222222],[29.032638861111113,40.98097224999999],[29.03263888888889,40.98125],[29.03486111111111,40.98125],[29.034861138888893,40.980694472222225],[29.03569444444445,40.980694444444445],[29.03569447222222,40.98041669444444],[29.035972222222227,40.98041666666666],[29.035972250000004,40.98013891666667],[29.036527777777778,40.98013888888889],[29.03652780555556,40.979861138888886],[29.03680555555556,40.97986111111111],[29.036805583333333,40.97958336111111],[29.03763888888889,40.97958333333333],[29.037638916666673,40.97541669444445],[29.037916666666668,40.97541666666666],[29.037916694444444,40.97430558333333],[29.038194444444446,40.97430555555555],[29.038194472222223,40.973750027777776],[29.03847222222223,40.97375],[29.03847222222223,40.97208333333333],[29.038194472222223,40.97208330555556],[29.038194444444446,40.97069444444444],[29.037916694444444,40.97069441666667],[29.037916666666668,40.97013888888889],[29.03708336111111,40.97013886111111],[29.03708333333334,40.969861111111115],[29.036527777777778,40.969861111111115],[29.036527750000005,40.97013886111111],[29.035972222222227,40.97013888888889],[29.035972194444447,40.97041663888889],[29.03541666666667,40.970416666666665],[29.035416638888893,40.97069441666667],[29.03513888888889,40.97069444444444],[29.035138861111115,40.97097219444445],[29.03430555555556,40.97097222222222],[29.03430552777778,40.97124997222222],[29.033472222222226,40.971250000000005],[29.033472194444446,40.97152775],[29.032916694444445,40.97152775],[29.03291666666667,40.97097222222222],[29.03263891666667,40.97097219444445],[29.03263888888889,40.970416666666665],[29.03236113888889,40.97041663888889],[29.03236111111111,40.97013888888889],[29.032083361111113,40.97013886111111],[29.032083333333336,40.969861111111115],[29.031805583333334,40.96986108333333],[29.031805555555557,40.96930555555555],[29.031527805555562,40.96930552777778],[29.03152777777778,40.96875],[29.03097225,40.96874997222222],[29.03097225,40.96708336111111],[29.03125,40.967083333333335],[29.03125002777778,40.96652780555556],[29.03152777777778,40.96652777777778],[29.031527805555562,40.966250027777775],[29.034861083333336,40.966250027777775],[29.03486111111111,40.96652777777778],[29.035972194444447,40.96652780555556],[29.035972222222227,40.967083333333335],[29.036249972222226,40.96708336111111],[29.03625,40.96763888888889],[29.039305555555558,40.96763888888889],[29.039305583333334,40.96736113888889],[29.039583333333336,40.96736111111111],[29.039583361111113,40.96680558333333],[29.039861111111115,40.96680555555555],[29.03986113888889,40.96652780555556],[29.04013888888889,40.96652777777778],[29.04013891666667,40.966250027777775],[29.04041666666667,40.96625],[29.040416694444442,40.96597225],[29.040694444444448,40.96597222222222],[29.040694472222224,40.965694472222225],[29.040972222222226,40.965694444444445],[29.040972250000003,40.96541669444444],[29.041249999999998,40.96541666666666],[29.04125002777778,40.96513891666667],[29.04180555555556,40.965138888888895],[29.041805583333332,40.964861138888885],[29.042916638888894,40.964861138888885],[29.042916666666667,40.965138888888895],[29.043194416666665,40.96513891666667],[29.04319444444445,40.96541666666666],[29.043749972222223,40.96541669444444],[29.04375,40.965694444444445],[29.044027750000005,40.965694472222225],[29.044027777777778,40.96597222222222],[29.044305527777784,40.96597225],[29.044305555555557,40.96625],[29.044583305555555,40.966250027777775],[29.044583333333335,40.96680555555555],[29.044861083333334,40.96680558333333],[29.044861083333334,40.967083305555555],[29.044583333333335,40.967083333333335],[29.044583333333335,40.96736111111111],[29.044861083333334,40.96736113888889],[29.044861111111118,40.96763888888889],[29.045694416666667,40.967638916666665],[29.045694444444447,40.968472222222225],[29.045972194444445,40.96847225],[29.045972222222225,40.969027777777775],[29.046249972222224,40.969027805555555],[29.04625,40.96930555555555],[29.04791666666667,40.96930555555555],[29.04791669444445,40.969027805555555],[29.048194444444448,40.969027777777775],[29.04819447222222,40.96875002777778],[29.04875,40.96875],[29.048750027777782,40.96847225],[29.049027750000004,40.96847225],[29.049027777777777,40.96875],[29.049583333333338,40.96875],[29.04958336111111,40.96847225],[29.05013888888889,40.968472222222225],[29.05013891666667,40.96819447222222],[29.050972222222224,40.96819444444444],[29.05097225,40.96791669444445],[29.052083333333336,40.96791666666667],[29.052083361111112,40.967638916666665],[29.053194444444447,40.96763888888889],[29.053194472222224,40.96736113888889],[29.053472222222226,40.96736111111111],[29.053472250000002,40.96708336111111],[29.053750000000004,40.967083333333335],[29.05375002777778,40.96680558333333],[29.05430555555556,40.96680555555555],[29.05430558333334,40.966250027777775],[29.054583333333337,40.96625],[29.05458336111111,40.965694472222225],[29.054861111111116,40.965694444444445],[29.054861138888892,40.96513891666667],[29.055138888888887,40.965138888888895],[29.05513891666667,40.96458336111111],[29.055416666666666,40.96458333333333],[29.05541669444445,40.964305583333335],[29.055972222222227,40.964305555555555],[29.05597225,40.96402780555556],[29.056250000000006,40.96402777777777],[29.05625002777778,40.96375002777778],[29.056805555555556,40.963750000000005],[29.05680558333334,40.963472249999995],[29.057916666666667,40.96347222222222],[29.057916694444447,40.96319447222223],[29.05902777777778,40.96319444444445],[29.05902780555556,40.962916694444445],[29.059861111111115,40.962916666666665],[29.05986113888889,40.96263891666667],[29.060972222222226,40.96263888888889],[29.06097225,40.96236113888889],[29.062083333333337,40.962361111111115],[29.06208336111111,40.962083361111105],[29.063749972222222,40.962083361111105],[29.063750000000006,40.962361111111115],[29.064583305555562,40.96236113888889],[29.064583333333335,40.96263888888889],[29.066805555555558,40.96263888888889],[29.066805583333338,40.96236113888889],[29.067083333333336,40.962361111111115],[29.06708336111111,40.962083361111105],[29.067361111111115,40.96208333333333],[29.06736113888889,40.96180558333334],[29.067638861111114,40.96180558333334],[29.067638888888894,40.96208333333333],[29.069861111111116,40.96208333333333],[29.06986113888889,40.96180558333334],[29.070138888888895,40.96180555555556],[29.070138916666668,40.96125002777778],[29.070416666666667,40.96125],[29.070416694444447,40.96069447222222],[29.070694444444445,40.96069444444444],[29.07069447222223,40.96041669444445],[29.070972222222224,40.96041666666667],[29.07097225,40.95986113888889],[29.071250000000003,40.95986111111111],[29.07125002777778,40.95819447222222],[29.071527777777778,40.958194444444445],[29.071527805555558,40.957361138888885],[29.071805555555557,40.95736111111111],[29.071805583333337,40.95708336111111],[29.072361111111114,40.95708333333334],[29.07236113888889,40.956805583333335],[29.073194444444447,40.956805555555555],[29.073194472222227,40.95652780555556],[29.075416638888893,40.95652780555556],[29.075416666666666,40.95763888888889],[29.076805555555556,40.95763888888889],[29.076805583333336,40.957361138888885],[29.077083333333334,40.95736111111111],[29.077083361111118,40.95708336111111],[29.077361111111113,40.95708333333334],[29.07736113888889,40.956805583333335],[29.077916666666667,40.956805555555555],[29.077916694444447,40.95652780555556],[29.078194444444446,40.95652777777777],[29.078194472222226,40.95625002777778],[29.078472222222224,40.956250000000004],[29.07847225,40.95569447222222],[29.07902777777778,40.95569444444445],[29.079027805555558,40.955416694444445],[29.079583333333336,40.955416666666665],[29.079583361111116,40.95513891666667],[29.080138888888893,40.95513888888888],[29.08013891666667,40.95458336111111],[29.080416666666665,40.95458333333333],[29.080416694444448,40.95430558333334],[29.081250000000004,40.95430555555556],[29.081250027777777,40.954027805555555],[29.081805555555555,40.954027777777775],[29.081805583333338,40.95375002777778],[29.082083333333333,40.95375],[29.082083361111117,40.95347225],[29.082638888888894,40.953472222222224],[29.082638916666667,40.95319447222222],[29.082916666666666,40.95319444444444],[29.082916694444446,40.95291669444445],[29.083750000000002,40.95291666666667],[29.08375002777778,40.952638916666665],[29.08402775,40.952638916666665],[29.084027777777784,40.95291666666667],[29.084861111111113,40.95291666666667],[29.08486113888889,40.952638916666665],[29.085138861111112,40.952638916666665],[29.085138888888892,40.95291666666667],[29.08541663888889,40.95291669444445],[29.08541666666667,40.953472222222224],[29.086249972222223,40.95347225],[29.086250000000003,40.95375],[29.08680552777778,40.95375002777778],[29.086805555555554,40.954027777777775],[29.087638888888893,40.954027777777775],[29.087638916666666,40.95375002777778],[29.088194444444444,40.95375],[29.088194472222227,40.95347225],[29.088472222222222,40.953472222222224],[29.088472250000006,40.95319447222222],[29.089027777777783,40.95319444444444],[29.089027805555556,40.952638916666665],[29.089305555555555,40.952638888888885],[29.089305583333335,40.95236113888889],[29.089583333333334,40.95236111111112],[29.089583361111117,40.95180558333334],[29.089861111111112,40.95180555555555],[29.08986113888889,40.95097225],[29.090694444444445,40.95097222222223],[29.090694472222225,40.95069447222222],[29.091805555555556,40.950694444444444],[29.091805583333336,40.95041669444445],[29.092638888888892,40.95041666666666],[29.09263891666667,40.95013891666667],[29.093194444444446,40.95013888888889],[29.093194472222226,40.94986113888889],[29.09486108333334,40.94986113888889],[29.09486111111111,40.95013888888889],[29.097083333333334,40.95013888888889],[29.097083361111114,40.94986113888889],[29.097361111111113,40.94986111111111],[29.09736113888889,40.94958336111111],[29.09763888888889,40.94958333333334],[29.097638916666668,40.94930558333333],[29.09791666666667,40.949305555555554],[29.097916694444447,40.94902780555556],[29.098750000000003,40.94902777777778],[29.09875002777778,40.94875002777778],[29.09902777777778,40.94875],[29.099027805555558,40.94847225],[29.09930555555556,40.94847222222222],[29.099305583333337,40.947916694444444],[29.099583333333335,40.947916666666664],[29.099583361111115,40.94763891666667],[29.100138888888893,40.94763888888889],[29.100138916666666,40.94736113888889],[29.100694444444443,40.947361111111114],[29.100694472222226,40.946527805555554],[29.10097222222222,40.946527777777774],[29.100972250000005,40.94625002777778],[29.101250000000004,40.94625],[29.101250027777777,40.94569447222222],[29.101527777777783,40.94569444444444],[29.101527805555556,40.94541669444445],[29.10180555555556,40.94541666666667],[29.101805583333334,40.94486113888889],[29.10236111111111,40.944861111111116],[29.102361138888895,40.94458336111111],[29.10263888888889,40.944583333333334],[29.102638916666667,40.94430558333333],[29.102916666666673,40.94430555555556],[29.102916694444446,40.94347225],[29.103194444444444,40.943472222222226],[29.103194472222224,40.94291669444445],[29.10402777777778,40.94291666666667],[29.104027805555557,40.94263891666667],[29.10513888888889,40.94263888888889],[29.105138916666668,40.94236113888889],[29.10736111111111,40.94236111111111],[29.107361138888894,40.94208336111111],[29.10819444444445,40.942083333333336],[29.108194472222223,40.94180558333333],[29.108472222222222,40.941805555555554],[29.108472250000005,40.94152780555556],[29.10902777777778,40.94152777777778],[29.109027805555556,40.94097225],[29.10930555555556,40.94097222222222],[29.109305583333335,40.94069447222222],[29.109861111111112,40.940694444444446],[29.109861138888892,40.94013891666667],[29.11013888888889,40.94013888888889],[29.110138916666667,40.93986113888889],[29.11041666666667,40.939861111111114],[29.11041666666667,40.939305555555556],[29.110138916666667,40.93930552777778],[29.110138916666667,40.93902780555556],[29.11041666666667,40.939027777777774],[29.110416694444446,40.93847225],[29.110694444444448,40.938472222222224],[29.110694472222225,40.93819447222222],[29.110972222222223,40.93819444444445],[29.110972250000003,40.93791669444444],[29.111250000000002,40.937916666666666],[29.111250027777782,40.93763891666667],[29.11152777777778,40.937638888888884],[29.111527805555557,40.93708336111111],[29.11180555555556,40.937083333333334],[29.111805583333336,40.93680558333333],[29.112083333333334,40.93680555555556],[29.112083361111114,40.936527805555556],[29.112361111111113,40.936527777777776],[29.112361138888893,40.93625002777778],[29.11291666666667,40.936249999999994],[29.112916694444447,40.935694472222224],[29.113750000000003,40.935694444444444],[29.113750027777783,40.93541669444444],[29.114027777777782,40.93541666666667],[29.114027805555555,40.935138916666666],[29.11430555555556,40.935138888888886],[29.114305583333334,40.93486113888889],[29.114583333333332,40.93486111111111],[29.114583361111116,40.93458336111111],[29.11486111111111,40.934583333333336],[29.114861138888894,40.934305583333334],[29.11513888888889,40.934305555555554],[29.115138916666666,40.93402780555556],[29.115416666666672,40.93402777777778],[29.115416694444445,40.933750027777776],[29.11569444444445,40.933749999999996],[29.115694472222224,40.93347225],[29.115972222222222,40.93347222222223],[29.115972250000002,40.93319447222222],[29.11625,40.933194444444446],[29.116250027777784,40.932916694444444],[29.11652777777778,40.932916666666664],[29.116527805555556,40.93263891666667],[29.11680555555556,40.93263888888889],[29.116805583333335,40.932361138888886],[29.117083333333333,40.932361111111106],[29.117083361111114,40.93208336111111],[29.117361111111112,40.93208333333334],[29.117361138888892,40.93180558333333],[29.11763888888889,40.931805555555556],[29.117638916666667,40.93152780555556],[29.11791666666667,40.931527777777774],[29.117916694444446,40.93125002777778],[29.11819444444445,40.93125],[29.118194472222225,40.93097225],[29.118472222222223,40.93097222222222],[29.118472250000003,40.93069447222222],[29.118750000000002,40.93069444444445],[29.118750027777782,40.93041669444444],[29.11902777777778,40.930416666666666],[29.119027805555554,40.93013891666667],[29.11930555555556,40.93013888888889],[29.119305583333336,40.92986113888889],[29.11958333333334,40.92986111111111],[29.119583361111115,40.92958336111111],[29.11986111111111,40.92958333333333],[29.119861138888893,40.92930558333333],[29.120138888888892,40.92930555555556],[29.120138916666665,40.929027805555556],[29.12041666666667,40.929027777777776],[29.120416694444444,40.92875002777778],[29.12069444444445,40.92875],[29.120694472222223,40.92847225],[29.12097222222222,40.928472222222226],[29.120972250000005,40.92791669444444],[29.12125,40.92791666666667],[29.121250027777783,40.927638916666666],[29.12152777777778,40.927638888888886],[29.121527805555555,40.92708336111111],[29.12180555555556,40.927083333333336],[29.121805583333334,40.92652780555555],[29.12208333333334,40.92652777777778],[29.122083361111113,40.926250027777776],[29.12236111111111,40.926249999999996],[29.12236113888889,40.92597225],[29.12263888888889,40.92597222222222],[29.122638916666673,40.92569447222222],[29.12291666666667,40.925694444444446],[29.122916694444445,40.92541669444444],[29.123194444444447,40.92541666666666],[29.123194472222224,40.92513891666667],[29.123472222222222,40.92513888888889],[29.123472250000003,40.92486113888889],[29.12402777777778,40.924861111111106],[29.124027805555556,40.92458336111111],[29.12430555555556,40.92458333333334],[29.124305583333335,40.92430558333333],[29.124583333333337,40.924305555555556],[29.124583361111114,40.92402780555555],[29.124861111111112,40.92402777777778],[29.124861138888892,40.92375002777778],[29.12513888888889,40.92375],[29.12513891666667,40.92347225],[29.12541666666667,40.923472222222216],[29.125416694444446,40.92291669444444],[29.12569444444445,40.922916666666666],[29.125694472222225,40.92263891666667],[29.12597222222222,40.92263888888889],[29.125972250000004,40.92236113888889],[29.126250000000002,40.92236111111111],[29.126250027777782,40.92180558333333],[29.12652777777778,40.92180555555556],[29.126527805555554,40.921527805555556],[29.12680555555556,40.921527777777776],[29.126805583333333,40.92125002777778],[29.12708333333334,40.92125],[29.12708336111111,40.92069447222222],[29.12736111111111,40.92069444444444],[29.127361138888894,40.92041669444444],[29.12763888888889,40.92041666666667],[29.127638916666672,40.92013891666667],[29.12791666666667,40.920138888888886],[29.127916694444444,40.91958336111111],[29.12819444444445,40.919583333333335],[29.128194472222223,40.91930558333333],[29.12847222222222,40.91930555555556],[29.12847225,40.91902780555555],[29.12875,40.91902777777778],[29.12875002777778,40.91847225],[29.12902777777778,40.91847222222222],[29.129027805555555,40.91819447222222],[29.129305555555558,40.918194444444445],[29.129305583333334,40.91763891666667],[29.12958333333334,40.91763888888889],[29.129583361111113,40.91736113888889],[29.12986111111111,40.917361111111106],[29.12986113888889,40.916805583333336],[29.13013888888889,40.916805555555555],[29.13013891666667,40.91652780555555],[29.13041666666667,40.91652777777778],[29.130416694444445,40.91597225],[29.130694444444448,40.91597222222222],[29.130694472222224,40.91569447222222],[29.130972222222226,40.91569444444445],[29.130972250000003,40.91513891666666],[29.13125,40.91513888888889],[29.13125002777778,40.91486113888889],[29.13152777777778,40.91486111111111],[29.131527805555553,40.91430558333333],[29.13180555555556,40.91430555555556],[29.131805583333335,40.914027805555556],[29.132083333333338,40.914027777777775],[29.132083361111114,40.91347225],[29.13236111111111,40.91347222222222],[29.132361138888893,40.91319447222222],[29.13263888888889,40.91319444444445],[29.13263891666667,40.91291669444444],[29.13291666666667,40.91291666666667],[29.132916694444443,40.91236113888889],[29.13319444444445,40.91236111111111],[29.133194472222222,40.91208336111111],[29.133472222222228,40.91208333333333],[29.133472250000004,40.91152780555555],[29.13375,40.91152777777778],[29.133750027777783,40.91125002777778],[29.134027777777778,40.911249999999995],[29.13402780555556,40.910694472222225],[29.13430555555556,40.910694444444445],[29.134305583333333,40.91041669444444],[29.13458333333334,40.91041666666667],[29.134583361111112,40.90986113888889],[29.13486111111111,40.90986111111111],[29.13486113888889,40.90958336111111],[29.13513888888889,40.90958333333333],[29.135138916666673,40.90902780555555],[29.135694444444447,40.90902777777778],[29.135694472222223,40.90875002777778],[29.13597222222223,40.90875],[29.135972250000002,40.90847225],[29.13625,40.90847222222222],[29.13625002777778,40.90819447222222],[29.13652777777778,40.90819444444445],[29.13652780555556,40.90763891666666],[29.136805555555558,40.90763888888889],[29.136805583333334,40.90736113888889],[29.137083333333337,40.90736111111111],[29.137083361111113,40.90708336111111],[29.13763888888889,40.90708333333333],[29.13763891666667,40.90680558333333],[29.13791666666667,40.90680555555556],[29.137916694444442,40.906527805555555],[29.138194444444448,40.906527777777775],[29.138194472222224,40.90625002777778],[29.138472222222227,40.90625],[29.138472250000003,40.905972250000005],[29.138749999999998,40.90597222222222],[29.138750027777782,40.90541669444444],[29.13902777777778,40.90541666666667],[29.13902780555556,40.905138916666665],[29.13930555555556,40.90513888888889],[29.139305583333332,40.90486113888889],[29.139583333333338,40.90486111111111],[29.13958336111111,40.904583361111115],[29.13986111111111,40.90458333333333],[29.139861138888893,40.90402780555555],[29.140416666666667,40.90402777777778],[29.140416694444443,40.903750027777775],[29.140972222222228,40.90375],[29.14097225,40.90347225],[29.141527777777778,40.90347222222222],[29.14152780555556,40.903194472222225],[29.142083333333336,40.90319444444444],[29.142083361111112,40.90291669444444],[29.142361111111118,40.90291666666667],[29.14236113888889,40.90263891666667],[29.14263888888889,40.90263888888889],[29.14263891666667,40.90236113888889],[29.142916666666668,40.90236111111111],[29.142916694444445,40.90208336111111],[29.143472222222226,40.90208333333333],[29.143472250000002,40.901805583333335],[29.14375,40.901805555555555],[29.14375002777778,40.90152780555555],[29.14402777777778,40.90152777777778],[29.14402780555556,40.90125002777778],[29.144583333333337,40.90125],[29.144583361111113,40.90069447222222],[29.145972222222227,40.90069444444444],[29.145972250000003,40.900416694444445],[29.14680555555556,40.90041666666667],[29.146805583333332,40.90013891666666],[29.147361111111117,40.90013888888889],[29.14736113888889,40.899861138888895],[29.148194416666666,40.899861138888895],[29.148194444444446,40.90041666666667],[29.148472194444444,40.900416694444445],[29.148472222222228,40.90097222222222],[29.149583305555556,40.90097225],[29.149583333333336,40.90125],[29.149861083333334,40.90125002777778],[29.149861111111115,40.90152777777778],[29.150694444444447,40.90152777777778],[29.150694472222224,40.90125002777778],[29.15152777777778,40.90125],[29.15152780555556,40.90097225],[29.15180555555556,40.90097222222222],[29.15180558333333,40.90069447222222],[29.153472222222227,40.90069444444444],[29.15347225,40.900416694444445],[29.153750000000006,40.90041666666667],[29.15375002777778,40.90013891666666],[29.154861083333333,40.90013891666666],[29.154861111111117,40.90041666666667],[29.15513888888889,40.90041666666667],[29.15513891666667,40.90013891666666],[29.155972222222225,40.90013888888889],[29.15597225,40.899861138888895],[29.156250000000004,40.89986111111111],[29.15625002777778,40.89958336111111],[29.156805555555557,40.89958333333333],[29.156805583333337,40.89930558333333],[29.157361111111115,40.89930555555556],[29.15736113888889,40.899027805555555],[29.158194444444447,40.89902777777778],[29.15819447222222,40.89875002777777],[29.158472222222226,40.89875],[29.158472250000003,40.898472250000005],[29.159861111111116,40.89847222222222],[29.15986113888889,40.89819447222222],[29.160416666666666,40.89819444444444],[29.16041669444445,40.89791669444444],[29.160972222222227,40.89791666666667],[29.16097225,40.897638916666665],[29.161527777777778,40.89763888888889],[29.161527805555558,40.89736113888889],[29.161805555555556,40.89736111111111],[29.16180558333334,40.897083361111115],[29.162361111111114,40.897083333333335],[29.16236113888889,40.89680558333333],[29.162916666666668,40.89680555555556],[29.162916694444448,40.89652780555556],[29.163472222222225,40.89652777777778],[29.16347225,40.896250027777775],[29.16402777777778,40.89625],[29.16402780555556,40.89597225],[29.164305555555558,40.89597222222222],[29.164305583333338,40.895694472222225],[29.164861111111115,40.895694444444445],[29.16486113888889,40.89541669444444],[29.165416666666665,40.89541666666667],[29.16541669444445,40.89513891666667],[29.165972222222226,40.89513888888889],[29.16597225,40.89486113888889],[29.166250000000005,40.89486111111111],[29.166250027777778,40.89458336111111],[29.166805555555555,40.89458333333333],[29.16680558333334,40.894305583333335],[29.167361111111116,40.89430555555556],[29.16736113888889,40.89402780555555],[29.167916666666667,40.89402777777778],[29.167916694444447,40.89375002777778],[29.168472222222224,40.89375],[29.16847225,40.89347225],[29.168750000000003,40.89347222222222],[29.16875002777778,40.89319447222222],[29.169305555555557,40.89319444444444],[29.169305583333337,40.892916694444445],[29.169861111111114,40.89291666666667],[29.16986113888889,40.89263891666666],[29.170416666666668,40.89263888888889],[29.170416694444448,40.89236113888889],[29.170972222222225,40.89236111111111],[29.17097225,40.89208336111111],[29.171250000000004,40.89208333333333],[29.17125002777778,40.89180558333334],[29.171805555555558,40.89180555555555],[29.171805583333338,40.891527805555555],[29.172361111111115,40.89152777777778],[29.17236113888889,40.89125002777777],[29.172916666666666,40.89125],[29.17291669444445,40.890972250000004],[29.173472222222227,40.890972222222224],[29.17347225,40.89069447222222],[29.174027777777777,40.89069444444444],[29.174027805555557,40.89041669444445],[29.174583333333334,40.89041666666667],[29.17458336111111,40.890138916666665],[29.175138888888892,40.89013888888889],[29.17513891666667,40.88986113888888],[29.175694444444446,40.88986111111111],[29.175694472222226,40.88930558333333],[29.175972222222224,40.88930555555555],[29.17597225,40.888194472222224],[29.176250000000003,40.888194444444444],[29.17625002777778,40.887361138888885],[29.176527777777782,40.88736111111111],[29.17652780555556,40.88708336111112],[29.176805555555557,40.88708333333333],[29.176805583333337,40.886805583333334],[29.177083333333336,40.886805555555554],[29.17708336111111,40.88652780555555],[29.177916666666665,40.88652777777778],[29.17791669444445,40.88625002777778],[29.178472222222226,40.886250000000004],[29.17847225,40.88597225],[29.179027777777783,40.88597222222222],[29.17902780555556,40.88569447222223],[29.179861111111116,40.88569444444444],[29.17986113888889,40.885416694444444],[29.180416666666666,40.88541666666667],[29.180416694444446,40.88513891666666],[29.181250000000002,40.88513888888889],[29.18125002777778,40.88486113888889],[29.181805555555556,40.884861111111114],[29.181805583333336,40.88458336111111],[29.183472194444448,40.88458336111111],[29.183472222222225,40.884861111111114],[29.18430552777778,40.88486113888889],[29.184305555555554,40.88513888888889],[29.18458330555556,40.88513891666666],[29.184583333333336,40.88541666666667],[29.185138861111113,40.885416694444444],[29.185138888888893,40.88569444444444],[29.185416638888892,40.88569447222223],[29.185416666666665,40.88597222222222],[29.18569441666667,40.88597225],[29.185694444444444,40.886250000000004],[29.18597219444445,40.88625002777778],[29.185972222222222,40.88652777777778],[29.19041666666667,40.88652777777778],[29.19041666666667,40.88597222222222],[29.19013891666667,40.88597219444445],[29.19013891666667,40.88569447222223],[29.190694444444446,40.88569444444444],[29.190694472222226,40.885416694444444],[29.190972222222225,40.88541666666667],[29.190972250000005,40.88513891666666],[29.191805555555554,40.88513888888889],[29.191805583333338,40.88486113888889],[29.193472222222223,40.884861111111114],[29.193472250000006,40.88430558333334],[29.19374997222222,40.88430558333334],[29.19375,40.88458333333333],[29.19513888888889,40.88458333333333],[29.195138916666668,40.88430558333334],[29.19541666666667,40.88430555555555],[29.195416694444447,40.884027805555554],[29.196250000000003,40.88402777777778],[29.19625002777778,40.88375002777778],[29.196805555555553,40.88375],[29.196805583333337,40.883472250000004],[29.197083333333335,40.883472222222224],[29.197083361111115,40.88319447222222],[29.198750000000004,40.88319444444444],[29.198750027777777,40.88291669444445],[29.19986111111111,40.88291666666667],[29.19986113888889,40.882638916666664],[29.20125,40.88263888888889],[29.20125002777778,40.88236113888889],[29.20263888888889,40.88236111111111],[29.202638916666668,40.882083361111114],[29.20430555555556,40.882083333333334],[29.204305583333337,40.88180558333333],[29.205694444444443,40.88180555555555],[29.205694472222227,40.88152780555556],[29.20625,40.88152777777778],[29.206250027777777,40.881250027777774],[29.207083333333333,40.88125],[29.207083361111113,40.88097225],[29.20763888888889,40.88097222222222],[29.207638916666667,40.880694472222224],[29.208472222222223,40.880694444444444],[29.208472250000003,40.88041669444444],[29.20902777777778,40.88041666666666],[29.209027805555557,40.88013891666667],[29.209861111111113,40.880138888888894],[29.209861138888893,40.879861138888884],[29.21097222222222,40.87986111111111],[29.210972250000005,40.879583361111116],[29.211527777777782,40.87958333333333],[29.211527805555555,40.879305583333334],[29.212083333333332,40.879305555555554],[29.212083361111116,40.87902780555555],[29.21263888888889,40.87902777777778],[29.212638916666666,40.87875002777778],[29.21319444444445,40.878750000000004],[29.213194472222224,40.878472249999994],[29.21402777777778,40.87847222222222],[29.214027805555556,40.878194472222226],[29.214583333333334,40.87819444444444],[29.214583361111114,40.877916694444444],[29.21513888888889,40.877916666666664],[29.215138916666668,40.87763891666667],[29.215972222222224,40.87763888888889],[29.215972250000004,40.87736113888889],[29.21652777777778,40.877361111111114],[29.216527805555554,40.87708336111111],[29.217361111111114,40.87708333333333],[29.217361138888894,40.876805583333336],[29.21791666666667,40.876805555555556],[29.217916694444444,40.876527805555554],[29.220694444444447,40.87652777777778],[29.220694472222224,40.87625002777778],[29.22125,40.87625],[29.22125002777778,40.87597225],[29.22152777777778,40.875972222222224],[29.221527805555557,40.87569447222222],[29.222083333333337,40.87569444444444],[29.222083361111114,40.875416694444446],[29.22263888888889,40.875416666666666],[29.222638916666664,40.875138916666664],[29.22291666666667,40.87513888888889],[29.222916694444447,40.87486113888889],[29.223750000000003,40.87486111111111],[29.223750027777783,40.874583361111114],[29.22402777777778,40.874583333333334],[29.224027805555554,40.87430558333333],[29.22430555555556,40.87430555555555],[29.224305583333333,40.874027805555556],[29.22458333333334,40.87402777777778],[29.224583361111115,40.87347225],[29.22486111111111,40.87347222222222],[29.224861138888894,40.873194472222224],[29.22513888888889,40.873194444444444],[29.225138916666673,40.87291669444445],[29.22541666666667,40.87291666666666],[29.225416694444444,40.872638916666666],[29.22569444444445,40.87263888888889],[29.225694472222223,40.872361138888884],[29.22597222222222,40.87236111111111],[29.22597225,40.872083361111116],[29.22625,40.872083333333336],[29.226250027777784,40.871805583333334],[29.22652777777778,40.871805555555554],[29.226527805555556,40.871250027777776],[29.226805555555558,40.87125],[29.226805583333334,40.870972249999994],[29.22708333333334,40.87097222222222],[29.227083361111113,40.870694472222226],[29.22736111111111,40.870694444444446],[29.22736113888889,40.870416694444444],[29.22763888888889,40.870416666666664],[29.22763891666667,40.87013891666667],[29.229861083333336,40.87013891666667],[29.22986111111111,40.870416666666664],[29.233194444444447,40.870416666666664],[29.233194472222223,40.87013891666667],[29.23375,40.87013888888889],[29.23375002777778,40.869861138888886],[29.23402777777778,40.86986111111111],[29.234027805555556,40.86958336111111],[29.234305555555558,40.86958333333333],[29.234305583333335,40.869305583333336],[29.234583333333337,40.869305555555556],[29.234583361111113,40.869027805555554],[29.23513888888889,40.869027777777774],[29.23513891666667,40.86875002777778],[29.23541666666667,40.86875],[29.235416694444446,40.868472249999996],[29.235694444444448,40.86847222222222],[29.235694472222225,40.86819447222222],[29.236805527777776,40.86819447222222],[29.23680555555556,40.86847222222222],[29.23736111111111,40.86847222222222],[29.237361138888893,40.86819447222222],[29.237638861111115,40.86819447222222],[29.237638861111115,40.86986108333333],[29.23736111111111,40.86986111111111],[29.237361083333337,40.87013886111111],[29.23652777777778,40.87013888888889],[29.236527750000004,40.870694416666666],[29.235972250000003,40.870694416666666],[29.235972222222227,40.87013888888889],[29.235694472222225,40.87013886111111],[29.235694444444448,40.86986111111111],[29.23541666666667,40.86986111111111],[29.235416638888893,40.87013886111111],[29.234861111111112,40.87013888888889],[29.234861083333335,40.87041663888889],[29.234583333333337,40.870416666666664],[29.234583305555557,40.870694416666666],[29.234305555555558,40.870694444444446],[29.234305555555558,40.87375],[29.235138861111114,40.873750027777774],[29.23513888888889,40.87402777777778],[29.235972222222227,40.87402777777778],[29.235972250000003,40.873750027777774],[29.236249972222225,40.873750027777774],[29.236250000000002,40.87402777777778],[29.23791666666667,40.87402777777778],[29.237916694444444,40.873750027777774],[29.23875,40.87375],[29.238750027777783,40.87347225],[29.23958333333334,40.87347222222222],[29.239583361111112,40.873194472222224],[29.240694444444447,40.873194444444444],[29.240694472222224,40.87291669444445],[29.24152777777778,40.87291666666666],[29.24152780555556,40.872638916666666],[29.24263888888889,40.87263888888889],[29.24263891666667,40.872361138888884],[29.24513888888889,40.87236111111111],[29.245138916666672,40.872083361111116],[29.24763888888889,40.872083333333336],[29.24763891666667,40.871805583333334],[29.24791666666667,40.871805555555554],[29.24791669444445,40.87152780555556],[29.248194444444447,40.87152777777778],[29.248194472222224,40.871250027777776],[29.248472222222226,40.87125],[29.248472250000003,40.870972249999994],[29.24902777777778,40.87097222222222],[29.24902780555556,40.870694472222226],[29.249861111111116,40.870694444444446],[29.249861138888892,40.870416694444444],[29.250138888888888,40.870416666666664],[29.25013891666667,40.87013891666667],[29.25041666666667,40.87013888888889],[29.25041669444445,40.869861138888886],[29.251805555555556,40.86986111111111],[29.251805583333333,40.86958336111111],[29.25208333333334,40.86958333333333],[29.25208336111111,40.869305583333336],[29.252361111111117,40.869305555555556],[29.25236113888889,40.869027805555554],[29.253194444444446,40.869027777777774],[29.253194472222223,40.86875002777778],[29.253472222222225,40.86875],[29.25347225,40.868472249999996],[29.25402777777778,40.86847222222222],[29.25402780555556,40.86819447222222],[29.254583333333336,40.86819444444444],[29.254583361111113,40.867638916666664],[29.25541666666667,40.86763888888889],[29.25541669444445,40.86736113888889],[29.255694444444448,40.86736111111111],[29.25569447222222,40.867083361111106],[29.256250000000005,40.86708333333333],[29.25625002777778,40.866527805555556],[29.256527777777777,40.866527777777776],[29.25652780555556,40.86597225],[29.25680555555556,40.865972222222226],[29.25680555555556,40.86541666666666],[29.25625002777778,40.86541663888889],[29.25625002777778,40.865138916666666],[29.256527777777777,40.86513888888889],[29.25652780555556,40.864861138888884],[29.25680555555556,40.86486111111111],[29.256805583333332,40.86458336111111],[29.257361111111116,40.864583333333336],[29.25736113888889,40.86430558333333],[29.257638888888888,40.86430555555555],[29.25763891666667,40.86402780555556],[29.258194444444445,40.86402777777778],[29.258194472222222,40.863750027777776],[29.258750000000006,40.86375],[29.25875002777778,40.86347225],[29.259305555555557,40.86347222222222],[29.25930558333334,40.863194472222226],[29.259583333333335,40.863194444444446],[29.259583361111112,40.86291669444444],[29.259861111111114,40.86291666666666],[29.25986113888889,40.86263891666667],[29.260416666666668,40.86263888888889],[29.260416694444448,40.862361138888886],[29.260972222222225,40.86236111111111],[29.260972250000002,40.86208336111111],[29.261250000000004,40.86208333333333],[29.26125002777778,40.861805583333336],[29.261805555555558,40.861805555555556],[29.261805583333338,40.86152780555555],[29.262083333333337,40.86152777777777],[29.26208336111111,40.86125002777778],[29.262638888888887,40.861250000000005],[29.262638888888887,40.859861111111115],[29.26208336111111,40.85986108333333],[29.262083333333337,40.85958333333333],[29.26125002777778,40.85958330555556],[29.261250000000004,40.85930555555555],[29.260694472222223,40.85930552777778],[29.260694444444447,40.859027777777776],[29.26013891666667,40.85902775],[29.26013888888889,40.858472222222225],[29.25986113888889,40.85847219444444],[29.259861111111114,40.85819444444444],[29.259583361111112,40.85819441666667],[29.259583333333335,40.85791666666667],[29.25930558333334,40.85791663888889],[29.259305555555557,40.85736111111111],[29.259027805555558,40.85736108333333],[29.259027805555558,40.85680558333333],[29.259305555555557,40.85680555555555],[29.25930558333334,40.85652780555556],[29.259583333333335,40.85652777777778],[29.259583361111112,40.85597225],[29.260416666666668,40.85597222222222],[29.260416694444448,40.85569447222222],[29.260694444444447,40.855694444444445],[29.260694472222223,40.85541669444444],[29.26152777777778,40.85541666666666],[29.26152780555556,40.85513891666667],[29.263194444444448,40.85513888888889],[29.26319447222222,40.854861138888886],[29.263472194444443,40.854861138888886],[29.263472222222227,40.85513888888889],[29.263750000000005,40.85513888888889],[29.26375002777778,40.854861138888886],[29.265416638888894,40.854861138888886],[29.265416666666667,40.85513888888889],[29.26652775,40.85513891666667],[29.266527777777778,40.85541666666666],[29.267361083333334,40.85541669444444],[29.267361111111114,40.855694444444445],[29.26791663888889,40.85569447222222],[29.267916666666668,40.85597222222222],[29.268749972222224,40.85597225],[29.268750000000004,40.85625],[29.26930552777778,40.856250027777776],[29.269305555555558,40.85652777777778],[29.270138861111114,40.85652780555556],[29.270138888888894,40.85680555555555],[29.27069441666667,40.85680558333333],[29.270694444444445,40.857083333333335],[29.27152775,40.85708336111111],[29.271527777777777,40.85736111111111],[29.272916666666667,40.85736111111111],[29.272916694444447,40.85708336111111],[29.273194444444446,40.857083333333335],[29.273194472222226,40.85680558333333],[29.273750000000003,40.85680555555555],[29.27375002777778,40.85652780555556],[29.274583333333336,40.85652777777778],[29.27458336111111,40.856250027777776],[29.275416666666665,40.85625],[29.27541669444445,40.85597225],[29.276527777777776,40.85597222222222],[29.27652780555556,40.85569447222222],[29.277361111111116,40.855694444444445],[29.27736113888889,40.85541669444444],[29.277638888888895,40.85541666666666],[29.277638916666668,40.85513891666667],[29.277916666666666,40.85513888888889],[29.277916694444446,40.854861138888886],[29.278194444444445,40.85486111111111],[29.27819447222223,40.85458336111111],[29.278750000000002,40.85458333333333],[29.27875002777778,40.854305583333336],[29.279027777777785,40.854305555555555],[29.279027805555558,40.85402780555555],[29.279305555555556,40.85402777777777],[29.279305583333336,40.85375002777778],[29.27958330555556,40.85375002777778],[29.279583333333335,40.85402777777777],[29.279861083333333,40.85402780555555],[29.279861111111114,40.854305555555555],[29.28041663888889,40.854305583333336],[29.280416666666667,40.85458333333333],[29.28069441666667,40.85458336111111],[29.280694444444446,40.85486111111111],[29.28097219444445,40.854861138888886],[29.280972222222225,40.85513888888889],[29.284861111111113,40.85513888888889],[29.28486113888889,40.854861138888886],[29.285138888888895,40.85486111111111],[29.285138916666668,40.854305583333336],[29.285416666666666,40.854305555555555],[29.285416694444447,40.85402780555555],[29.285694444444445,40.85402777777777],[29.285694472222225,40.85375002777778],[29.285972222222224,40.853750000000005],[29.28597225,40.85319447222222],[29.286250000000003,40.85319444444445],[29.28625002777778,40.852916694444446],[29.28652777777778,40.852916666666665],[29.286527805555558,40.85263891666667],[29.286805555555556,40.85263888888888],[29.286805583333337,40.852083361111106],[29.287083333333335,40.85208333333333],[29.287083333333335,40.85069444444444],[29.286805583333337,40.85069441666667],[29.286805583333337,40.85]]}},{"type":"Feature","properties":{},"geometry":{"type":"LineString","coordinates":[[28.970416666666665,40.87625],[28.970416638888892,40.87597225],[28.969583333333336,40.875972222222224],[28.969583305555552,40.87569447222222],[28.969305555555557,40.87569444444444],[28.96930552777778,40.875416694444446],[28.96902777777778,40.875416666666666],[28.96902777777778,40.874583333333334],[28.96930552777778,40.87458330555556],[28.969305555555557,40.87402777777778],[28.969583305555552,40.874027749999996],[28.969583333333336,40.87375],[28.969861083333335,40.87374997222222],[28.969861111111115,40.87347222222222],[28.971249999999998,40.87347222222222],[28.971250027777778,40.87374997222222],[28.971805555555555,40.87375],[28.97180558333334,40.874027749999996],[28.972083333333334,40.87402777777778],[28.97208336111111,40.87430552777778],[28.973472194444444,40.87430552777778],[28.973472222222224,40.87402777777778],[28.974583333333335,40.87402777777778],[28.974583333333335,40.87486111111111],[28.974305583333337,40.87486113888889],[28.974305555555556,40.87513888888889],[28.974027805555558,40.875138916666664],[28.974027777777778,40.87652777777778],[28.97375002777778,40.876527805555554],[28.973750000000003,40.876805555555556],[28.97319447222222,40.876805583333336],[28.973194444444445,40.87708333333333],[28.971805555555555,40.87708333333333],[28.971805527777782,40.876805583333336],[28.971527777777776,40.876805555555556],[28.971527750000003,40.876527805555554],[28.970972222222226,40.87652777777778],[28.970972194444442,40.87625002777778],[28.970416666666665,40.87625]]}},{"type":"Feature","properties":{},"geometry":{"type":"LineString","coordinates":[[28.99236113888889,40.86569447222222],[28.992361111111112,40.865972222222226],[28.991805555555555,40.865972222222226],[28.991805527777778,40.86569447222222],[28.991250027777777,40.86569447222222],[28.991250000000004,40.865972222222226],[28.990138888888893,40.865972222222226],[28.990138888888893,40.86569444444444],[28.99041663888889,40.86569441666667],[28.990416666666665,40.86541666666666],[28.990972194444442,40.86541663888889],[28.990972194444442,40.865138916666666],[28.990694444444443,40.86513888888889],[28.990694444444443,40.86486111111111],[28.99124997222222,40.86486108333333],[28.99124997222222,40.86458336111111],[28.990972222222222,40.864583333333336],[28.990972222222222,40.86402777777778],[28.99124997222222,40.86402775],[28.991250000000004,40.86208333333333],[28.991527777777776,40.86208333333333],[28.991527805555556,40.86263886111111],[28.991805555555555,40.86263888888889],[28.991805583333335,40.86291663888889],[28.994583333333335,40.86291666666666],[28.994583361111115,40.863194416666666],[28.995138888888892,40.863194444444446],[28.99513891666667,40.86347219444444],[28.995694444444442,40.86347222222222],[28.995694472222226,40.86374997222222],[28.995972222222225,40.86375],[28.995972249999998,40.86402775],[28.996250000000003,40.86402777777778],[28.996250000000003,40.865972222222226],[28.995972249999998,40.86597225],[28.995972222222225,40.86625],[28.995694472222226,40.866250027777774],[28.995694444444442,40.866527777777776],[28.994583333333335,40.866527777777776],[28.994583305555558,40.866250027777774],[28.994027777777774,40.86625],[28.99402775,40.86597225],[28.993750000000002,40.865972222222226],[28.993749972222222,40.86569447222222],[28.99236113888889,40.86569447222222]]}},{"type":"Feature","properties":{},"geometry":{"type":"LineString","coordinates":[[29.07652775,40.885416694444444],[29.076250000000005,40.88541666666667],[29.07624997222222,40.88513891666666],[29.075972222222223,40.88513888888889],[29.075972222222223,40.88236111111111],[29.07624997222222,40.882361083333336],[29.076250000000005,40.88152777777778],[29.07652775,40.88152775],[29.076527777777784,40.88125],[29.077361111111113,40.88125],[29.07736113888889,40.88152775],[29.07763888888889,40.88152777777778],[29.077638916666668,40.88180552777778],[29.078194444444446,40.88180555555555],[29.078194472222226,40.882083305555554],[29.078472222222224,40.882083333333334],[29.07847225,40.883472194444444],[29.078750000000003,40.883472222222224],[29.07875002777778,40.88402775],[29.079861111111114,40.88402777777778],[29.079861111111114,40.88458333333333],[29.079583361111116,40.88458336111111],[29.079583333333336,40.884861111111114],[29.079305583333337,40.88486113888889],[29.079305555555557,40.88513888888889],[29.079027805555558,40.88513891666666],[29.07902777777778,40.88541666666667],[29.07875002777778,40.885416694444444],[29.078750000000003,40.88569444444444],[29.078194472222226,40.88569447222223],[29.078194444444446,40.88597222222222],[29.077916694444447,40.88597225],[29.077916666666667,40.886250000000004],[29.077638916666668,40.88625002777778],[29.07763888888889,40.88652777777778],[29.077361111111113,40.88652777777778],[29.077361083333333,40.88625002777778],[29.077083333333334,40.886250000000004],[29.07708330555556,40.88597225],[29.076805555555556,40.88597222222222],[29.07680552777778,40.88569447222223],[29.076527777777784,40.88569444444444],[29.07652775,40.885416694444444]]}},{"type":"Feature","properties":{},"geometry":{"type":"LineString","coordinates":[[29.142638861111113,40.85402780555555],[29.142361111111118,40.85402777777777],[29.142361083333334,40.853472249999996],[29.142083333333336,40.85347222222222],[29.142083305555555,40.85319447222222],[29.141805555555557,40.85319444444445],[29.141805527777784,40.852916694444446],[29.141527777777778,40.852916666666665],[29.141527750000005,40.85263891666667],[29.14125,40.85263888888888],[29.141249972222226,40.852083361111106],[29.140972222222228,40.85208333333333],[29.140972194444444,40.851527805555556],[29.14069444444445,40.851527777777775],[29.140694416666665,40.85069447222222],[29.140416666666667,40.85069444444444],[29.140416666666667,40.85041666666667],[29.140694416666665,40.85041663888889],[29.14069444444445,40.850138888888885],[29.141249972222226,40.85013886111111],[29.141249986109724,40.85]]}},{"type":"Feature","properties":{},"geometry":{"type":"LineString","coordinates":[[29.147638909723266,40.85],[29.14763888888889,40.85041666666667],[29.14736113888889,40.85041669444445],[29.147361111111117,40.85069444444444],[29.14708336111111,40.85069447222222],[29.147083333333338,40.850972222222225],[29.146805583333332,40.85097225],[29.14680555555556,40.851527777777775],[29.14652780555556,40.851527805555556],[29.146527777777777,40.85208333333333],[29.146250027777782,40.852083361111106],[29.14625,40.85263888888888],[29.145972250000003,40.85263891666667],[29.145972222222227,40.85319444444445],[29.14541669444445,40.85319447222222],[29.14541666666667,40.85347222222222],[29.14513891666667,40.853472249999996],[29.14513888888889,40.853750000000005],[29.144583361111113,40.85375002777778],[29.144583333333337,40.85402777777777],[29.144305583333335,40.85402780555555],[29.144305555555558,40.854305555555555],[29.14402780555556,40.854305583333336],[29.14402777777778,40.855694444444445],[29.14375002777778,40.85569447222222],[29.14375,40.85597222222222],[29.143472222222226,40.85597222222222],[29.143472194444445,40.85569447222222],[29.143194444444447,40.855694444444445],[29.143194416666667,40.85541669444444],[29.142916666666668,40.85541666666666],[29.14291663888889,40.854861138888886],[29.14263888888889,40.85486111111111],[29.142638861111113,40.85402780555555]]}},{"type":"Feature","properties":{},"geometry":{"type":"LineString","coordinates":[[29.047361083333335,40.91375002777778],[29.04652780555556,40.91375002777778],[29.04652777777778,40.914027777777775],[29.044583333333335,40.914027777777775],[29.044583305555555,40.91375002777778],[29.042638888888888,40.91375],[29.042638861111115,40.91347225],[29.042361111111116,40.91347222222222],[29.042361083333336,40.91319447222222],[29.04152777777778,40.91319444444445],[29.041527750000004,40.91291669444444],[29.040972250000003,40.91291669444444],[29.040972222222226,40.91319444444445],[29.04041666666667,40.91319444444445],[29.040416638888892,40.91291669444444],[29.039583333333336,40.91291666666667],[29.039583305555556,40.912638916666666],[29.039305555555558,40.912638888888885],[29.039305527777785,40.91236113888889],[29.03902777777778,40.91236111111111],[29.03902777777778,40.91097222222222],[29.039305527777785,40.91097219444445],[29.039305555555558,40.91041666666667],[29.039583305555556,40.91041663888889],[29.039583333333336,40.90958333333333],[29.039861083333335,40.90958330555556],[29.039861111111115,40.90902777777778],[29.040138861111114,40.90902775],[29.04013888888889,40.90847222222222],[29.040416638888892,40.90847219444444],[29.04041666666667,40.90819444444445],[29.040694416666668,40.90819441666667],[29.040694444444448,40.907916666666665],[29.040972194444446,40.907916638888885],[29.040972222222226,40.90763888888889],[29.041249972222225,40.90763886111112],[29.041249999999998,40.90736111111111],[29.041527750000004,40.907361083333335],[29.04152777777778,40.90708333333333],[29.041805527777782,40.90708330555555],[29.04180555555556,40.90680555555556],[29.042083305555554,40.90680552777778],[29.042083333333338,40.906527777777775],[29.042361083333336,40.906527749999995],[29.042361111111116,40.90625],[29.042638861111115,40.90624997222223],[29.042638888888888,40.90597222222222],[29.043472194444444,40.905972194444445],[29.043472222222228,40.90569444444445],[29.044861083333334,40.90569441666666],[29.044861111111118,40.90541666666667],[29.045138861111113,40.90541663888889],[29.04513888888889,40.90513888888889],[29.04541663888889,40.90513886111111],[29.04541663888889,40.90430558333333],[29.04513888888889,40.90430555555556],[29.045138861111113,40.90402780555555],[29.044861111111118,40.90402777777778],[29.044861083333334,40.903750027777775],[29.044583333333335,40.90375],[29.044583333333335,40.90263888888889],[29.044861083333334,40.902638861111114],[29.044861111111118,40.90236111111111],[29.045138861111113,40.90236108333333],[29.04513888888889,40.90208333333333],[29.049861111111117,40.90208333333333],[29.04986113888889,40.90236108333333],[29.050972222222224,40.90236111111111],[29.05097225,40.902638861111114],[29.05152777777778,40.90263888888889],[29.05152780555556,40.90291663888889],[29.05430555555556,40.90291666666667],[29.05430558333334,40.903194416666665],[29.055138888888887,40.90319444444444],[29.05513891666667,40.90347219444445],[29.055972222222227,40.90347222222222],[29.05597225,40.90374997222222],[29.056250000000006,40.90375],[29.05625002777778,40.90402775],[29.056527777777777,40.90402777777778],[29.05652780555556,40.904583305555555],[29.056805555555556,40.90458333333333],[29.05680558333334,40.90486108333334],[29.057083333333335,40.90486111111111],[29.05708336111111,40.90541663888889],[29.057361111111117,40.90541666666667],[29.05736113888889,40.905972194444445],[29.05763888888889,40.90597222222222],[29.05763891666667,40.90624997222223],[29.057916666666667,40.90625],[29.057916666666667,40.90736111111111],[29.05763891666667,40.90736113888889],[29.05763888888889,40.90763888888889],[29.05736113888889,40.90763891666666],[29.057361111111117,40.90875],[29.05708336111111,40.90875002777778],[29.057083333333335,40.90902777777778],[29.05652780555556,40.90902780555555],[29.056527777777777,40.910694444444445],[29.05597225,40.910694472222225],[29.055972222222227,40.91097222222222],[29.05569447222222,40.91097225],[29.05569444444445,40.911249999999995],[29.05513891666667,40.91125002777778],[29.055138888888887,40.91152777777778],[29.054861138888892,40.91152780555555],[29.054861111111116,40.91180555555556],[29.05458336111111,40.91180558333333],[29.054583333333337,40.91208333333333],[29.05430558333334,40.91208336111111],[29.05430555555556,40.91236111111111],[29.05402780555556,40.91236113888889],[29.05402777777778,40.912638888888885],[29.05375002777778,40.912638916666666],[29.053750000000004,40.91291666666667],[29.053194472222224,40.91291669444444],[29.053194444444447,40.91319444444445],[29.05291669444445,40.91319447222222],[29.05291666666667,40.91347222222222],[29.05263891666667,40.91347225],[29.05263888888889,40.91375],[29.05236113888889,40.91375002777778],[29.052361111111114,40.914027777777775],[29.052083361111112,40.914027805555556],[29.052083333333336,40.91430555555556],[29.051805583333334,40.91430558333333],[29.051805555555557,40.91486111111111],[29.049027777777777,40.91486111111111],[29.049027750000004,40.91458336111111],[29.04875,40.91458333333333],[29.048749972222225,40.91430558333333],[29.048194444444448,40.91430555555556],[29.048194416666664,40.914027805555556],[29.047361111111115,40.914027777777775],[29.047361083333335,40.91375002777778]]}},{"type":"Feature","properties":{},"geometry":{"type":"LineString","coordinates":[[29.054861111111116,40.88541666666667],[29.055972194444443,40.88541663888889],[29.055972222222227,40.88513888888889],[29.056249972222222,40.88513886111111],[29.056250000000006,40.884861111111114],[29.056527750000004,40.884861083333334],[29.056527777777777,40.88430555555555],[29.056805527777783,40.88430552777778],[29.056805527777783,40.88319447222222],[29.056527777777777,40.88319444444444],[29.056527750000004,40.882638916666664],[29.056250000000006,40.88263888888889],[29.056249972222222,40.88236113888889],[29.055972222222227,40.88236111111111],[29.055972194444443,40.882083361111114],[29.05569444444445,40.882083333333334],[29.05569441666667,40.88180558333333],[29.055138888888887,40.88180555555555],[29.055138861111114,40.88152780555556],[29.054583333333337,40.88152777777778],[29.054583305555553,40.881250027777774],[29.05430555555556,40.88125],[29.05430552777778,40.88097225],[29.05402777777778,40.88097222222222],[29.054027750000003,40.879861138888884],[29.053750000000004,40.87986111111111],[29.053749972222224,40.879305583333334],[29.053472222222226,40.879305555555554],[29.053472194444446,40.87902780555555],[29.053194444444447,40.87902777777778],[29.05319441666667,40.87875002777778],[29.05291666666667,40.878750000000004],[29.05291663888889,40.878472249999994],[29.05263888888889,40.87847222222222],[29.05263888888889,40.877361111111114],[29.05291663888889,40.87736108333333],[29.05291666666667,40.87652777777778],[29.053472194444446,40.87652775],[29.053472222222226,40.87625],[29.054027750000003,40.87624997222222],[29.05402777777778,40.875972222222224],[29.05430552777778,40.875972194444444],[29.05430555555556,40.87569444444444],[29.054861083333336,40.87569441666667],[29.054861111111116,40.875416666666666],[29.055416638888893,40.875416638888886],[29.055416666666666,40.87513888888889],[29.055972194444443,40.87513886111111],[29.055972222222227,40.87486111111111],[29.056527750000004,40.87486108333333],[29.056527777777777,40.874583333333334],[29.056805555555556,40.874583333333334],[29.05680558333334,40.87486108333333],[29.057916666666667,40.87486111111111],[29.057916694444447,40.87513886111111],[29.05930552777778,40.87513886111111],[29.059305555555557,40.87486111111111],[29.060138861111113,40.87486108333333],[29.060138888888886,40.874583333333334],[29.061249972222225,40.87458330555556],[29.061250000000005,40.87430555555555],[29.061805527777782,40.87430552777778],[29.061805555555555,40.87402777777778],[29.06208330555556,40.874027749999996],[29.062083333333337,40.87375],[29.062361083333332,40.87374997222222],[29.062361111111116,40.873194444444444],[29.06263886111111,40.87319441666667],[29.062638888888895,40.87291666666666],[29.062916638888893,40.87291663888889],[29.062916666666666,40.87263888888889],[29.063472222222224,40.87263888888889],[29.06347225,40.87291663888889],[29.063750000000006,40.87291666666666],[29.06375002777778,40.87319441666667],[29.064027777777778,40.873194444444444],[29.064027805555558,40.873472194444446],[29.064305555555556,40.87347222222222],[29.064305583333336,40.87374997222222],[29.064861111111114,40.87375],[29.06486113888889,40.874027749999996],[29.065972222222225,40.87402777777778],[29.06597225,40.87430552777778],[29.066805555555558,40.87430555555555],[29.066805583333338,40.87458330555556],[29.067638888888894,40.874583333333334],[29.06763891666667,40.87486108333333],[29.068194444444448,40.87486111111111],[29.068194472222228,40.87513886111111],[29.068472222222226,40.87513888888889],[29.06847225,40.875416638888886],[29.068750000000005,40.875416666666666],[29.068750027777778,40.87569441666667],[29.069027777777777,40.87569444444444],[29.06902780555556,40.875972194444444],[29.069305555555555,40.875972222222224],[29.06930558333334,40.87624997222222],[29.069583333333334,40.87625],[29.06958336111111,40.87652775],[29.069861111111116,40.87652777777778],[29.06986113888889,40.87708330555556],[29.070138888888895,40.87708333333333],[29.070138916666668,40.87736108333333],[29.070416666666667,40.877361111111114],[29.070416694444447,40.87763886111111],[29.070694444444445,40.87763888888889],[29.07069447222223,40.87791663888889],[29.070972222222224,40.877916666666664],[29.07097225,40.878194416666666],[29.071250000000003,40.87819444444444],[29.07125002777778,40.87847219444445],[29.071527777777778,40.87847222222222],[29.071527805555558,40.87874997222222],[29.072361111111114,40.878750000000004],[29.072361111111114,40.87986111111111],[29.07069447222223,40.879861138888884],[29.070694444444445,40.882083333333334],[29.06958336111111,40.882083361111114],[29.06958336111111,40.88263886111111],[29.070138888888895,40.88263888888889],[29.070138916666668,40.88291663888889],[29.070416666666667,40.88291666666667],[29.070416666666667,40.88319444444444],[29.070138916666668,40.88319447222222],[29.070138888888895,40.883472222222224],[29.06986113888889,40.883472250000004],[29.069861111111116,40.88375],[29.06958336111111,40.88375002777778],[29.069583333333334,40.88402777777778],[29.06902780555556,40.884027805555554],[29.069027777777777,40.88430555555555],[29.068750027777778,40.88430558333334],[29.068750000000005,40.88458333333333],[29.06847225,40.88458336111111],[29.068472222222226,40.884861111111114],[29.068194472222228,40.88486113888889],[29.068194444444448,40.88513888888889],[29.06736113888889,40.88513891666666],[29.067361111111115,40.88541666666667],[29.067083333333336,40.88541666666667],[29.06708330555556,40.88513891666666],[29.065416694444448,40.88513891666666],[29.065416666666668,40.88541666666667],[29.06291669444445,40.885416694444444],[29.062916666666666,40.88569444444444],[29.062083333333337,40.88569444444444],[29.06208330555556,40.885416694444444],[29.06097225,40.885416694444444],[29.060972222222226,40.88597222222222],[29.06069447222222,40.88597225],[29.060694444444447,40.886250000000004],[29.06041669444445,40.88625002777778],[29.06041666666667,40.88652777777778],[29.06013891666667,40.88652780555555],[29.060138888888886,40.886805555555554],[29.058472222222225,40.886805555555554],[29.058472194444445,40.88652780555555],[29.057916666666667,40.88652777777778],[29.05791663888889,40.88625002777778],[29.05736113888889,40.88625002777778],[29.057361111111117,40.88652777777778],[29.05652780555556,40.88652780555555],[29.056527777777777,40.886805555555554],[29.05569444444445,40.886805555555554],[29.05569441666667,40.88652780555555],[29.054861111111116,40.88652777777778],[29.054861083333336,40.88597225],[29.054583333333337,40.88597222222222],[29.054583333333337,40.88569444444444],[29.054861083333336,40.88569441666667],[29.054861111111116,40.88541666666667]]}},{"type":"Feature","properties":{},"geometry":{"type":"LineString","coordinates":[[29.09291663888889,40.88486113888889],[29.092083333333335,40.884861111111114],[29.09208330555556,40.88458336111111],[29.09152777777778,40.88458333333333],[29.09152775,40.884027805555554],[29.091250000000002,40.88402777777778],[29.091249972222222,40.88375002777778],[29.090972222222224,40.88375],[29.090972194444447,40.883472250000004],[29.090694444444445,40.883472222222224],[29.09069441666667,40.88319447222222],[29.088472222222222,40.88319444444444],[29.088472222222222,40.882083333333334],[29.08874997222222,40.882083305555554],[29.088750000000005,40.88180555555555],[29.08902775,40.88180552777778],[29.089027777777783,40.88152777777778],[29.08958330555556,40.88152775],[29.089583333333334,40.88125],[29.08986108333334,40.88124997222222],[29.08986108333334,40.880694472222224],[29.089583333333334,40.880694444444444],[29.08958330555556,40.88041669444444],[29.089027777777783,40.88041666666666],[29.08902775,40.88013891666667],[29.088472222222222,40.880138888888894],[29.08847219444445,40.879861138888884],[29.088194444444444,40.87986111111111],[29.08819441666667,40.879583361111116],[29.087638888888893,40.87958333333333],[29.08763886111111,40.87902780555555],[29.087361111111115,40.87902777777778],[29.087361083333338,40.87875002777778],[29.086805555555554,40.878750000000004],[29.08680552777778,40.878472249999994],[29.086527777777782,40.87847222222222],[29.086527750000002,40.878194472222226],[29.085694444444446,40.87819444444444],[29.08569441666667,40.877916694444444],[29.08541666666667,40.877916666666664],[29.08541663888889,40.87763891666667],[29.084861111111113,40.87763888888889],[29.08486108333334,40.87736113888889],[29.084583333333335,40.877361111111114],[29.084583305555558,40.87708336111111],[29.083194444444445,40.87708333333333],[29.08319441666667,40.876805583333336],[29.082083361111117,40.876805583333336],[29.082083333333333,40.87708333333333],[29.081805555555555,40.87708333333333],[29.08180552777778,40.876805583333336],[29.080694444444447,40.876805555555556],[29.08069441666667,40.876527805555554],[29.080416666666665,40.87652777777778],[29.08041663888889,40.87625002777778],[29.079861111111114,40.87625],[29.079861083333334,40.87597225],[29.079305555555557,40.875972222222224],[29.07930552777778,40.87569447222222],[29.078194444444446,40.87569444444444],[29.07819441666667,40.875416694444446],[29.077916666666667,40.875416666666666],[29.07791663888889,40.875138916666664],[29.07763888888889,40.87513888888889],[29.07763886111111,40.87486113888889],[29.077083333333334,40.87486111111111],[29.07708330555556,40.874583361111114],[29.076250000000005,40.874583333333334],[29.07624997222222,40.87430558333333],[29.075972222222223,40.87430555555555],[29.07597219444445,40.874027805555556],[29.075416666666666,40.87402777777778],[29.075416638888893,40.87347225],[29.075138888888894,40.87347222222222],[29.07513886111111,40.873194472222224],[29.074861111111115,40.873194444444444],[29.07486108333333,40.87291669444445],[29.074583333333337,40.87291666666666],[29.074583333333337,40.872083333333336],[29.07486108333333,40.872083305555556],[29.074861111111115,40.871805555555554],[29.07513886111111,40.87180552777778],[29.075138888888894,40.87152777777778],[29.075416638888893,40.87152775],[29.075416638888893,40.870416694444444],[29.075138888888894,40.870416666666664],[29.07513886111111,40.87013891666667],[29.074861111111115,40.87013888888889],[29.07486108333333,40.869861138888886],[29.074583333333337,40.86986111111111],[29.074583333333337,40.86847222222222],[29.07486108333333,40.86847219444445],[29.074861111111115,40.867916666666666],[29.075416638888893,40.867916638888886],[29.075416666666666,40.86763888888889],[29.07819441666667,40.86763886111111],[29.078194444444446,40.86736111111111],[29.08097219444445,40.86736108333333],[29.080972222222226,40.86708333333333],[29.083750000000002,40.86708333333333],[29.08375002777778,40.86736108333333],[29.084027777777784,40.86736111111111],[29.084027777777784,40.86819444444444],[29.08375002777778,40.86819447222222],[29.083750000000002,40.86875],[29.08347225,40.86875002777778],[29.083472222222223,40.869027777777774],[29.083194472222225,40.869027805555554],[29.083194444444445,40.86958333333333],[29.082916694444446,40.86958336111111],[29.082916694444446,40.87013886111111],[29.083194444444445,40.87013888888889],[29.083194472222225,40.87041663888889],[29.083472222222223,40.870416666666664],[29.08347225,40.870694416666666],[29.084027777777784,40.870694444444446],[29.084027805555557,40.87097219444445],[29.084583333333335,40.87097222222222],[29.084583361111115,40.87124997222222],[29.08541666666667,40.87125],[29.085416694444447,40.87152775],[29.086249972222223,40.87152775],[29.086250000000003,40.87125],[29.08708330555556,40.87124997222222],[29.087083333333336,40.87097222222222],[29.08763886111111,40.87097219444445],[29.087638888888893,40.870694444444446],[29.087916638888892,40.870694416666666],[29.087916638888892,40.869861138888886],[29.087638888888893,40.86986111111111],[29.08763886111111,40.86958336111111],[29.086805555555554,40.86958333333333],[29.086805555555554,40.86875],[29.08708330555556,40.86874997222222],[29.087083333333336,40.86847222222222],[29.087916638888892,40.86847219444445],[29.087916666666672,40.86819444444444],[29.08847219444445,40.86819441666667],[29.088472222222222,40.867916666666666],[29.09013888888889,40.867916666666666],[29.090138916666668,40.86847219444445],[29.091250000000002,40.86847222222222],[29.09125002777778,40.86874997222222],[29.092083333333335,40.86875],[29.092083361111115,40.86902775],[29.09319441666667,40.86902775],[29.093194444444446,40.86875],[29.094583333333333,40.86875],[29.094583361111116,40.86902775],[29.095972222222223,40.869027777777774],[29.095972250000006,40.869305527777776],[29.097083333333334,40.869305555555556],[29.097083361111114,40.86958330555556],[29.098194444444445,40.86958333333333],[29.098194472222225,40.86986108333333],[29.09902777777778,40.86986111111111],[29.099027805555558,40.87013886111111],[29.099861111111114,40.87013888888889],[29.099861138888894,40.87041663888889],[29.100138888888893,40.870416666666664],[29.100138916666666,40.870694416666666],[29.10041666666667,40.870694444444446],[29.100416694444448,40.87097219444445],[29.100694444444443,40.87097222222222],[29.100694472222226,40.87124997222222],[29.10097222222222,40.87125],[29.100972250000005,40.87152775],[29.101250000000004,40.87152777777778],[29.101250027777777,40.87180552777778],[29.101527777777783,40.871805555555554],[29.101527805555556,40.872083305555556],[29.103194444444444,40.872083333333336],[29.103194472222224,40.87236108333333],[29.103472222222223,40.87236111111111],[29.103472250000003,40.872638861111106],[29.10375,40.87263888888889],[29.103750027777778,40.87291663888889],[29.10430555555556,40.87291666666666],[29.104305583333336,40.87319441666667],[29.104583333333334,40.873194444444444],[29.104583333333334,40.87430555555555],[29.10402777777778,40.87430555555555],[29.10402775,40.874027805555556],[29.10375,40.87402777777778],[29.10374997222223,40.873750027777774],[29.102916694444446,40.873750027777774],[29.102916666666673,40.875416666666666],[29.102638916666667,40.875416694444446],[29.10263888888889,40.87625],[29.102361138888895,40.87625002777778],[29.10236111111111,40.876805555555556],[29.102083361111116,40.876805583333336],[29.102083333333333,40.87763888888889],[29.101805583333334,40.87763891666667],[29.10180555555556,40.87847222222222],[29.101527805555556,40.878472249999994],[29.101527777777783,40.87902777777778],[29.101250027777777,40.87902780555555],[29.101250000000004,40.87958333333333],[29.100972250000005,40.879583361111116],[29.10097222222222,40.880138888888894],[29.100694472222226,40.88013891666667],[29.100694444444443,40.88041666666666],[29.100416694444448,40.88041669444444],[29.10041666666667,40.88097222222222],[29.100138916666666,40.88097225],[29.100138888888893,40.88152777777778],[29.099861138888894,40.88152780555556],[29.099861111111114,40.882083333333334],[29.099583361111115,40.882083361111114],[29.099583333333335,40.88236111111111],[29.099305583333337,40.88236113888889],[29.09930555555556,40.88291666666667],[29.099027805555558,40.88291669444445],[29.09902777777778,40.883472222222224],[29.09875002777778,40.883472250000004],[29.098750000000003,40.88375],[29.098472250000004,40.88375002777778],[29.098472222222224,40.88402777777778],[29.098194472222225,40.884027805555554],[29.098194444444445,40.88430555555555],[29.097916694444447,40.88430558333334],[29.09791666666667,40.88458333333333],[29.097638916666668,40.88458336111111],[29.09763888888889,40.884861111111114],[29.09736113888889,40.88486113888889],[29.097361111111113,40.88513888888889],[29.097083361111114,40.88513891666666],[29.097083333333334,40.88541666666667],[29.09625,40.88541666666667],[29.09624997222223,40.88513891666666],[29.095972222222223,40.88513888888889],[29.09597219444445,40.88486113888889],[29.094583361111116,40.88486113888889],[29.094583333333333,40.88513888888889],[29.09291666666667,40.88513888888889],[29.09291663888889,40.88486113888889]]}},{"type":"Feature","properties":{},"geometry":{"type":"LineString","coordinates":[[29.12708330555556,40.874583361111114],[29.12513888888889,40.874583333333334],[29.125138861111115,40.87430558333333],[29.124861111111112,40.87430555555555],[29.124861083333336,40.874027805555556],[29.12430555555556,40.87402777777778],[29.12430552777778,40.873750027777774],[29.12402777777778,40.87375],[29.124027750000003,40.87347225],[29.12375,40.87347222222222],[29.123749972222225,40.873194472222224],[29.123194444444447,40.873194444444444],[29.123194416666667,40.87291669444445],[29.12236111111111,40.87291666666666],[29.122361083333335,40.872638916666666],[29.12180555555556,40.87263888888889],[29.121805527777777,40.872361138888884],[29.12097222222222,40.87236111111111],[29.120972194444448,40.872083361111116],[29.11986111111111,40.872083333333336],[29.119861083333337,40.871805583333334],[29.11791666666667,40.871805555555554],[29.11791663888889,40.87152780555556],[29.117361111111112,40.87152777777778],[29.117361083333336,40.871250027777776],[29.117083333333333,40.87125],[29.117083305555557,40.870972249999994],[29.115694472222224,40.870972249999994],[29.11569444444445,40.87125],[29.11513888888889,40.87125],[29.115138861111117,40.870972249999994],[29.11486111111111,40.87097222222222],[29.114861083333338,40.870694472222226],[29.114583333333332,40.870694444444446],[29.11458330555556,40.867916694444446],[29.11430555555556,40.867916666666666],[29.114305527777777,40.86736113888889],[29.114027777777782,40.86736111111111],[29.114027749999998,40.866527805555556],[29.113750000000003,40.866527777777776],[29.113750000000003,40.86625],[29.114027749999998,40.86624997222222],[29.114027749999998,40.86597225],[29.113750000000003,40.865972222222226],[29.113750000000003,40.86569444444444],[29.114861083333338,40.86569441666667],[29.114861083333338,40.863750027777776],[29.114583333333332,40.86375],[29.11458330555556,40.86291669444444],[29.11430555555556,40.86291666666666],[29.114305527777777,40.862361138888886],[29.114027777777782,40.86236111111111],[29.114027749999998,40.86208336111111],[29.11347222222222,40.86208333333333],[29.113472194444448,40.861805583333336],[29.11319444444445,40.861805555555556],[29.11319441666667,40.86152780555555],[29.112083333333334,40.86152777777777],[29.112083305555558,40.86125002777778],[29.111527805555557,40.86125002777778],[29.11152777777778,40.86152777777777],[29.110972222222223,40.86152777777777],[29.110972194444447,40.86125002777778],[29.109305583333335,40.86125002777778],[29.10930555555556,40.86152777777777],[29.108750027777777,40.86152780555555],[29.10875,40.861805555555556],[29.107638888888893,40.861805555555556],[29.107638861111116,40.86152780555555],[29.10736111111111,40.86152777777777],[29.107361083333338,40.86125002777778],[29.107083333333332,40.861250000000005],[29.10708330555556,40.860972249999996],[29.10680555555556,40.86097222222222],[29.10680555555556,40.86013888888889],[29.107361083333338,40.86013886111111],[29.10736111111111,40.859861111111115],[29.108749972222228,40.85986108333333],[29.10875,40.85958333333333],[29.109583333333333,40.85958333333333],[29.109583361111113,40.85986108333333],[29.110972194444447,40.85986108333333],[29.110972222222223,40.85958333333333],[29.112361083333337,40.85958330555556],[29.112361083333337,40.858194472222216],[29.11152777777778,40.85819444444444],[29.11152775,40.85791669444445],[29.111250000000002,40.85791666666667],[29.111250000000002,40.85736111111111],[29.11152775,40.85736108333333],[29.11152775,40.85541669444444],[29.111250000000002,40.85541666666666],[29.111249972222225,40.854861138888886],[29.110972222222223,40.85486111111111],[29.110972194444447,40.85458336111111],[29.11041666666667,40.85458333333333],[29.11041663888889,40.854305583333336],[29.11013888888889,40.854305555555555],[29.110138861111118,40.85402780555555],[29.109861111111112,40.85402777777777],[29.109861083333335,40.85375002777778],[29.109583333333333,40.853750000000005],[29.109583333333333,40.85319444444445],[29.109861083333335,40.85319441666667],[29.109861111111112,40.85263888888888],[29.110138861111118,40.85263886111111],[29.11013888888889,40.852361111111115],[29.110694416666668,40.852361083333335],[29.110694444444448,40.85208333333333],[29.110972194444447,40.85208330555555],[29.110972222222223,40.851527777777775],[29.111249972222225,40.85152775],[29.111250000000002,40.85125],[29.11152775,40.85124997222222],[29.11152777777778,40.850972222222225],[29.11180552777778,40.850972194444445],[29.11180555555556,40.85069444444444],[29.112083305555558,40.85069441666667],[29.112083333333334,40.85041666666667],[29.112361083333337,40.85041663888889],[29.112361111111113,40.850138888888885],[29.112638861111115,40.85013886111111],[29.112638868054518,40.85]]}},{"type":"Feature","properties":{},"geometry":{"type":"LineString","coordinates":[[29.126527788194707,40.85],[29.12652777777778,40.85041666666667],[29.126250027777782,40.85041669444445],[29.126250000000002,40.85180555555556],[29.125972250000004,40.85180558333334],[29.12597222222222,40.85263888888888],[29.125694472222225,40.85263891666667],[29.125694472222225,40.85430552777778],[29.12597222222222,40.854305555555555],[29.125972250000004,40.85597219444444],[29.126250000000002,40.85597222222222],[29.126250027777782,40.857083305555555],[29.12652777777778,40.857083333333335],[29.126527805555554,40.85736108333333],[29.12708333333334,40.85736111111111],[29.12708336111111,40.85763886111111],[29.12736111111111,40.857638888888886],[29.127361138888894,40.85791663888889],[29.12763888888889,40.85791666666667],[29.127638916666672,40.85819441666667],[29.12819444444445,40.85819444444444],[29.128194472222223,40.85847219444444],[29.12847222222222,40.858472222222225],[29.12847225,40.85874997222222],[29.12875,40.85875],[29.12875002777778,40.85902775],[29.129305555555558,40.859027777777776],[29.129305583333334,40.85930552777778],[29.12958333333334,40.85930555555555],[29.129583361111113,40.85958330555556],[29.130694444444448,40.85958333333333],[29.130694472222224,40.85986108333333],[29.13180555555556,40.859861111111115],[29.131805583333335,40.86013886111111],[29.132083333333338,40.86013888888889],[29.132083361111114,40.86041663888889],[29.13236111111111,40.860416666666666],[29.132361138888893,40.86069441666667],[29.13263888888889,40.86069444444444],[29.13263891666667,40.86124997222222],[29.13291666666667,40.861250000000005],[29.132916694444443,40.86152775],[29.13319444444445,40.86152777777777],[29.133194472222222,40.861805527777776],[29.133472222222228,40.861805555555556],[29.133472250000004,40.86208330555556],[29.13375,40.86208333333333],[29.133750027777783,40.86236108333333],[29.134027777777778,40.86236111111111],[29.13402780555556,40.86263886111111],[29.13430555555556,40.86263888888889],[29.134305583333333,40.863194416666666],[29.13458333333334,40.863194444444446],[29.134583361111112,40.86347219444444],[29.13486111111111,40.86347222222222],[29.13486113888889,40.86374997222222],[29.13513888888889,40.86375],[29.135138916666673,40.86402775],[29.135416666666668,40.86402777777778],[29.135416694444444,40.86430552777778],[29.135694444444447,40.86430555555555],[29.135694472222223,40.86486108333333],[29.13597222222223,40.86486111111111],[29.135972250000002,40.86513886111111],[29.13625,40.86513888888889],[29.13625002777778,40.86541663888889],[29.13652777777778,40.86541666666666],[29.13652780555556,40.86569441666667],[29.136805555555558,40.86569444444444],[29.136805583333334,40.86624997222222],[29.137083333333337,40.86625],[29.137083361111113,40.86652775],[29.13736111111111,40.866527777777776],[29.137361138888892,40.86708330555556],[29.13763888888889,40.86708333333333],[29.13763891666667,40.86736108333333],[29.13791666666667,40.86736111111111],[29.137916694444442,40.86763886111111],[29.138194444444448,40.86763888888889],[29.138194472222224,40.86819441666667],[29.138472222222227,40.86819444444444],[29.138472250000003,40.86847219444445],[29.138749999999998,40.86847222222222],[29.138750027777782,40.86902775],[29.13902777777778,40.869027777777774],[29.13902780555556,40.869305527777776],[29.13930555555556,40.869305555555556],[29.139305583333332,40.86986108333333],[29.139583333333338,40.86986111111111],[29.139583333333338,40.87263888888889],[29.137916694444442,40.872638916666666],[29.13791666666667,40.87291666666666],[29.13763891666667,40.87291669444445],[29.13763888888889,40.873194444444444],[29.137083361111113,40.873194472222224],[29.137083361111113,40.87374997222222],[29.13736111111111,40.87375],[29.13736111111111,40.87430555555555],[29.13625002777778,40.87430558333333],[29.13625,40.874583333333334],[29.135416694444444,40.874583361111114],[29.135416666666668,40.87486111111111],[29.133472250000004,40.87486113888889],[29.133472222222228,40.87513888888889],[29.130416694444445,40.875138916666664],[29.13041666666667,40.875416666666666],[29.129583361111113,40.875416694444446],[29.12958333333334,40.87569444444444],[29.12791666666667,40.87569444444444],[29.127916638888887,40.875416694444446],[29.12763888888889,40.875416666666666],[29.127638861111116,40.875138916666664],[29.12736111111111,40.87513888888889],[29.127361083333337,40.87486113888889],[29.12708333333334,40.87486111111111],[29.12708330555556,40.874583361111114]]}},{"type":"Feature","properties":{},"geometry":{"type":"LineString","coordinates":[[28.76236113888889,40.999027749999996],[28.762361111111115,40.99875],[28.76208336111111,40.99874997222223],[28.762083333333337,40.998194444444444],[28.76180558333333,40.998194416666664],[28.761805555555558,40.99791666666667],[28.76152780555556,40.99791663888889],[28.76152780555556,40.997638916666666],[28.762083333333337,40.997638888888886],[28.76208336111111,40.997083361111116],[28.762361111111115,40.99708333333333],[28.76236113888889,40.99652780555555],[28.762638888888887,40.99652777777778],[28.76263891666667,40.996250027777776],[28.763194444444444,40.99625],[28.76319447222222,40.99597225],[28.763472222222227,40.99597222222222],[28.76347225,40.995694472222226],[28.764027777777777,40.99569444444444],[28.764027805555557,40.99513891666666],[28.764305555555556,40.99513888888889],[28.764305583333332,40.994861138888886],[28.764583333333334,40.99486111111111],[28.76458336111111,40.994027805555554],[28.764861111111113,40.99402777777778],[28.76486113888889,40.99347225],[28.765138888888888,40.99347222222222],[28.765138916666668,40.992638916666664],[28.765416666666667,40.99263888888889],[28.765416694444447,40.99236113888889],[28.765694444444446,40.99236111111111],[28.765694472222222,40.99208336111111],[28.765972222222224,40.99208333333333],[28.76597225,40.99180558333333],[28.766249999999996,40.99180555555555],[28.76625002777778,40.991527805555556],[28.766527777777778,40.991527777777776],[28.766527805555558,40.991250027777774],[28.766805555555557,40.99125],[28.76680558333333,40.990972250000006],[28.767083333333336,40.99097222222222],[28.76708336111111,40.99069447222222],[28.767638888888886,40.99069444444444],[28.76763891666667,40.99041669444444],[28.768194444444447,40.99041666666667],[28.76819447222222,40.990138916666666],[28.768472222222226,40.99013888888889],[28.76847225,40.989583361111116],[28.768750000000004,40.98958333333333],[28.768750000000004,40.98902777777778],[28.76847225,40.98902775],[28.768472222222226,40.98847222222222],[28.767916666666665,40.98847222222222],[28.76791663888889,40.988749972222216],[28.76763891666667,40.988749972222216],[28.767638888888886,40.98819444444444],[28.766527805555558,40.988194416666666],[28.766527777777778,40.98791666666667],[28.765694472222222,40.98791663888889],[28.765694444444446,40.98763888888889],[28.765138916666668,40.98763886111111],[28.765138916666668,40.987361138888886],[28.765416666666667,40.98736111111111],[28.765416666666667,40.98708333333333],[28.765138916666668,40.98708330555556],[28.765138888888888,40.986805555555556],[28.76486113888889,40.986805527777776],[28.764861111111113,40.98652777777778],[28.76458336111111,40.98652775],[28.764583333333334,40.98597222222222],[28.764305583333332,40.98597219444444],[28.764305555555556,40.98569444444444],[28.76347225,40.98569441666667],[28.763472222222227,40.98541666666667],[28.76291669444445,40.985416638888886],[28.762916666666666,40.98513888888889],[28.76263891666667,40.98513886111111],[28.762638888888887,40.98486111111111],[28.76208336111111,40.984861083333335],[28.762083333333337,40.98458333333333],[28.76069447222222,40.98458330555556],[28.760694444444447,40.98430555555555],[28.759027805555558,40.98430552777778],[28.759027777777778,40.98402777777778],[28.75875002777778,40.984027749999996],[28.75875,40.98375],[28.755972222222226,40.98375],[28.755972194444443,40.984027749999996],[28.75430558333333,40.984027749999996],[28.754305555555558,40.98375],[28.75347225,40.98374997222222],[28.753472222222225,40.98347222222222],[28.752916694444444,40.983472194444445],[28.752916666666668,40.98319444444444],[28.75263888888889,40.98319444444444],[28.752638861111112,40.983472194444445],[28.751527805555558,40.983472194444445],[28.751527777777778,40.98319444444444],[28.750416694444443,40.98319441666667],[28.750416666666666,40.98291666666666],[28.74902780555556,40.98291663888889],[28.749027777777776,40.98263888888889],[28.74791666666667,40.98263888888889],[28.747916638888892,40.98291663888889],[28.746805583333334,40.98291663888889],[28.746805555555557,40.98263888888889],[28.745694444444446,40.98263888888889],[28.745694416666666,40.98291663888889],[28.74486111111111,40.98291666666666],[28.744861083333333,40.98319441666667],[28.744305555555556,40.98319444444444],[28.744305527777776,40.983472194444445],[28.74291666666667,40.98347222222222],[28.742916638888893,40.98374997222222],[28.742638888888887,40.98375],[28.742638861111114,40.984027749999996],[28.741527805555553,40.984027749999996],[28.74152777777778,40.98375],[28.74097222222222,40.98375],[28.740972194444446,40.984027749999996],[28.74013888888889,40.98402777777778],[28.740138861111113,40.98430552777778],[28.739305555555557,40.98430555555555],[28.739305527777777,40.98458330555556],[28.73902777777778,40.98458333333333],[28.73902775,40.984861083333335],[28.73875,40.98486111111111],[28.738749972222223,40.98513886111111],[28.738194444444446,40.98513888888889],[28.738194416666666,40.985416638888886],[28.737916666666667,40.98541666666667],[28.737916638888887,40.98569441666667],[28.73763888888889,40.98569444444444],[28.737638861111115,40.98624997222222],[28.73736111111111,40.98625],[28.737361083333333,40.98652775],[28.737083333333338,40.98652777777778],[28.737083333333338,40.986805555555556],[28.737361083333333,40.986805583333336],[28.737361083333333,40.98708330555556],[28.737083333333338,40.98708333333333],[28.737083305555554,40.98763886111111],[28.73680555555556,40.98763888888889],[28.736805527777776,40.988749972222216],[28.736527777777777,40.98875],[28.736527750000004,40.98930552777778],[28.73625,40.98930555555555],[28.736249972222225,40.990138861111106],[28.73597222222222,40.99013888888889],[28.735972194444447,40.99069441666667],[28.735694444444448,40.99069444444444],[28.735694416666664,40.99124997222222],[28.73541666666667,40.99125],[28.735416638888886,40.991527749999996],[28.73513888888889,40.991527777777776],[28.735138861111114,40.99180552777778],[28.73486111111111,40.99180555555555],[28.734861083333335,40.992361083333336],[28.734583333333337,40.99236111111111],[28.734583305555557,40.99263886111111],[28.734305555555558,40.99263888888889],[28.734305527777778,40.992916638888886],[28.73402777777778,40.992916666666666],[28.734027750000003,40.99347219444444],[28.73375,40.99347222222222],[28.733749972222224,40.993749972222226],[28.733472222222222,40.99375],[28.733472194444445,40.99486108333333],[28.733194444444447,40.99486111111111],[28.733194416666667,40.996805527777774],[28.732916666666668,40.99680555555556],[28.732916638888888,40.997638861111106],[28.73263888888889,40.997638888888886],[28.73263888888889,40.998194444444444],[28.732916638888888,40.998194472222224],[28.732916638888888,40.99874997222223],[28.73208333333334,40.99875],[28.732083305555555,40.999027749999996],[28.731805555555557,40.999027777777776],[28.731805527777777,40.99930552777778],[28.731527777777778,40.99930555555556],[28.731527749999998,40.999583305555554],[28.73125,40.999583333333334],[28.731249972222226,40.999861083333336],[28.73069444444445,40.99986111111111],[28.73069443355447,40.99997]]}},{"type":"Feature","properties":{},"geometry":{"type":"LineString","coordinates":[[28.730694427553868,41.00003],[28.730694416666665,41.00013886111111],[28.72986111111111,41.00013888888889],[28.729861083333336,41.000416638888886],[28.72930555555556,41.000416666666666],[28.729305527777775,41.00069441666667],[28.72902777777778,41.00069444444445],[28.729027749999997,41.000972194444444],[28.72847222222222,41.000972222222224],[28.728472194444446,41.001249972222226],[28.728194444444448,41.00125],[28.728194416666668,41.00152775],[28.72791666666667,41.00152777777778],[28.72791663888889,41.001805527777776],[28.72763888888889,41.001805555555556],[28.727638861111114,41.00208330555556],[28.72736111111111,41.00208333333334],[28.727361083333335,41.003194416666666],[28.727083333333333,41.003194444444446],[28.727083305555556,41.005416638888896],[28.726805555555558,41.00541666666667],[28.726805527777778,41.005694416666664],[28.72652777777778,41.005694444444444],[28.72652775,41.006527750000004],[28.72625,41.00652777777778],[28.726249972222224,41.00680552777778],[28.725694444444446,41.00680555555556],[28.725694416666666,41.007083305555554],[28.725416666666668,41.007083333333334],[28.725416638888888,41.007361083333336],[28.72486111111111,41.00736111111111],[28.724861083333337,41.00763886111111],[28.72347222222222,41.00763888888889],[28.723472194444447,41.007916638888894],[28.72263888888889,41.00791666666667],[28.722638861111115,41.00819441666667],[28.72236111111111,41.00819444444445],[28.722361083333336,41.008472194444444],[28.72180555555556,41.008472222222224],[28.72180552777778,41.008749972222226],[28.72152777777778,41.00875],[28.72152775,41.00902775],[28.720972222222223,41.00902777777778],[28.720972194444446,41.00930552777778],[28.720694444444444,41.00930555555556],[28.720694416666667,41.00958330555556],[28.72013888888889,41.00958333333334],[28.720138861111113,41.010138861111116],[28.71986111111111,41.01013888888889],[28.71986111111111,41.01125],[28.720138861111113,41.011250027777784],[28.72013888888889,41.011805555555554],[28.72041663888889,41.011805583333334],[28.72041666666667,41.01263888888889],[28.720694416666667,41.01263891666667],[28.720694416666667,41.012916638888896],[28.72041666666667,41.01291666666667],[28.72041666666667,41.013194444444444],[28.720694416666667,41.013194472222224],[28.720694444444444,41.01402777777778],[28.720972194444446,41.01402780555556],[28.720972222222223,41.01486111111111],[28.721249972222225,41.01486113888889],[28.72125,41.01541666666667],[28.72152775,41.01541669444444],[28.72152777777778,41.01569444444445],[28.72180552777778,41.01569447222222],[28.72180555555556,41.015972222222224],[28.722083305555557,41.015972250000004],[28.72208333333333,41.01625],[28.722361083333336,41.01625002777778],[28.72236111111111,41.016527777777775],[28.722638861111115,41.01652780555556],[28.72263888888889,41.01680555555556],[28.72319441666667,41.01680558333333],[28.72319444444445,41.01708333333334],[28.723472194444447,41.01708336111111],[28.72347222222222,41.017361111111114],[28.724027749999998,41.01736113888889],[28.724027777777778,41.01763888888889],[28.724583305555555,41.01763891666667],[28.72458333333333,41.017916666666665],[28.725694416666666,41.017916694444445],[28.725694444444446,41.01819444444445],[28.72652777777778,41.01819444444445],[28.726527805555556,41.017916694444445],[28.726805555555558,41.017916666666665],[28.726805583333334,41.01763891666667],[28.72736111111111,41.01763888888889],[28.72736113888889,41.01708336111111],[28.72763888888889,41.01708333333334],[28.727638916666663,41.01652780555556],[28.72791666666667,41.016527777777775],[28.727916694444446,41.01625002777778],[28.728194444444448,41.01625],[28.728194472222224,41.01569447222222],[28.72847222222222,41.01569444444445],[28.728472250000003,41.01541669444444],[28.72930555555556,41.01541666666667],[28.729305583333332,41.01513891666667],[28.72958333333333,41.01513888888889],[28.729583361111114,41.01486113888889],[28.73069444444445,41.01486111111111],[28.730694472222222,41.014583361111114],[28.73125,41.014583333333334],[28.731250027777783,41.01430558333333],[28.73208333333334,41.01430555555556],[28.732083361111112,41.01402780555556],[28.735694416666664,41.01402780555556],[28.735694444444448,41.01430555555556],[28.737916638888887,41.01430558333333],[28.737916666666667,41.014583333333334],[28.738472194444444,41.014583361111114],[28.73847222222222,41.01486111111111],[28.740138861111113,41.01486113888889],[28.74013888888889,41.01513888888889],[28.740416638888888,41.01513891666667],[28.74041666666667,41.01541666666667],[28.740694416666667,41.01541669444444],[28.740694444444447,41.01569444444445],[28.740972194444446,41.01569447222222],[28.74097222222222,41.01625],[28.741249972222224,41.01625002777778],[28.741249972222224,41.01652775],[28.74097222222222,41.016527777777775],[28.740972194444446,41.017361083333334],[28.740694444444447,41.017361111111114],[28.740694444444447,41.01819444444445],[28.740972194444446,41.01819447222222],[28.740972194444446,41.01986108333333],[28.740694444444447,41.01986111111111],[28.740694416666667,41.02041663888889],[28.74041666666667,41.02041666666667],[28.740416638888888,41.02124997222222],[28.74013888888889,41.02125],[28.740138861111113,41.02180552777778],[28.73986111111111,41.02180555555556],[28.739861083333334,41.02374997222223],[28.739583333333336,41.02375],[28.739583305555556,41.024305527777784],[28.739305555555557,41.02430555555556],[28.739305527777777,41.024861083333334],[28.73902777777778,41.024861111111115],[28.73902775,41.02513886111111],[28.73875,41.02513888888889],[28.738749972222223,41.02597219444444],[28.73847222222222,41.02597222222222],[28.738472194444444,41.02680552777778],[28.737916666666667,41.026805555555555],[28.737916638888887,41.02791663888889],[28.73763888888889,41.02791666666667],[28.737638861111115,41.02874997222222],[28.73736111111111,41.028749999999995],[28.73736111111111,41.02930555555556],[28.737638861111115,41.02930558333334],[28.737638861111115,41.03013886111111],[28.73736111111111,41.030138888888885],[28.737361083333333,41.03069441666667],[28.737083333333338,41.03069444444444],[28.737083305555554,41.030972194444445],[28.73680555555556,41.030972222222225],[28.736805527777776,41.03124997222222],[28.736527777777777,41.03125000000001],[28.736527750000004,41.03152775],[28.73625,41.031527777777775],[28.736249972222225,41.031805527777784],[28.73597222222222,41.03180555555556],[28.73597222222222,41.03263888888889],[28.736249972222225,41.03263891666667],[28.736249972222225,41.03291663888889],[28.73597222222222,41.032916666666665],[28.735972194444447,41.03347219444444],[28.735694444444448,41.03347222222222],[28.735694416666664,41.033749972222225],[28.73541666666667,41.033750000000005],[28.735416638888886,41.03402775],[28.73513888888889,41.03402777777778],[28.73513888888889,41.03458333333334],[28.735416638888886,41.03458336111111],[28.73541666666667,41.03486111111111],[28.735694416666664,41.03486113888889],[28.735694416666664,41.036527750000005],[28.73541666666667,41.03652777777778],[28.735416638888886,41.03680552777778],[28.73513888888889,41.03680555555555],[28.735138861111114,41.037083305555555],[28.73486111111111,41.037083333333335],[28.734861083333335,41.03791663888889],[28.734583333333337,41.03791666666667],[28.734583305555557,41.038472194444445],[28.734305555555558,41.038472222222225],[28.734305527777778,41.03874997222222],[28.73375,41.03875],[28.733749972222224,41.04013886111111],[28.733472222222222,41.04013888888889],[28.733472194444445,41.04041663888889],[28.732916666666668,41.040416666666665],[28.732916638888888,41.04069441666667],[28.73263888888889,41.04069444444445],[28.732638861111113,41.04097219444444],[28.73236111111111,41.04097222222222],[28.732361083333334,41.04180552777778],[28.731805555555557,41.041805555555555],[28.731805527777777,41.04208330555556],[28.731527777777778,41.04208333333334],[28.731527749999998,41.04236108333333],[28.73125,41.04236111111111],[28.731249972222226,41.042638861111115],[28.73069444444445,41.042638888888895],[28.730694416666665,41.04291663888889],[28.730138888888888,41.04291666666666],[28.730138861111115,41.04319441666667],[28.72986111111111,41.043194444444445],[28.729861083333336,41.04347219444444],[28.72930555555556,41.04347222222223],[28.729305527777775,41.04374997222222],[28.72902777777778,41.04375],[28.729027749999997,41.04402775],[28.72847222222222,41.04402777777778],[28.728472194444446,41.04430552777778],[28.728194444444448,41.04430555555555],[28.728194416666668,41.04458330555556],[28.72763888888889,41.044583333333335],[28.727638861111114,41.04486108333333],[28.72736111111111,41.04486111111111],[28.727361083333335,41.04513886111111],[28.727083333333333,41.04513888888889],[28.727083333333333,41.04541666666667],[28.727361083333335,41.04541669444445],[28.72736111111111,41.04569444444444],[28.727638861111114,41.04569447222222],[28.72763888888889,41.045972222222225],[28.72791663888889,41.04597225],[28.72791666666667,41.04625],[28.728194416666668,41.04625002777778],[28.728194444444448,41.047361111111115],[28.728472194444446,41.04736113888889],[28.72847222222222,41.04763888888889],[28.729305527777775,41.04763891666667],[28.72930555555556,41.047916666666666],[28.729583305555558,41.047916694444446],[28.72958333333333,41.04819444444445],[28.730138861111115,41.04819447222223],[28.730138888888888,41.04847222222222],[28.730416638888887,41.048472249999996],[28.73041666666667,41.048750000000005],[28.731249972222226,41.04875002777778],[28.73125,41.04902777777777],[28.731805527777777,41.04902780555556],[28.731805555555557,41.049305555555556],[28.732361083333334,41.049305583333336],[28.73236111111111,41.05041666666666],[28.732638861111113,41.05041669444444],[28.73263888888889,41.050694444444446],[28.732916638888888,41.050694472222226],[28.732916666666668,41.05097222222222],[28.733749972222224,41.05097225],[28.73375,41.05125],[28.734583305555557,41.051250027777776],[28.734583333333337,41.05152777777778],[28.73513888888889,41.05152777777778],[28.73513891666667,41.051250027777776],[28.73597222222222,41.05125],[28.735972250000003,41.05097225],[28.73625,41.05097222222222],[28.736250027777782,41.050694472222226],[28.736527777777777,41.050694444444446],[28.736527805555554,41.05041669444444],[28.73680555555556,41.05041666666666],[28.736805583333332,41.04958336111111],[28.738194444444446,41.04958333333333],[28.738194472222222,41.049305583333336],[28.738472194444444,41.049305583333336],[28.73847222222222,41.04986111111111],[28.73902775,41.049861138888886],[28.73902777777778,41.050138888888895],[28.739861083333334,41.05013891666667],[28.73986111111111,41.05041666666666],[28.740416638888888,41.05041669444444],[28.74041666666667,41.050694444444446],[28.741805527777775,41.050694472222226],[28.74180555555556,41.05097222222222],[28.742638861111114,41.05097225],[28.742638888888887,41.05152777777778],[28.743472194444443,41.05152780555556],[28.74347222222222,41.05180555555555],[28.743749972222226,41.05180558333333],[28.74375,41.052083333333336],[28.744027750000004,41.052083361111116],[28.744027777777777,41.05236111111111],[28.744583305555555,41.05236113888889],[28.74458333333334,41.05263888888889],[28.744861083333333,41.052638916666666],[28.74486111111111,41.05291666666667],[28.745416666666667,41.05291666666667],[28.745416666666667,41.05319444444444],[28.74625,41.05319444444444],[28.74625002777778,41.05291669444445],[28.74652777777778,41.05291666666667],[28.74652777777778,41.05180555555555],[28.74625002777778,41.05180552777778],[28.74625,41.05152777777778],[28.74597225,41.05152775],[28.74597225,41.05013891666667],[28.74625,41.050138888888895],[28.74625,41.04847222222222],[28.74597225,41.04847219444444],[28.745972222222225,41.04763888888889],[28.745694472222223,41.04763886111111],[28.745694444444446,41.04708333333333],[28.745416694444444,41.04708330555556],[28.745416666666667,41.046527777777776],[28.74513891666667,41.04652775],[28.74513891666667,41.04597225],[28.745694444444446,41.045972222222225],[28.745694472222223,41.04541669444445],[28.745972222222225,41.04541666666667],[28.74597225,41.045138916666666],[28.74652777777778,41.04513888888889],[28.74652780555556,41.04486113888889],[28.747361111111108,41.04486111111111],[28.74736113888889,41.04458336111111],[28.748194444444447,41.044583333333335],[28.74819447222222,41.04430558333334],[28.748472222222226,41.04430555555555],[28.748472250000003,41.04402780555556],[28.74930555555556,41.04402777777778],[28.74930558333333,41.043750027777776],[28.750138888888888,41.04375],[28.75013891666667,41.04347225],[28.750416666666666,41.04347222222223],[28.750416694444443,41.043194472222225],[28.750694444444445,41.043194444444445],[28.75069447222222,41.04291669444445],[28.750972222222227,41.04291666666666],[28.75097225,41.04263891666667],[28.75125,41.042638888888895],[28.75125002777778,41.041805583333336],[28.751527777777778,41.041805555555555],[28.751527805555558,41.04125002777778],[28.752083333333335,41.041250000000005],[28.75208336111111,41.04097225],[28.75236111111111,41.04097222222222],[28.75236113888889,41.04069447222222],[28.75263888888889,41.04069444444445],[28.75263891666667,41.040416694444446],[28.752916666666668,41.040416666666665],[28.752916694444444,41.04013891666667],[28.753194444444446,41.04013888888889],[28.753194472222223,41.03958336111111],[28.753472222222225,41.03958333333333],[28.753472222222225,41.03819444444444],[28.753194472222223,41.03819441666667],[28.753194444444446,41.037638888888885],[28.752916694444444,41.03763886111111],[28.752916666666668,41.03736111111112],[28.75236113888889,41.03736108333333],[28.75236111111111,41.03680555555555],[28.75208336111111,41.03680552777778],[28.752083333333335,41.03652777777778],[28.751805583333333,41.036527750000005],[28.751805555555556,41.03513888888889],[28.751527805555558,41.035138861111115],[28.751527805555558,41.03486113888889],[28.751805555555556,41.03486111111111],[28.751805555555556,41.03263888888889],[28.751527805555558,41.03263886111111],[28.751527777777778,41.03208333333333],[28.75125002777778,41.03208330555555],[28.75125,41.03180555555556],[28.75097225,41.031805527777784],[28.750972222222227,41.02986111111112],[28.75069447222222,41.02986108333333],[28.750694444444445,41.029583333333335],[28.750416694444443,41.029583305555555],[28.750416694444443,41.02875002777778],[28.750694444444445,41.028749999999995],[28.75069447222222,41.02819447222222],[28.750972222222227,41.028194444444445],[28.75097225,41.02791669444445],[28.75125,41.02791666666667],[28.75125002777778,41.026805583333335],[28.751527777777778,41.026805555555555],[28.751527805555558,41.02625002777778],[28.751805555555556,41.02625],[28.751805583333333,41.02180558333333],[28.75236111111111,41.02180555555556],[28.75236113888889,41.020694472222225],[28.75263888888889,41.020694444444445],[28.75263891666667,41.02041669444445],[28.752916666666668,41.02041666666667],[28.752916694444444,41.01986113888889],[28.753194444444446,41.01986111111111],[28.753194472222223,41.019305583333335],[28.753472222222225,41.019305555555555],[28.75347225,41.01847225],[28.75375,41.01847222222223],[28.75375002777778,41.017916694444445],[28.75402777777778,41.017916666666665],[28.75402780555556,41.01680558333333],[28.754305555555558,41.01680555555556],[28.754305555555558,41.01430555555556],[28.75402780555556,41.01430552777778],[28.75402777777778,41.01347222222223],[28.75375002777778,41.01347219444445],[28.75375002777778,41.013194472222224],[28.75402777777778,41.013194444444444],[28.75402780555556,41.01208336111111],[28.755138888888887,41.01208333333334],[28.75513891666667,41.011805583333334],[28.757361111111116,41.011805555555554],[28.75736113888889,41.01152780555556],[28.757638888888888,41.01152777777778],[28.757638916666668,41.011250027777784],[28.759583333333335,41.01125],[28.759583361111112,41.01097225],[28.76013888888889,41.01097222222223],[28.76013891666667,41.01069447222222],[28.762083333333337,41.01069444444445],[28.76208336111111,41.010416694444444],[28.762638888888887,41.01041666666667],[28.76263891666667,41.01013891666667],[28.762916666666666,41.01013888888889],[28.76291669444445,41.009861138888894],[28.763194416666664,41.009861138888894],[28.763194444444444,41.01013888888889],[28.763472194444443,41.01013891666667],[28.763472222222227,41.01041666666667],[28.764583305555554,41.010416694444444],[28.764583333333334,41.01069444444445],[28.76513886111111,41.01069447222222],[28.765138888888888,41.01097222222223],[28.765972194444444,41.01097225],[28.765972222222224,41.01125],[28.767916666666665,41.01125],[28.767916694444448,41.01097225],[28.768750000000004,41.01097222222223],[28.768750027777777,41.01069447222222],[28.770416666666666,41.01069444444445],[28.770416694444446,41.010416694444444],[28.770694444444445,41.01041666666667],[28.77069447222222,41.009861138888894],[28.770972222222223,41.00986111111111],[28.77097225,41.00958336111111],[28.771250000000002,41.00958333333334],[28.77125002777778,41.00930558333333],[28.771527777777777,41.00930555555556],[28.771527805555557,41.00902780555556],[28.772083333333335,41.00902777777778],[28.77208336111111,41.00875002777778],[28.772361111111113,41.00875],[28.77236113888889,41.00819447222222],[28.77263888888889,41.00819444444445],[28.77263888888889,41.00625],[28.77236113888889,41.00624997222222],[28.772361111111113,41.00513888888889],[28.77208336111111,41.005138861111114],[28.772083333333335,41.00486111111111],[28.771805583333336,41.00486108333333],[28.771805555555556,41.004583333333336],[28.771527805555557,41.004583305555556],[28.771527777777777,41.00430555555556],[28.77125002777778,41.004305527777774],[28.771250000000002,41.00402777777778],[28.77069447222222,41.004027750000006],[28.770694444444445,41.00375],[28.770416694444446,41.003749972222224],[28.770416666666666,41.00347222222222],[28.76986113888889,41.00347219444445],[28.769861111111116,41.003194444444446],[28.76958336111111,41.003194416666666],[28.769583333333333,41.00291666666667],[28.76902780555556,41.002916638888884],[28.769027777777776,41.00263888888889],[28.768750027777777,41.002638861111116],[28.768750000000004,41.00236111111111],[28.76847225,41.002361083333334],[28.768472222222226,41.00208333333334],[28.767916694444448,41.00208330555556],[28.767916666666665,41.001805555555556],[28.76763891666667,41.001805527777776],[28.767638888888886,41.00152777777778],[28.76708336111111,41.00152775],[28.767083333333336,41.00125],[28.76680558333333,41.001249972222226],[28.766805555555557,41.000972222222224],[28.766527805555558,41.000972194444444],[28.766527777777778,41.00069444444445],[28.765694472222222,41.00069441666667],[28.765694444444446,41.000416666666666],[28.764027805555557,41.000416638888886],[28.764027786222645,41.00003]]}},{"type":"Feature","properties":{},"geometry":{"type":"LineString","coordinates":[[28.764027783222495,40.99997],[28.764027777777777,40.99986111111111],[28.76319447222222,40.999861083333336],[28.763194444444444,40.999583333333334],[28.76263891666667,40.999583305555554],[28.762638888888887,40.999027777777776],[28.76236113888889,40.999027749999996]]}},{"type":"Feature","properties":{},"geometry":{"type":"LineString","coordinates":[[28.88513891666667,41.14791669444445],[28.885694444444443,41.14791666666667],[28.885694472222227,41.147638916666665],[28.885972222222225,41.14763888888889],[28.88597225,41.14736113888889],[28.886250000000004,41.14736111111112],[28.886250027777777,41.14680558333334],[28.886527777777776,41.14680555555555],[28.886527805555556,41.14652780555556],[28.886805555555554,41.14652777777778],[28.886805583333338,41.14597225],[28.887083333333333,41.14597222222223],[28.88708336111111,41.145694472222225],[28.88736111111111,41.145694444444445],[28.88736113888889,41.14541669444445],[28.887638888888894,41.14541666666667],[28.887638916666667,41.14513891666667],[28.888194416666668,41.14513891666667],[28.888194444444444,41.14541666666667],[28.88874997222222,41.14541669444445],[28.88875,41.145694444444445],[28.88902775,41.145694472222225],[28.889027777777777,41.14736111111112],[28.889583333333334,41.14736111111112],[28.889583361111107,41.14708336111111],[28.889861111111113,41.147083333333335],[28.88986113888889,41.14680558333334],[28.890694444444446,41.14680555555555],[28.890694472222226,41.14597225],[28.890972222222224,41.14597222222223],[28.890972222222224,41.145694444444445],[28.890694472222226,41.14569441666667],[28.890694444444446,41.14402777777778],[28.889861111111113,41.14402777777778],[28.889861083333333,41.14458330555556],[28.889305583333336,41.14458330555556],[28.889305555555556,41.14402777777778],[28.889027805555557,41.14402775],[28.889027777777777,41.143750000000004],[28.88875002777778,41.143749972222224],[28.88875,41.14347222222222],[28.88847225,41.14347219444444],[28.888472222222223,41.14319444444445],[28.888194472222224,41.14319441666667],[28.888194472222224,41.14180558333334],[28.888472222222223,41.14180555555556],[28.88847225,41.14041669444445],[28.88875,41.14041666666667],[28.88875002777778,41.13958336111111],[28.889027777777777,41.139583333333334],[28.889027805555557,41.13930558333334],[28.889305555555556,41.13930555555556],[28.889305583333336,41.13902780555556],[28.889583333333334,41.13902777777778],[28.889583361111107,41.13875002777778],[28.889861111111113,41.13875],[28.88986113888889,41.13847225],[28.89013888888889,41.13847222222223],[28.890138916666668,41.13819447222222],[28.890416666666663,41.138194444444444],[28.890416694444447,41.13763891666667],[28.890694444444446,41.13763888888889],[28.890694472222226,41.13736113888889],[28.890972222222224,41.13736111111111],[28.890972249999997,41.13708336111111],[28.891250000000003,41.13708333333334],[28.891250027777776,41.136805583333334],[28.892638888888893,41.136805555555554],[28.892638916666666,41.13652780555556],[28.89402775,41.13652780555556],[28.894027777777783,41.136805555555554],[28.894861111111112,41.136805555555554],[28.89486113888889,41.13652780555556],[28.89513888888889,41.13652777777778],[28.895138916666667,41.13625002777778],[28.895694444444445,41.136250000000004],[28.895694472222225,41.13597225],[28.896805555555556,41.13597222222222],[28.896805583333336,41.13569447222222],[28.897361111111113,41.13569444444445],[28.897361138888886,41.13541669444445],[28.898194444444442,41.135416666666664],[28.898194472222226,41.13513891666667],[28.898472222222225,41.13513888888889],[28.898472249999998,41.13486113888889],[28.898750000000003,41.134861111111114],[28.898750027777776,41.13458336111111],[28.899027777777782,41.13458333333334],[28.899027805555555,41.13430558333334],[28.899305555555554,41.13430555555556],[28.899305583333337,41.13402780555556],[28.899583333333332,41.134027777777774],[28.899583361111116,41.13375002777778],[28.89986111111111,41.133750000000006],[28.899861138888888,41.13347225],[28.900138888888893,41.133472222222224],[28.900138916666666,41.13319447222222],[28.900416666666665,41.13319444444445],[28.900416694444445,41.13291669444445],[28.900694444444444,41.13291666666667],[28.900694472222224,41.13263891666667],[28.900972222222222,41.132638888888884],[28.90097225,41.13180558333333],[28.90125,41.13180555555556],[28.901250027777778,41.13152780555556],[28.90152777777778,41.13152777777778],[28.901527805555556,41.13097225],[28.901805555555555,41.130972222222226],[28.901805583333335,41.130694472222224],[28.902083333333334,41.130694444444444],[28.902083361111114,41.13041669444445],[28.902361111111112,41.13041666666667],[28.90236113888889,41.129305583333334],[28.90263888888889,41.129305555555554],[28.902638916666668,41.12902780555556],[28.902916666666663,41.12902777777778],[28.902916694444446,41.12847225],[28.903194444444445,41.12847222222223],[28.903194472222225,41.12791669444445],[28.903750000000002,41.127916666666664],[28.903750027777775,41.12763891666667],[28.90402777777778,41.12763888888889],[28.904027805555558,41.12736113888889],[28.90458333333333,41.127361111111114],[28.904583361111115,41.12708336111111],[28.905694444444443,41.12708333333334],[28.905694472222226,41.12680558333333],[28.90791666666667,41.126805555555556],[28.907916694444445,41.12652780555556],[28.908194444444444,41.126527777777774],[28.908194472222224,41.12625002777778],[28.90902777777778,41.12625],[28.909027805555557,41.125972250000004],[28.909305555555555,41.125972222222224],[28.909305583333335,41.12569447222222],[28.909583333333334,41.12569444444445],[28.909583361111114,41.12513891666667],[28.909861111111113,41.12513888888889],[28.909861138888886,41.124583361111114],[28.91013888888889,41.124583333333334],[28.910138916666668,41.124027805555556],[28.91041666666667,41.124027777777776],[28.91041666666667,41.12375],[28.910138916666668,41.12374997222222],[28.910138916666668,41.12347225],[28.91041666666667,41.123472222222226],[28.91041666666667,41.12291666666667],[28.910138916666668,41.122916638888896],[28.91013888888889,41.12152777777778],[28.909861138888886,41.121527750000006],[28.909861138888886,41.12125002777778],[28.91013888888889,41.121249999999996],[28.910138916666668,41.12069447222222],[28.91041666666667,41.120694444444446],[28.910416694444447,41.12041669444445],[28.91069444444444,41.12041666666667],[28.910694472222225,41.12013891666667],[28.910972222222224,41.12013888888889],[28.910972222222224,41.119861111111106],[28.910416694444447,41.11986108333333],[28.910416694444447,41.11958336111111],[28.910972222222224,41.11958333333334],[28.910972250000004,41.11930558333333],[28.911250000000003,41.119305555555556],[28.911250027777776,41.11902780555556],[28.911805555555553,41.11902777777778],[28.911805583333337,41.11875002777778],[28.91208333333333,41.11875],[28.912083361111115,41.11847225],[28.912638888888893,41.11847222222222],[28.912638916666666,41.11819447222222],[28.91291666666667,41.11819444444445],[28.912916694444444,41.117916694444446],[28.91347222222222,41.117916666666666],[28.913472250000005,41.11763891666667],[28.91375,41.11763888888889],[28.913750027777777,41.11736113888889],[28.91402777777778,41.11736111111111],[28.914027805555556,41.11708336111111],[28.914583333333333,41.11708333333333],[28.914583361111113,41.11680558333333],[28.91541663888889,41.11680558333333],[28.91541666666667,41.11708333333333],[28.916249972222225,41.11708336111111],[28.91625,41.11736111111111],[28.917083305555558,41.11736113888889],[28.91708333333333,41.11763888888889],[28.920972222222222,41.11763888888889],[28.920972250000002,41.11736113888889],[28.92125,41.11736111111111],[28.921250027777777,41.11708336111111],[28.92152777777778,41.11708333333333],[28.921527805555556,41.11541669444444],[28.921805555555558,41.11541666666667],[28.921805583333335,41.11430558333333],[28.922361083333335,41.11430558333333],[28.922361111111112,41.114583333333336],[28.92263886111111,41.11458336111111],[28.92263888888889,41.11486111111111],[28.92291663888889,41.11486113888889],[28.92291666666667,41.11569444444444],[28.923194416666668,41.11569447222222],[28.92319444444444,41.115972222222226],[28.923472194444447,41.11597225],[28.923472222222223,41.11625],[28.92430552777778,41.11625002777778],[28.92430555555556,41.116527777777776],[28.924583305555558,41.116527805555556],[28.92458333333333,41.11680555555556],[28.924861083333337,41.11680558333333],[28.92486111111111,41.11736111111111],[28.925138861111115,41.11736113888889],[28.925138888888892,41.11763888888889],[28.926805527777777,41.11763891666667],[28.926805555555557,41.117916666666666],[28.927916638888888,41.117916694444446],[28.92791666666667,41.11819444444445],[28.92902777777778,41.11819444444445],[28.92902777777778,41.117916666666666],[28.92875002777778,41.11791663888889],[28.92875,41.11763888888889],[28.928472250000002,41.11763886111111],[28.928472222222222,41.11736111111111],[28.927916694444445,41.117361083333336],[28.92791666666667,41.11708333333333],[28.927638916666666,41.11708330555555],[28.92763888888889,41.11680555555556],[28.92736113888889,41.11680552777778],[28.92736111111111,41.116527777777776],[28.926805583333334,41.11652775],[28.926805555555557,41.11625],[28.92597225,41.11624997222222],[28.92597222222222,41.115972222222226],[28.925694472222222,41.115972194444446],[28.925694444444442,41.11569444444444],[28.925416694444444,41.11569441666666],[28.92541666666667,41.11541666666667],[28.925138916666665,41.115416638888895],[28.925138888888892,41.115138888888886],[28.924861138888893,41.11513886111111],[28.92486111111111,41.114583333333336],[28.924583361111114,41.114583305555556],[28.92458333333333,41.11430555555556],[28.924027805555554,41.11430552777777],[28.92402777777778,41.11402777777778],[28.923750027777775,41.114027750000005],[28.923750000000002,41.113749999999996],[28.923472250000003,41.11374997222222],[28.923472250000003,41.11291669444444],[28.923750000000002,41.11291666666667],[28.923750027777775,41.11208336111111],[28.92402777777778,41.11208333333334],[28.92402777777778,41.11125],[28.923750027777775,41.111249972222225],[28.923750027777775,41.11097225],[28.92402777777778,41.11097222222222],[28.92402777777778,41.11069444444445],[28.923750027777775,41.11069441666667],[28.923750027777775,41.11013891666667],[28.92402777777778,41.11013888888889],[28.924027805555554,41.10986113888889],[28.92430555555556,41.10986111111111],[28.92430555555556,41.109027777777776],[28.924027805555554,41.10902775],[28.92402777777778,41.10819444444445],[28.923750027777775,41.10819441666666],[28.923750000000002,41.10791666666667],[28.923472250000003,41.10791663888889],[28.923472222222223,41.107638888888886],[28.923194472222225,41.10763886111111],[28.923194472222225,41.10652780555555],[28.923472222222223,41.10652777777778],[28.923472250000003,41.10625002777778],[28.92402777777778,41.10625],[28.924027805555554,41.10597225],[28.92430555555556,41.10597222222222],[28.924305583333332,41.105694472222225],[28.92486111111111,41.105694444444445],[28.924861138888893,41.10541669444444],[28.925138888888892,41.10541666666667],[28.925138888888892,41.10513888888889],[28.924861138888893,41.105138861111115],[28.92486111111111,41.10458333333334],[28.923750000000002,41.10458333333334],[28.923749972222225,41.10486108333333],[28.922638916666664,41.10486108333333],[28.92263888888889,41.10375],[28.922361138888892,41.103749972222225],[28.922361111111112,41.102916666666665],[28.921805583333335,41.102916638888885],[28.921805555555558,41.10263888888889],[28.921527805555556,41.10263886111112],[28.92152777777778,41.10236111111111],[28.920694444444443,41.10236111111111],[28.920694416666667,41.10263886111112],[28.91986111111111,41.10263888888889],[28.919861083333338,41.102916638888885],[28.91930555555556,41.102916666666665],[28.919305527777777,41.10319441666667],[28.91902777777778,41.10319444444445],[28.919027749999998,41.10347219444444],[28.91875,41.10347222222222],[28.918749972222226,41.103749972222225],[28.91847222222222,41.10375],[28.918472194444448,41.10402775000001],[28.918194444444442,41.10402777777778],[28.918194444444442,41.10513888888889],[28.918749972222226,41.10513891666667],[28.91875,41.105694444444445],[28.919305527777777,41.105694472222225],[28.91930555555556,41.10625],[28.919583305555555,41.10625002777778],[28.919583305555555,41.107083305555555],[28.91930555555556,41.107083333333335],[28.91930555555556,41.107638888888886],[28.919861083333338,41.10763891666667],[28.91986111111111,41.10791666666667],[28.920416638888888,41.10791669444444],[28.920416666666668,41.10819444444445],[28.920694416666667,41.10819447222222],[28.920694444444443,41.108472222222225],[28.920972194444445,41.10847225],[28.920972194444445,41.10958330555555],[28.920694444444443,41.10958333333334],[28.920694416666667,41.11013886111111],[28.920416666666668,41.11013888888889],[28.920416638888888,41.11069441666667],[28.92013888888889,41.11069444444445],[28.92013886111111,41.11097219444444],[28.91986111111111,41.11097222222222],[28.919861083333338,41.111249972222225],[28.919583333333332,41.11125],[28.919583305555555,41.11152775],[28.91930555555556,41.11152777777778],[28.919305527777777,41.11236108333333],[28.91902777777778,41.112361111111106],[28.919027749999998,41.113194416666666],[28.91875,41.113194444444446],[28.918749972222226,41.11347219444445],[28.91847222222222,41.11347222222223],[28.918472194444448,41.11374997222222],[28.91791666666667,41.113749999999996],[28.917916638888887,41.114027750000005],[28.917638916666665,41.114027750000005],[28.91763888888889,41.113749999999996],[28.917361138888893,41.11374997222222],[28.917361111111113,41.113194444444446],[28.914583333333333,41.113194444444446],[28.914583305555556,41.11347219444445],[28.911805555555553,41.11347222222223],[28.91180552777778,41.11374997222222],[28.911250000000003,41.113749999999996],[28.91124997222222,41.114027750000005],[28.910972222222224,41.11402777777778],[28.910972194444447,41.11430552777777],[28.91069444444444,41.11430555555556],[28.91069441666667,41.114583305555556],[28.91041666666667,41.114583333333336],[28.91041663888889,41.11486108333334],[28.91013888888889,41.11486111111111],[28.91013886111111,41.11513886111111],[28.909861111111113,41.115138888888886],[28.909861111111113,41.11625],[28.91013886111111,41.11625002777778],[28.91013886111111,41.11652775],[28.909861111111113,41.116527777777776],[28.909861111111113,41.11680555555556],[28.91013886111111,41.11680558333333],[28.91013886111111,41.117361083333336],[28.909861111111113,41.11736111111111],[28.909861083333336,41.11791663888889],[28.909583333333334,41.117916666666666],[28.909583305555557,41.11819441666667],[28.909305555555555,41.11819444444445],[28.90930552777778,41.11847219444444],[28.90902777777778,41.11847222222222],[28.90902775,41.118749972222226],[28.908194444444444,41.11875],[28.908194416666667,41.11902775],[28.90763888888889,41.11902777777778],[28.90763886111111,41.11958330555556],[28.90736111111111,41.11958333333334],[28.90736108333334,41.120138861111116],[28.907083333333333,41.12013888888889],[28.907083305555556,41.12124997222222],[28.906805555555554,41.121249999999996],[28.906805527777777,41.121527750000006],[28.906527777777782,41.12152777777778],[28.90652775,41.12180552777778],[28.905694472222226,41.12180552777778],[28.905694444444443,41.12152777777778],[28.905416694444444,41.121527750000006],[28.90541666666667,41.121249999999996],[28.903194472222225,41.12124997222222],[28.903194444444445,41.12097222222223],[28.902638916666668,41.12097219444444],[28.90263888888889,41.120694444444446],[28.90152777777778,41.120694444444446],[28.90152775,41.12097219444444],[28.900416666666665,41.12097222222223],[28.90041663888889,41.12124997222222],[28.89986111111111,41.121249999999996],[28.89986111111111,41.122083333333336],[28.90180552777778,41.12208336111111],[28.901805555555555,41.12236111111112],[28.903472222222224,41.12236111111112],[28.903472250000004,41.12208336111111],[28.90402775,41.12208336111111],[28.90402777777778,41.12236111111112],[28.90458330555556,41.12236113888889],[28.90458333333333,41.12291666666667],[28.904861083333337,41.12291669444445],[28.904861111111114,41.123472222222226],[28.90513886111111,41.12347225],[28.905138888888892,41.12375],[28.905416638888887,41.12375002777778],[28.90541666666667,41.12430555555556],[28.90569441666667,41.12430558333333],[28.90569441666667,41.124583305555554],[28.90541666666667,41.124583333333334],[28.905416638888887,41.124861083333336],[28.905138888888892,41.124861111111116],[28.90513886111111,41.12513886111111],[28.90458333333333,41.12513888888889],[28.90458330555556,41.12541663888889],[28.904305555555553,41.125416666666666],[28.90430552777778,41.12569441666666],[28.903750000000002,41.12569444444445],[28.90374997222222,41.125972194444444],[28.903472222222224,41.125972222222224],[28.903472194444447,41.126249972222226],[28.903194444444445,41.12625],[28.90319441666667,41.12652775],[28.902916666666663,41.126527777777774],[28.90291663888889,41.12680552777778],[28.901805555555555,41.126805555555556],[28.90180552777778,41.12708330555555],[28.90152777777778,41.12708333333334],[28.90152775,41.127361083333334],[28.90125,41.127361111111114],[28.90124997222222,41.12791663888889],[28.900972222222222,41.127916666666664],[28.90097219444445,41.128194416666666],[28.900694444444444,41.128194444444446],[28.900694416666667,41.12847219444444],[28.900416666666665,41.12847222222223],[28.90041663888889,41.12930552777778],[28.900138888888893,41.129305555555554],[28.90013886111111,41.12986108333333],[28.89986111111111,41.12986111111111],[28.89986108333333,41.130138861111114],[28.899583333333332,41.13013888888889],[28.89958330555556,41.130694416666664],[28.899305555555554,41.130694444444444],[28.89930552777778,41.130972194444446],[28.899027777777782,41.130972222222226],[28.89902775,41.13124997222222],[28.898750000000003,41.13125],[28.89874997222222,41.132083305555554],[28.898472222222225,41.132083333333334],[28.898472194444448,41.132916638888894],[28.898194444444442,41.13291666666667],[28.89819441666667,41.13319441666667],[28.897361111111113,41.13319444444445],[28.89736108333333,41.133472194444444],[28.896805555555556,41.133472222222224],[28.89680552777778,41.133749972222226],[28.89652777777778,41.133750000000006],[28.89652775,41.13402775],[28.896250000000002,41.134027777777774],[28.896249972222222,41.134305527777784],[28.895694444444445,41.13430555555556],[28.895694416666668,41.13458330555555],[28.895416666666666,41.13458333333334],[28.89541663888889,41.134861083333334],[28.894861111111112,41.134861111111114],[28.894861083333332,41.13513886111111],[28.894305555555555,41.13513888888889],[28.894305527777778,41.13541663888889],[28.892361111111114,41.135416666666664],[28.89236108333333,41.135694416666674],[28.889583333333334,41.13569444444445],[28.889583305555558,41.136249972222224],[28.889305555555556,41.136250000000004],[28.88930552777778,41.13680552777778],[28.889027777777777,41.136805555555554],[28.88902775,41.13708330555556],[28.88875,41.13708333333334],[28.88874997222222,41.13736108333333],[28.888194444444444,41.13736111111111],[28.888194416666668,41.137638861111114],[28.887916666666666,41.13763888888889],[28.88791663888889,41.13819441666667],[28.887638888888894,41.138194444444444],[28.88763886111111,41.13847219444445],[28.887083333333333,41.13847222222223],[28.88708330555556,41.139027750000004],[28.886805555555554,41.13902777777778],[28.88680552777778,41.13930552777778],[28.886250000000004,41.13930555555556],[28.88624997222222,41.139583305555554],[28.885972222222225,41.139583333333334],[28.88597219444444,41.13986108333333],[28.885694444444443,41.13986111111112],[28.88569441666667,41.140416638888894],[28.885416666666664,41.14041666666667],[28.88541663888889,41.140972194444444],[28.885138888888893,41.140972222222224],[28.885138861111113,41.14152775],[28.884861111111114,41.141527777777775],[28.88486108333333,41.14208330555556],[28.884583333333335,41.14208333333333],[28.88458330555556,41.14263886111111],[28.884305555555557,41.14263888888889],[28.88430552777778,41.14319441666667],[28.884027777777774,41.14319444444445],[28.88402775,41.14347219444444],[28.883472222222224,41.14347222222222],[28.883472194444444,41.143749972222224],[28.883194444444445,41.143750000000004],[28.88319441666667,41.14402775],[28.882916666666667,41.14402777777778],[28.88291663888889,41.145138861111114],[28.882361111111113,41.145138888888894],[28.882361083333333,41.14541663888889],[28.882083333333334,41.14541666666667],[28.88208330555556,41.14597219444444],[28.88097225,41.14597219444444],[28.880972222222223,41.145694444444445],[28.880694444444444,41.145694444444445],[28.88069441666667,41.14597219444444],[28.880416694444445,41.14597219444444],[28.880416666666665,41.14541666666667],[28.880138916666667,41.14541663888889],[28.880138888888887,41.14486111111111],[28.879861138888888,41.14486108333333],[28.879861111111115,41.144305555555555],[28.87958336111111,41.14430552777778],[28.879583333333336,41.143750000000004],[28.879305583333338,41.143749972222224],[28.879305555555554,41.14347222222222],[28.87902780555556,41.14347219444444],[28.879027777777775,41.14319444444445],[28.878750027777777,41.14319441666667],[28.878750000000004,41.14263888888889],[28.878472249999998,41.14263886111111],[28.878472222222225,41.14208333333333],[28.87819447222222,41.14208330555556],[28.878194444444446,41.14180555555556],[28.87763891666667,41.141805527777784],[28.877638888888885,41.141527777777775],[28.875138888888888,41.141527777777775],[28.87513886111111,41.142361083333334],[28.874305555555555,41.142361111111114],[28.874305527777782,41.14263886111111],[28.873750000000005,41.14263888888889],[28.87374997222222,41.14291663888889],[28.873472222222226,41.142916666666665],[28.873472194444442,41.14347219444444],[28.873194444444444,41.14347222222222],[28.873194444444444,41.144305555555555],[28.873472194444442,41.144305583333335],[28.873472222222226,41.14458333333334],[28.87374997222222,41.14458336111111],[28.873750000000005,41.145138888888894],[28.87402775,41.14513891666667],[28.874027777777776,41.14597222222223],[28.874305527777782,41.14597225],[28.874305555555555,41.14625],[28.874861083333332,41.146250027777775],[28.874861111111112,41.14652777777778],[28.87513886111111,41.14652780555556],[28.875138888888888,41.14680555555555],[28.87541663888889,41.14680558333334],[28.875416666666666,41.14736111111112],[28.87569441666667,41.14736113888889],[28.875694444444445,41.14763888888889],[28.875972222222224,41.14763888888889],[28.87597225,41.14736113888889],[28.876250000000002,41.14736111111112],[28.876250000000002,41.14680555555555],[28.87597225,41.14680552777778],[28.875972222222224,41.14625],[28.87569447222222,41.14624997222222],[28.875694444444445,41.14597222222223],[28.875416694444446,41.14597219444444],[28.875416666666666,41.14541666666667],[28.875138916666668,41.14541663888889],[28.875138888888888,41.145138888888894],[28.87486113888889,41.145138861111114],[28.874861111111112,41.14486111111111],[28.87458336111111,41.14486108333333],[28.874583333333334,41.144305555555555],[28.87430558333334,41.14430552777778],[28.874305555555555,41.14402777777778],[28.874027805555556,41.14402775],[28.874027805555556,41.14347225],[28.874305555555555,41.14347222222222],[28.87430558333334,41.14319447222223],[28.874583333333334,41.14319444444445],[28.87458336111111,41.142916694444445],[28.875138888888888,41.142916666666665],[28.875138916666668,41.14263891666667],[28.875694444444445,41.14263888888889],[28.87569447222222,41.14236113888889],[28.875972194444444,41.14236113888889],[28.875972222222224,41.14263888888889],[28.87680552777778,41.14263891666667],[28.876805555555556,41.142916666666665],[28.877361083333334,41.142916694444445],[28.877361111111114,41.14319444444445],[28.87819441666667,41.14319447222223],[28.878194444444446,41.14347222222222],[28.87847219444444,41.14347225],[28.878472222222225,41.144305555555555],[28.878749972222224,41.144305583333335],[28.878750000000004,41.14486111111111],[28.879027750000002,41.14486113888889],[28.879027777777775,41.14541666666667],[28.87930552777778,41.14541669444445],[28.879305555555554,41.14652777777778],[28.87958330555556,41.14652780555556],[28.879583333333336,41.14680555555555],[28.87986108333333,41.14680558333334],[28.879861111111115,41.147083333333335],[28.88013886111111,41.14708336111111],[28.880138888888887,41.14736111111112],[28.880416638888892,41.14736113888889],[28.880416666666665,41.14763888888889],[28.880972194444443,41.147638916666665],[28.880972222222223,41.14791666666667],[28.881527777777777,41.14791666666667],[28.881527777777777,41.14819444444444],[28.883194444444445,41.14819444444444],[28.883194472222225,41.14791669444445],[28.88402775,41.14791669444445],[28.884027777777774,41.14819444444444],[28.885138888888893,41.14819444444444],[28.88513891666667,41.14791669444445]]}},{"type":"Feature","properties":{},"geometry":{"type":"LineString","coordinates":[[28.655694444444446,41.17875],[28.655694472222223,41.178472250000006],[28.656249999999996,41.178472222222226],[28.65625002777778,41.177638916666666],[28.65652777777778,41.17763888888889],[28.65652780555556,41.177361138888884],[28.656805555555557,41.17736111111111],[28.65680558333333,41.177083361111116],[28.657083333333336,41.177083333333336],[28.65708336111111,41.17680558333333],[28.657361111111115,41.17680555555556],[28.65736113888889,41.17652780555556],[28.657638888888886,41.17652777777778],[28.65763891666667,41.17597225],[28.657916666666665,41.17597222222222],[28.65791669444445,41.175694472222226],[28.658472222222226,41.175694444444446],[28.65847225,41.17513891666667],[28.658749999999998,41.17513888888889],[28.658750027777778,41.17402780555555],[28.659027777777776,41.17402777777778],[28.65902780555556,41.17375002777778],[28.659305555555555,41.17375],[28.65930558333333,41.17347225],[28.659583333333334,41.17347222222222],[28.65958336111111,41.17263891666666],[28.659861111111116,41.17263888888889],[28.65986113888889,41.17208336111111],[28.660138888888888,41.17208333333333],[28.660138916666668,41.171527805555556],[28.660416666666666,41.17152777777778],[28.660416694444447,41.17069447222222],[28.660694444444445,41.17069444444444],[28.66069447222222,41.169583361111115],[28.660972222222224,41.169583333333335],[28.66097225,41.16902780555556],[28.66125,41.16902777777778],[28.66125002777778,41.168750027777776],[28.661527777777778,41.16875],[28.661527777777778,41.168194444444445],[28.66125002777778,41.168194416666665],[28.66125002777778,41.167361138888886],[28.661527777777778,41.16736111111111],[28.661527777777778,41.166805555555555],[28.66125002777778,41.16680552777778],[28.66125002777778,41.16625002777778],[28.661527777777778,41.166250000000005],[28.661527805555558,41.16597225],[28.661805555555556,41.16597222222222],[28.661805583333333,41.16430558333334],[28.662083333333335,41.16430555555556],[28.66208336111111,41.16347225],[28.662361111111114,41.163472222222225],[28.66236113888889,41.16291669444445],[28.66263888888889,41.16291666666667],[28.66263891666667,41.162083361111115],[28.662916666666668,41.162083333333335],[28.662916694444448,41.16152780555556],[28.663194444444446,41.161527777777785],[28.663194444444446,41.160138888888895],[28.662916694444448,41.16013886111111],[28.662916694444448,41.15902780555556],[28.663194444444446,41.15902777777778],[28.66319447222222,41.15819447222223],[28.663472222222225,41.15819444444445],[28.66347225,41.157916694444445],[28.664027777777775,41.157916666666665],[28.66402780555556,41.15736113888889],[28.664583333333336,41.157361111111115],[28.66458336111111,41.15708336111111],[28.664861111111115,41.15708333333333],[28.664861138888888,41.156527805555555],[28.665138888888887,41.15652777777778],[28.66513891666667,41.15597225],[28.665416666666665,41.155972222222225],[28.66541669444445,41.155138916666665],[28.665694444444444,41.15513888888889],[28.66569447222222,41.15486113888889],[28.665972222222226,41.15486111111111],[28.66597225,41.15430558333334],[28.666250000000005,41.15430555555555],[28.666250027777778,41.153750027777775],[28.666527777777777,41.15375],[28.666527805555557,41.15347225],[28.666805555555555,41.15347222222223],[28.666805583333336,41.15291669444445],[28.667361111111113,41.15291666666666],[28.66736113888889,41.15208336111111],[28.667638888888888,41.15208333333334],[28.667638916666668,41.151805583333335],[28.667916666666667,41.151805555555555],[28.667916694444447,41.15152780555556],[28.668194444444445,41.15152777777777],[28.668194472222222,41.15125002777778],[28.668472222222224,41.151250000000005],[28.66847225,41.15069447222223],[28.669027777777778,41.15069444444445],[28.669027805555558,41.150416694444445],[28.669583333333335,41.150416666666665],[28.66958336111111,41.15013891666667],[28.669861111111114,41.15013888888889],[28.66986113888889,41.14930558333334],[28.670138888888886,41.14930555555556],[28.67013891666667,41.149027805555555],[28.670972222222225,41.149027777777775],[28.67097225,41.14875002777778],[28.671250000000004,41.14875],[28.671250027777777,41.14819447222223],[28.671527777777776,41.14819444444444],[28.67152780555556,41.14791669444445],[28.671805555555554,41.14791666666667],[28.671805583333338,41.147638916666665],[28.672083333333333,41.14763888888889],[28.67208336111111,41.14708336111111],[28.672361111111115,41.147083333333335],[28.67236113888889,41.14652780555556],[28.672916666666666,41.14652777777778],[28.672916694444446,41.14597225],[28.673194444444444,41.14597222222223],[28.67319447222222,41.145694472222225],[28.673750000000002,41.145694444444445],[28.67375002777778,41.14541669444445],[28.674305555555556,41.14541666666667],[28.674305583333336,41.14513891666667],[28.674861111111113,41.145138888888894],[28.67486113888889,41.14486113888889],[28.675416666666667,41.14486111111111],[28.675416694444447,41.14458336111111],[28.675694444444446,41.14458333333334],[28.67569447222222,41.144305583333335],[28.675972222222224,41.144305555555555],[28.675972249999997,41.14402780555556],[28.676805555555557,41.14402777777778],[28.676805583333337,41.14347225],[28.677083333333336,41.14347222222222],[28.67708336111111,41.14319447222223],[28.678750000000004,41.14319444444445],[28.678750027777777,41.14263891666667],[28.679027777777776,41.14263888888889],[28.679027805555556,41.14236113888889],[28.679861083333332,41.14236113888889],[28.679861111111112,41.14263888888889],[28.68013886111111,41.14263891666667],[28.68013888888889,41.142916666666665],[28.68041663888889,41.142916694444445],[28.680416666666666,41.14319444444445],[28.680972194444443,41.14319447222223],[28.680972222222223,41.14347222222222],[28.682083333333335,41.14347222222222],[28.682083333333335,41.14208333333333],[28.681805583333336,41.14208330555556],[28.681805583333336,41.14125002777778],[28.682083333333335,41.14125000000001],[28.682083361111108,41.13958336111111],[28.682361111111113,41.139583333333334],[28.68236113888889,41.13902780555556],[28.682638888888892,41.13902777777778],[28.68263891666667,41.13819447222222],[28.682916666666664,41.138194444444444],[28.682916694444447,41.13791669444445],[28.683194444444446,41.13791666666667],[28.683194472222226,41.13736113888889],[28.683472222222225,41.13736111111111],[28.683472249999998,41.136805583333334],[28.683750000000003,41.136805555555554],[28.683750027777776,41.13652780555556],[28.684027777777775,41.13652777777778],[28.68402780555556,41.13625002777778],[28.684861111111115,41.136250000000004],[28.684861138888888,41.13597225],[28.685138888888893,41.13597222222222],[28.685138916666666,41.13569447222222],[28.685416666666665,41.13569444444445],[28.685416666666665,41.134027777777774],[28.685138916666666,41.13402775],[28.685138916666666,41.13347225],[28.685416666666665,41.133472222222224],[28.685416694444445,41.13263891666667],[28.685694444444444,41.132638888888884],[28.685694472222227,41.13236113888889],[28.685972222222222,41.132361111111116],[28.68597225,41.132083361111114],[28.686527777777783,41.132083333333334],[28.686527805555556,41.13180558333333],[28.687361083333332,41.13180558333333],[28.687361111111112,41.132083333333334],[28.688472222222224,41.132083333333334],[28.688472249999997,41.130694472222224],[28.68902777777778,41.130694444444444],[28.689027805555558,41.13041669444445],[28.689305555555553,41.13041666666667],[28.689305583333336,41.13013891666667],[28.690138888888892,41.13013888888889],[28.690138916666665,41.12986113888889],[28.690416666666664,41.12986111111111],[28.690416694444448,41.129305583333334],[28.690694444444443,41.129305555555554],[28.690694472222226,41.12875002777778],[28.691805555555554,41.12875],[28.691805583333334,41.12847225],[28.692083333333333,41.12847222222223],[28.692083361111116,41.12819447222222],[28.69263888888889,41.128194444444446],[28.692638916666667,41.12791669444445],[28.693194444444444,41.127916666666664],[28.693194472222224,41.12763891666667],[28.693472222222223,41.12763888888889],[28.69347225,41.12736113888889],[28.69375,41.127361111111114],[28.693750027777778,41.12708336111111],[28.69402777777778,41.12708333333334],[28.694027805555557,41.12680558333333],[28.695972222222224,41.126805555555556],[28.695972249999997,41.12652780555556],[28.696250000000003,41.126527777777774],[28.696250027777776,41.12513891666667],[28.69652777777778,41.12513888888889],[28.696527805555558,41.12486113888889],[28.696805555555553,41.124861111111116],[28.696805583333337,41.12430558333333],[28.69708333333333,41.12430555555556],[28.697083361111115,41.124027805555556],[28.697361111111114,41.124027777777776],[28.697361138888887,41.12375002777778],[28.697638888888893,41.12375],[28.697638916666666,41.12347225],[28.697916666666664,41.123472222222226],[28.697916694444444,41.123194472222224],[28.698194444444443,41.123194444444444],[28.698194472222227,41.12291669444445],[28.699027777777783,41.12291666666667],[28.699027805555556,41.122638916666666],[28.70013888888889,41.122638888888886],[28.700138916666667,41.12236113888889],[28.700694444444444,41.12236111111112],[28.700694472222224,41.12208336111111],[28.70125,41.122083333333336],[28.70125002777778,41.121805583333334],[28.70152777777778,41.121805555555554],[28.701527805555557,41.12152780555556],[28.702083333333334,41.12152777777778],[28.702083361111114,41.12125002777778],[28.70263888888889,41.121249999999996],[28.702638916666665,41.12097225],[28.70291666666667,41.12097222222223],[28.702916694444447,41.12069447222222],[28.70347222222222,41.120694444444446],[28.703472250000004,41.12041669444445],[28.703750000000003,41.12041666666667],[28.703750027777776,41.12013891666667],[28.70402777777778,41.12013888888889],[28.704027805555555,41.11986113888889],[28.704305555555553,41.119861111111106],[28.704305583333333,41.11958336111111],[28.704583333333332,41.11958333333334],[28.704583361111116,41.11930558333333],[28.70486111111111,41.119305555555556],[28.704861138888887,41.11902780555556],[28.70513886111111,41.11902780555556],[28.70513888888889,41.119305555555556],[28.707361083333335,41.11930558333333],[28.707361111111112,41.11958333333334],[28.708472222222223,41.11958333333334],[28.708472250000003,41.11875002777778],[28.708750000000002,41.11875],[28.708750027777775,41.11847225],[28.70958333333333,41.11847222222222],[28.709583361111115,41.11819447222222],[28.71041666666667,41.11819444444445],[28.710416694444444,41.117916694444446],[28.71125,41.117916666666666],[28.711250027777776,41.11763891666667],[28.711527777777782,41.11763888888889],[28.711527805555555,41.11736113888889],[28.71180555555556,41.11736111111111],[28.711805583333334,41.11680558333333],[28.712083333333332,41.11680555555556],[28.712083361111112,41.116527805555556],[28.71263888888889,41.116527777777776],[28.712638916666666,41.11597225],[28.71291666666667,41.115972222222226],[28.712916694444445,41.11569447222222],[28.71402777777778,41.11569444444444],[28.714027805555556,41.11541669444444],[28.71430552777778,41.11541669444444],[28.71430555555556,41.11569444444444],[28.714583305555557,41.11569447222222],[28.714583333333334,41.11625],[28.714861083333336,41.11625002777778],[28.714861111111112,41.116527777777776],[28.71569444444444,41.116527777777776],[28.715694472222225,41.11625002777778],[28.71847222222222,41.11625],[28.71847225,41.11597225],[28.71902777777778,41.115972222222226],[28.719027805555555,41.11569447222222],[28.719305555555557,41.11569444444444],[28.719305583333334,41.11513891666667],[28.719583333333333,41.115138888888886],[28.719583361111113,41.11402780555556],[28.71986111111111,41.11402777777778],[28.71986113888889,41.11375002777778],[28.720972194444446,41.11375002777778],[28.720972222222223,41.11402777777778],[28.72180555555556,41.11402777777778],[28.721805583333335,41.11375002777778],[28.72319441666667,41.11375002777778],[28.72319444444445,41.11402777777778],[28.723472194444447,41.11402780555556],[28.72347222222222,41.11430555555556],[28.724583305555555,41.11430558333333],[28.72458333333333,41.11486111111111],[28.724861083333337,41.11486113888889],[28.72486111111111,41.115138888888886],[28.725138861111116,41.11513891666667],[28.725138861111116,41.11624997222222],[28.72486111111111,41.11625],[28.72486111111111,41.11680555555556],[28.725138861111116,41.11680558333333],[28.72513888888889,41.11763888888889],[28.725416638888888,41.11763891666667],[28.725416666666668,41.117916666666666],[28.72597222222222,41.117916666666666],[28.72597225,41.11763891666667],[28.727083305555556,41.11763891666667],[28.727083333333333,41.117916666666666],[28.72791663888889,41.117916694444446],[28.72791666666667,41.11819444444445],[28.728749972222225,41.11819447222222],[28.72875,41.11847222222222],[28.729027749999997,41.11847225],[28.72902777777778,41.11875],[28.729305527777775,41.11875002777778],[28.72930555555556,41.119305555555556],[28.729583305555558,41.11930558333333],[28.72958333333333,41.11958333333334],[28.729861083333336,41.11958336111111],[28.72986111111111,41.119861111111106],[28.730138888888888,41.119861111111106],[28.730138916666665,41.11958336111111],[28.73041666666667,41.11958333333334],[28.730416694444443,41.11902780555556],[28.73069444444445,41.11902777777778],[28.730694472222222,41.11847225],[28.73125,41.11847222222222],[28.731250027777783,41.11819447222222],[28.731527777777778,41.11819444444445],[28.731527805555555,41.117916694444446],[28.731805555555557,41.117916666666666],[28.731805555555557,41.114583333333336],[28.731527805555555,41.114583305555556],[28.731527777777778,41.11402777777778],[28.731250027777783,41.114027750000005],[28.73125,41.113194444444446],[28.73097225,41.113194416666666],[28.73097222222222,41.11291666666667],[28.730138916666665,41.11291663888889],[28.730138888888888,41.11263888888889],[28.729583361111114,41.112638861111115],[28.72958333333333,41.112361111111106],[28.728472250000003,41.11236108333333],[28.72847222222222,41.11208333333334],[28.726805583333334,41.11208330555556],[28.726805555555558,41.111805555555556],[28.72597225,41.111805527777776],[28.72597222222222,41.11152777777778],[28.725416694444444,41.11152775],[28.725416666666668,41.11125],[28.72458336111111,41.111249972222225],[28.72458333333333,41.11097222222222],[28.723750027777783,41.11097219444444],[28.72375,41.11069444444445],[28.723472250000004,41.11069441666667],[28.72347222222222,41.11013888888889],[28.722916694444443,41.11013886111111],[28.72291666666667,41.10986111111111],[28.722638916666664,41.109861083333335],[28.72263888888889,41.10958333333334],[28.722361138888893,41.10958330555555],[28.72236111111111,41.10930555555556],[28.722083361111114,41.10930552777778],[28.72208333333333,41.109027777777776],[28.721805583333335,41.10902775],[28.72180555555556,41.10875],[28.721250027777774,41.10874997222223],[28.721250027777774,41.10819447222222],[28.72180555555556,41.10819444444445],[28.721805583333335,41.10791669444444],[28.72208333333333,41.10791666666667],[28.722083361111114,41.10736113888889],[28.72236111111111,41.10736111111111],[28.72236111111111,41.107083333333335],[28.722083361111114,41.107083305555555],[28.72208333333333,41.10680555555556],[28.718194444444443,41.10680555555556],[28.718194416666666,41.107083305555555],[28.717638916666665,41.107083305555555],[28.71763888888889,41.10680555555556],[28.71708333333333,41.10680555555556],[28.71708330555556,41.107083305555555],[28.71541666666667,41.107083333333335],[28.71541663888889,41.10736108333334],[28.71513888888889,41.10736111111111],[28.715138861111107,41.10763886111111],[28.714583333333334,41.107638888888886],[28.714583305555557,41.10791663888889],[28.71430555555556,41.10791666666667],[28.71430552777778,41.10819441666666],[28.71402777777778,41.10819444444445],[28.71402775,41.108472194444445],[28.71375,41.108472222222225],[28.713749972222224,41.10902775],[28.713194444444444,41.109027777777776],[28.713194416666667,41.10930552777778],[28.71291666666667,41.10930555555556],[28.71291663888889,41.10958330555555],[28.71236113888889,41.10958330555555],[28.71236111111111,41.10930555555556],[28.71180555555556,41.10930555555556],[28.711805527777777,41.10958330555555],[28.71125,41.10958333333334],[28.711249972222227,41.109861083333335],[28.71097222222222,41.10986111111111],[28.710972194444448,41.11013886111111],[28.710694444444442,41.11013888888889],[28.71069441666667,41.11069441666667],[28.710138888888892,41.11069444444445],[28.71013886111111,41.11097219444444],[28.709861111111113,41.11097222222222],[28.709861083333337,41.111249972222225],[28.70958333333333,41.11125],[28.709583305555558,41.11152775],[28.709027805555557,41.11152775],[28.70902777777778,41.11125],[28.70791666666667,41.11125],[28.70791663888889,41.11152775],[28.70763888888889,41.11152777777778],[28.70763886111111,41.11208330555556],[28.707361111111112,41.11208333333334],[28.707361083333335,41.11236108333333],[28.707083333333333,41.112361111111106],[28.707083305555557,41.112638861111115],[28.70625,41.11263888888889],[28.70624997222222,41.11291663888889],[28.70541666666667,41.11291666666667],[28.705416638888888,41.113194416666666],[28.704583333333332,41.113194444444446],[28.70458330555556,41.11347219444445],[28.704305555555553,41.11347222222223],[28.704305527777777,41.11374997222222],[28.70402777777778,41.113749999999996],[28.704027749999998,41.11430552777777],[28.703750000000003,41.11430555555556],[28.70374997222222,41.114583305555556],[28.703194444444442,41.114583333333336],[28.70319441666667,41.11513886111111],[28.70291666666667,41.115138888888886],[28.70291663888889,41.11569441666666],[28.702361111111113,41.11569444444444],[28.702361083333336,41.115972194444446],[28.702083333333334,41.115972222222226],[28.702083305555558,41.11624997222222],[28.70152777777778,41.11625],[28.70152775,41.11680552777778],[28.700972222222223,41.11680555555556],[28.700972194444446,41.11708330555555],[28.699305555555554,41.11708333333333],[28.699305527777778,41.117361083333336],[28.698194444444443,41.11736111111111],[28.69819441666667,41.11763886111111],[28.697916694444444,41.11763886111111],[28.697916666666664,41.11736111111111],[28.697361111111114,41.11736111111111],[28.697361083333337,41.11763886111111],[28.695416666666663,41.11763888888889],[28.69541663888889,41.11791663888889],[28.694861111111113,41.117916666666666],[28.694861083333333,41.11819441666667],[28.694305555555555,41.11819444444445],[28.69430552777778,41.11847219444444],[28.69375,41.11847222222222],[28.69374997222222,41.118749972222226],[28.693472222222223,41.11875],[28.693472194444446,41.11902775],[28.693194444444444,41.11902777777778],[28.693194416666667,41.11930552777778],[28.69263888888889,41.119305555555556],[28.69263886111111,41.11958330555556],[28.691805555555554,41.11958333333334],[28.691805527777777,41.11986108333333],[28.691527777777782,41.119861111111106],[28.69152775,41.120138861111116],[28.69097222222222,41.12013888888889],[28.69097219444445,41.12041663888889],[28.690694444444443,41.12041666666667],[28.69069441666667,41.12097219444444],[28.690416666666664,41.12097222222223],[28.69041663888889,41.12124997222222],[28.690138888888892,41.121249999999996],[28.69013886111111,41.121527750000006],[28.689861111111114,41.12152777777778],[28.68986108333333,41.12180552777778],[28.689583333333335,41.121805555555554],[28.68958330555556,41.122083305555556],[28.689305555555553,41.122083333333336],[28.68930552777778,41.12236108333333],[28.68902777777778,41.12236111111112],[28.68902775,41.12263886111111],[28.688750000000002,41.122638888888886],[28.688749972222222,41.122916638888896],[28.688194444444445,41.12291666666667],[28.68819441666667,41.123194416666664],[28.68763888888889,41.123194444444444],[28.68763886111111,41.123472194444446],[28.687083333333334,41.123472222222226],[28.687083305555557,41.12374997222222],[28.686527777777783,41.12375],[28.68652775,41.12402775],[28.685972222222222,41.124027777777776],[28.685972194444442,41.12430552777778],[28.685416666666665,41.12430555555556],[28.68541663888889,41.124583305555554],[28.685138888888893,41.124583333333334],[28.68513886111111,41.124861083333336],[28.684861111111115,41.124861111111116],[28.68486108333333,41.12541663888889],[28.684583333333332,41.125416666666666],[28.68458330555556,41.126249972222226],[28.684305555555554,41.12625],[28.68430552777778,41.12708330555555],[28.684027777777775,41.12708333333334],[28.684027750000002,41.127361083333334],[28.683472222222225,41.127361111111114],[28.68347219444444,41.127638861111116],[28.683194444444446,41.12763888888889],[28.68319441666667,41.12791663888889],[28.682916666666664,41.127916666666664],[28.68291663888889,41.12986108333333],[28.682638888888892,41.12986111111111],[28.682638861111112,41.13041663888889],[28.682361111111113,41.13041666666667],[28.682361111111113,41.13125],[28.682638861111112,41.13125002777778],[28.682638861111112,41.132916638888894],[28.682361111111113,41.13291666666667],[28.682361083333333,41.13319441666667],[28.682083333333335,41.13319444444445],[28.682083305555558,41.133472194444444],[28.681527777777777,41.133472222222224],[28.68152775,41.133749972222226],[28.680694444444445,41.133750000000006],[28.680694416666668,41.13402775],[28.680416666666666,41.134027777777774],[28.68041663888889,41.134305527777784],[28.68013888888889,41.13430555555556],[28.68013886111111,41.13458330555555],[28.679861111111112,41.13458333333334],[28.679861083333332,41.13513886111111],[28.679583333333333,41.13513888888889],[28.67958330555556,41.135694416666674],[28.679305555555555,41.13569444444445],[28.67930552777778,41.13597219444444],[28.679027777777776,41.13597222222222],[28.67902775,41.13652775],[28.678750000000004,41.13652777777778],[28.67874997222222,41.13680552777778],[28.678194444444443,41.136805555555554],[28.67819441666667,41.13708330555556],[28.677916666666665,41.13708333333334],[28.67791663888889,41.13736108333333],[28.677361111111114,41.13736111111111],[28.67736108333333,41.13791663888889],[28.677083333333336,41.13791666666667],[28.67708330555556,41.13874997222222],[28.676805555555557,41.13875],[28.67680552777778,41.13930552777778],[28.676250000000003,41.13930555555556],[28.676249972222223,41.139583305555554],[28.675972222222224,41.139583333333334],[28.675972194444444,41.13986108333333],[28.675694444444446,41.13986111111112],[28.67569441666667,41.14013886111111],[28.67513888888889,41.140138888888885],[28.67513886111111,41.140416638888894],[28.674861111111113,41.14041666666667],[28.674861083333333,41.14069441666667],[28.673194444444444,41.14069444444444],[28.67319441666667,41.140972194444444],[28.672638888888887,41.140972222222224],[28.67263886111111,41.14124997222222],[28.672083333333333,41.14125000000001],[28.672083305555553,41.14152775],[28.671527777777776,41.141527777777775],[28.671527750000003,41.141805527777784],[28.670972222222225,41.14180555555556],[28.670972194444442,41.14208330555556],[28.670694444444447,41.14208333333333],[28.67069441666667,41.142361083333334],[28.670138888888886,41.142361111111114],[28.670138861111113,41.14263886111111],[28.669861111111114,41.14263888888889],[28.669861083333334,41.14291663888889],[28.669305555555557,41.142916666666665],[28.66930552777778,41.14319441666667],[28.669027777777778,41.14319444444445],[28.66902775,41.143749972222224],[28.668750000000003,41.143750000000004],[28.668749972222223,41.14430552777778],[28.668472222222224,41.144305555555555],[28.668472194444444,41.14458330555556],[28.668194444444445,41.14458333333334],[28.66819441666667,41.14486108333333],[28.667916666666667,41.14486111111111],[28.66791663888889,41.14541663888889],[28.667638888888888,41.14541666666667],[28.66763886111111,41.14569441666667],[28.667361111111113,41.145694444444445],[28.667361083333333,41.146527750000004],[28.667083333333334,41.14652777777778],[28.667083305555554,41.14680552777778],[28.666250000000005,41.14680555555555],[28.66624997222222,41.14708330555556],[28.665972222222226,41.147083333333335],[28.665972194444443,41.14736108333333],[28.665694444444444,41.14736111111112],[28.66569441666667,41.14819441666667],[28.665416666666665,41.14819444444444],[28.665416638888892,41.14874997222222],[28.665138888888887,41.14875],[28.665138861111114,41.14958330555556],[28.664861111111115,41.14958333333333],[28.66486108333333,41.149861083333334],[28.664583333333336,41.149861111111115],[28.664583305555553,41.15041663888889],[28.664305555555558,41.150416666666665],[28.66430552777778,41.15097219444444],[28.664027777777775,41.15097222222222],[28.664027750000002,41.151249972222224],[28.663749999999997,41.151250000000005],[28.663749972222224,41.15152775],[28.663472222222225,41.15152777777777],[28.663472194444445,41.152638861111114],[28.663194444444446,41.152638888888895],[28.663194416666663,41.15291663888889],[28.662916666666668,41.15291666666666],[28.66291663888889,41.15319441666667],[28.662361111111114,41.153194444444445],[28.662361083333334,41.15347219444444],[28.661527777777778,41.15347222222223],[28.66152775,41.15374997222222],[28.66125,41.15375],[28.661249972222222,41.15402775],[28.660972222222224,41.154027777777785],[28.660972194444444,41.15430552777778],[28.660694444444445,41.15430555555555],[28.660694416666665,41.15513886111111],[28.660416666666666,41.15513888888889],[28.66041663888889,41.15624997222222],[28.660138888888888,41.15625],[28.66013886111111,41.15708330555556],[28.659861111111116,41.15708333333333],[28.659861083333332,41.15763886111111],[28.659583333333334,41.15763888888889],[28.659583305555554,41.15847219444445],[28.659305555555555,41.15847222222222],[28.659305527777782,41.158749972222225],[28.659027777777776,41.158750000000005],[28.659027750000003,41.15902775],[28.658749999999998,41.15902777777778],[28.658749999999998,41.159305555555555],[28.659027750000003,41.159305583333335],[28.659027750000003,41.15986108333333],[28.658749999999998,41.15986111111111],[28.65874997222222,41.16013886111111],[28.658472222222226,41.160138888888895],[28.658472222222226,41.16125],[28.65874997222222,41.161250027777776],[28.65874997222222,41.16263886111111],[28.658472222222226,41.16263888888889],[28.658472222222226,41.16375],[28.65874997222222,41.16375002777778],[28.65874997222222,41.16430552777778],[28.658472222222226,41.16430555555556],[28.658472194444442,41.16569441666667],[28.657916666666665,41.16569444444444],[28.657916638888892,41.16597219444445],[28.657638888888886,41.16597222222222],[28.657638861111113,41.16680552777778],[28.657361111111115,41.166805555555555],[28.657361111111115,41.16736111111111],[28.657638861111113,41.167361138888886],[28.657638861111113,41.16874997222222],[28.657361111111115,41.16875],[28.657361111111115,41.16902777777778],[28.657638861111113,41.16902780555556],[28.657638861111113,41.16930552777778],[28.657361111111115,41.16930555555555],[28.657361083333335,41.17041663888889],[28.657083333333336,41.17041666666667],[28.657083305555552,41.17069441666667],[28.656805555555557,41.17069444444444],[28.65680552777778,41.170972194444445],[28.65652777777778,41.170972222222225],[28.65652777777778,41.17152777777778],[28.65680552777778,41.171527805555556],[28.65680552777778,41.17180552777778],[28.65652777777778,41.17180555555555],[28.656527750000002,41.172361083333335],[28.656249999999996,41.172361111111115],[28.656249972222223,41.172916638888886],[28.655972222222225,41.17291666666667],[28.655972194444445,41.17347219444445],[28.655694444444446,41.17347222222222],[28.655694416666666,41.17402775],[28.655416666666667,41.17402777777778],[28.65541663888889,41.174305527777776],[28.65513888888889,41.174305555555556],[28.655138861111112,41.17458330555556],[28.654861111111114,41.17458333333333],[28.654861083333333,41.17486108333334],[28.654583333333335,41.17486111111111],[28.654583305555555,41.175694416666666],[28.654305555555556,41.175694444444446],[28.654305527777783,41.17680552777778],[28.654027777777777,41.17680555555556],[28.65402775,41.177083305555556],[28.65375,41.177083333333336],[28.65375,41.17902777777778],[28.654027777777777,41.17902777777778],[28.654027777777777,41.17930555555556],[28.654583333333335,41.17930555555556],[28.65458336111111,41.179027805555556],[28.65513888888889,41.17902777777778],[28.65513891666667,41.178750027777774],[28.655694444444446,41.17875]]}},{"type":"Feature","properties":{},"geometry":{"type":"LineString","coordinates":[[28.74291666666667,41.15097222222222],[28.742916694444443,41.15069447222223],[28.74319444444445,41.15069444444445],[28.74319447222222,41.150416694444445],[28.74347222222222,41.150416666666665],[28.74347225,41.14875002777778],[28.74375,41.14875],[28.74375,41.14791666666667],[28.74347225,41.147916638888894],[28.74347225,41.146250027777775],[28.74375,41.14625],[28.743750027777782,41.145694472222225],[28.744027777777777,41.145694444444445],[28.744027805555554,41.14486113888889],[28.744305555555556,41.14486111111111],[28.744305583333333,41.14458336111111],[28.74458333333334,41.14458333333334],[28.74458336111111,41.144305583333335],[28.74513888888889,41.144305555555555],[28.74513891666667,41.14402780555556],[28.745694444444446,41.14402777777778],[28.745694472222223,41.14347225],[28.745972222222225,41.14347222222222],[28.745972222222225,41.14208333333333],[28.745694472222223,41.14208330555556],[28.745694444444446,41.14125000000001],[28.745416694444444,41.14124997222222],[28.745416666666667,41.140972222222224],[28.74513891666667,41.140972194444444],[28.74513891666667,41.14069447222222],[28.745416666666667,41.14069444444444],[28.745416666666667,41.140138888888885],[28.74513891666667,41.14013886111111],[28.74513888888889,41.13902777777778],[28.74486113888889,41.139027750000004],[28.74486111111111,41.13791666666667],[28.74458336111111,41.13791663888889],[28.74458333333334,41.136805555555554],[28.744305583333333,41.13680552777778],[28.744305555555556,41.136250000000004],[28.743750027777782,41.136249972222224],[28.74375,41.13597222222222],[28.74347225,41.13597219444444],[28.74347222222222,41.13569444444445],[28.74319447222222,41.135694416666674],[28.74319444444445,41.135416666666664],[28.742083361111114,41.13541663888889],[28.742083333333337,41.13513888888889],[28.740416694444445,41.13513886111111],[28.74041666666667,41.134861111111114],[28.73986111111111,41.134861111111114],[28.739861083333334,41.13513886111111],[28.739583333333336,41.13513888888889],[28.739583305555556,41.13541663888889],[28.73902777777778,41.135416666666664],[28.73902775,41.135694416666674],[28.73875,41.13569444444445],[28.73875,41.136805555555554],[28.739305527777777,41.136805583333334],[28.739305555555557,41.13708333333334],[28.740694416666667,41.13708336111111],[28.740694444444447,41.13736111111111],[28.741249972222224,41.13736113888889],[28.74125,41.13763888888889],[28.741527750000003,41.13763891666667],[28.74152777777778,41.13791666666667],[28.741805527777775,41.13791669444445],[28.74180555555556,41.138194444444444],[28.742083305555557,41.13819447222222],[28.742083333333337,41.13847222222223],[28.742638861111114,41.13847225],[28.742638888888887,41.13930555555556],[28.742916638888893,41.13930558333334],[28.74291666666667,41.13986111111112],[28.743194416666665,41.13986113888889],[28.74319444444445,41.140138888888885],[28.743472194444443,41.14013891666667],[28.74347222222222,41.14069444444444],[28.744027750000004,41.14069447222222],[28.744027777777777,41.14180555555556],[28.744305527777776,41.14180558333334],[28.744305527777776,41.14208330555556],[28.744027777777777,41.14208333333333],[28.744027777777777,41.142361111111114],[28.744305527777776,41.14236113888889],[28.744305527777776,41.14263886111111],[28.744027777777777,41.14263888888889],[28.744027750000004,41.14319441666667],[28.74375,41.14319444444445],[28.743749972222226,41.143749972222224],[28.74291666666667,41.143750000000004],[28.742916638888893,41.14402775],[28.742638888888887,41.14402777777778],[28.742638861111114,41.14430552777778],[28.74236111111111,41.144305555555555],[28.742361083333336,41.14458330555556],[28.742083333333337,41.14458333333334],[28.742083305555557,41.14486108333333],[28.74180555555556,41.14486111111111],[28.741805527777775,41.145138861111114],[28.74152777777778,41.145138888888894],[28.741527750000003,41.14541663888889],[28.74125,41.14541666666667],[28.741249972222224,41.146527750000004],[28.74097222222222,41.14652777777778],[28.740972194444446,41.14708330555556],[28.740694444444447,41.147083333333335],[28.740694444444447,41.14819444444444],[28.740972194444446,41.14819447222223],[28.74097222222222,41.14875],[28.741249972222224,41.14875002777778],[28.74125,41.14958333333333],[28.741527750000003,41.14958336111111],[28.74152777777778,41.151250000000005],[28.74180555555556,41.151250000000005],[28.74180555555556,41.15152777777777],[28.742083333333337,41.15152777777777],[28.742083361111114,41.15125002777778],[28.742638888888887,41.151250000000005],[28.74263891666667,41.15097225],[28.74291666666667,41.15097222222222]]}},{"type":"Feature","properties":{},"geometry":{"type":"LineString","coordinates":[[28.872083333333336,41.242638888888884],[28.87208336111111,41.24236113888889],[28.872638888888886,41.242361111111116],[28.87263891666667,41.24180558333334],[28.872916666666665,41.24180555555556],[28.87291669444445,41.23986113888889],[28.873194444444444,41.23986111111111],[28.873194444444444,41.23875],[28.87291669444445,41.23874997222222],[28.872916666666665,41.23847222222223],[28.871805555555557,41.23847222222223],[28.87180552777778,41.239027750000005],[28.87152780555556,41.239027750000005],[28.871527777777775,41.23847222222223],[28.87125002777778,41.23847219444444],[28.871250000000003,41.238194444444446],[28.87097225,41.23819441666667],[28.870972222222225,41.23791666666666],[28.87069447222222,41.23791663888889],[28.870694444444446,41.23763888888889],[28.870416694444447,41.237638861111115],[28.870416666666667,41.23736111111111],[28.87013891666667,41.23736108333333],[28.87013888888889,41.23708333333334],[28.869861111111113,41.23708333333334],[28.869861083333333,41.23736108333333],[28.869027777777777,41.23736111111111],[28.86902775,41.237638861111115],[28.867916666666666,41.23763888888889],[28.867916638888893,41.23819441666667],[28.867638888888887,41.238194444444446],[28.86763886111111,41.23847219444444],[28.867361111111116,41.23847222222223],[28.867361111111116,41.240138888888886],[28.86763886111111,41.240138916666666],[28.867638888888887,41.24041666666667],[28.867916638888893,41.24041669444445],[28.867916666666666,41.24069444444444],[28.868472194444443,41.24069447222222],[28.868472222222223,41.240972222222226],[28.868749972222222,41.24097225],[28.868750000000006,41.24125],[28.86902775,41.24125002777778],[28.869027777777777,41.241527777777776],[28.86930552777778,41.241527805555556],[28.869305555555556,41.24180555555556],[28.869583305555555,41.24180558333334],[28.869583333333335,41.242916666666666],[28.869583333333335,41.24319444444445],[28.87013888888889,41.24319444444445],[28.87013891666667,41.242916694444446],[28.871250000000003,41.242916666666666],[28.87125002777778,41.24263891666667],[28.872083333333336,41.242638888888884]]}},{"type":"Feature","properties":{},"geometry":{"type":"LineString","coordinates":[[28.939027777777778,41.24319444444445],[28.939027805555554,41.24263891666667],[28.939305555555556,41.242638888888884],[28.939305555555556,41.239583333333336],[28.939027805555554,41.239583305555556],[28.939027777777778,41.23875],[28.938750027777782,41.23874997222222],[28.93875,41.23847222222223],[28.93847225,41.23847219444444],[28.93847222222222,41.238194444444446],[28.93791666666667,41.238194444444446],[28.937916638888886,41.23847219444444],[28.937638888888888,41.23847222222223],[28.937638861111115,41.23874997222222],[28.937083333333337,41.23875],[28.937083305555557,41.239027750000005],[28.93680555555556,41.23902777777778],[28.93680552777778,41.23930552777778],[28.93652777777778,41.23930555555555],[28.936527749999996,41.23986108333333],[28.93625,41.23986111111111],[28.93625,41.24208333333333],[28.936527749999996,41.24208336111111],[28.93652777777778,41.242361111111116],[28.93680552777778,41.24236113888889],[28.93680555555556,41.242916666666666],[28.937083305555557,41.242916694444446],[28.937083333333337,41.24319444444445],[28.937361083333336,41.24319447222222],[28.93736111111111,41.243750000000006],[28.937638861111115,41.24375002777778],[28.937638888888888,41.244027777777774],[28.93791666666667,41.244027777777774],[28.93791666666667,41.244305555555556],[28.93847222222222,41.244305555555556],[28.93847225,41.24375002777778],[28.93875,41.243750000000006],[28.938750027777782,41.24319447222222],[28.939027777777778,41.24319444444445]]}},{"type":"Feature","properties":{},"geometry":{"type":"LineString","coordinates":[[28.75541666666667,41.24930555555556],[28.755416694444442,41.249027805555556],[28.755972222222226,41.249027777777776],[28.75597225,41.24875002777778],[28.756527777777777,41.24875],[28.75652780555556,41.248194472222224],[28.757361083333333,41.248194472222224],[28.757361111111116,41.248472222222226],[28.75763886111111,41.24847225],[28.757638888888888,41.24875],[28.757916638888894,41.24875002777778],[28.757916666666667,41.249027777777776],[28.758194416666665,41.249027805555556],[28.758194444444445,41.24930555555556],[28.76013888888889,41.24930555555556],[28.76013891666667,41.249027805555556],[28.760694444444447,41.249027777777776],[28.76069447222222,41.24847225],[28.760972222222225,41.248472222222226],[28.760972250000002,41.248194472222224],[28.761527777777776,41.248194444444444],[28.76152780555556,41.24791669444445],[28.761805555555558,41.24791666666667],[28.761805555555558,41.24763888888889],[28.756250027777778,41.24763886111111],[28.756249999999998,41.24736111111111],[28.75597225,41.24736108333333],[28.755972222222226,41.246805555555554],[28.754583333333336,41.246805555555554],[28.754583305555556,41.24708330555556],[28.754305555555558,41.247083333333336],[28.754305527777774,41.24736108333333],[28.75375,41.24736111111111],[28.753749972222224,41.248472194444446],[28.753194444444446,41.248472222222226],[28.753194416666666,41.24874997222222],[28.752916666666668,41.24875],[28.75291663888889,41.24902775],[28.75263888888889,41.249027777777776],[28.75263888888889,41.249583333333334],[28.75263888888889,41.249861111111116],[28.754583333333336,41.249861111111116],[28.75458336111111,41.24958336111111],[28.755138888888887,41.249583333333334],[28.75513891666667,41.24930558333334],[28.75541666666667,41.24930555555556]]}},{"type":"Feature","properties":{},"geometry":{"type":"LineString","coordinates":[[28.73541666666667,41.25791666666667],[28.735416694444442,41.257638916666664],[28.735694444444448,41.25763888888889],[28.73569447222222,41.25736113888889],[28.73597222222222,41.257361111111116],[28.735972250000003,41.257083361111114],[28.73625,41.257083333333334],[28.736250027777782,41.25680558333334],[28.736527777777777,41.25680555555555],[28.736527805555554,41.25652780555556],[28.737083333333338,41.25652777777778],[28.73708336111111,41.25625002777778],[28.73763888888889,41.25625],[28.737638916666672,41.255694472222224],[28.737916666666667,41.255694444444444],[28.737916694444444,41.25513891666667],[28.73902777777778,41.255138888888894],[28.739027805555555,41.25486113888889],[28.739305555555557,41.25486111111111],[28.739305583333334,41.25458336111111],[28.739583333333336,41.254583333333336],[28.739583333333336,41.254305555555554],[28.739305583333334,41.25430552777778],[28.739305555555557,41.253750000000004],[28.739027805555555,41.253749972222224],[28.73902777777778,41.25347222222222],[28.738194472222222,41.25347219444444],[28.738194444444446,41.253194444444446],[28.73736111111111,41.253194444444446],[28.737361083333333,41.25347219444444],[28.737083333333338,41.25347222222222],[28.737083305555554,41.25402775],[28.735694444444448,41.25402777777778],[28.735694416666664,41.25430552777778],[28.73513888888889,41.254305555555554],[28.735138861111114,41.254583305555556],[28.73486111111111,41.254583333333336],[28.734861083333335,41.25486108333333],[28.734583333333337,41.25486111111111],[28.734583305555557,41.255138861111114],[28.734305555555558,41.255138888888894],[28.734305527777778,41.25541663888889],[28.73402777777778,41.25541666666667],[28.734027750000003,41.25569441666667],[28.73375,41.255694444444444],[28.733749972222224,41.25680552777778],[28.733472222222222,41.25680555555555],[28.733472194444445,41.25708330555556],[28.733194444444447,41.257083333333334],[28.733194416666667,41.25763886111111],[28.732916666666668,41.25763888888889],[28.732916666666668,41.25819444444444],[28.733472222222222,41.25819444444444],[28.733472222222222,41.258472222222224],[28.73486111111111,41.258472222222224],[28.734861138888892,41.25819447222223],[28.73513888888889,41.25819444444444],[28.73513891666667,41.25791669444445],[28.73541666666667,41.25791666666667]]}},{"type":"Feature","properties":{},"geometry":{"type":"LineString","coordinates":[[28.911250000000003,41.26097222222222],[28.911250027777776,41.26069447222223],[28.911805555555553,41.26069444444445],[28.911805583333337,41.260416694444444],[28.91208333333333,41.260416666666664],[28.91208333333333,41.25930555555556],[28.911805583333337,41.25930552777778],[28.911805555555553,41.258750000000006],[28.911527805555554,41.25874997222222],[28.91152777777778,41.258472222222224],[28.909861138888886,41.25847219444445],[28.909861111111113,41.25819444444444],[28.908472250000003,41.25819441666667],[28.908472222222223,41.25791666666667],[28.907916694444445,41.257916638888894],[28.90791666666667,41.25763888888889],[28.907638916666667,41.25763886111111],[28.90763888888889,41.257361111111116],[28.907083333333333,41.257361111111116],[28.907083305555556,41.25763886111111],[28.906805555555554,41.25763888888889],[28.906805527777777,41.25819441666667],[28.906250027777777,41.25819441666667],[28.90625,41.25791666666667],[28.905416694444444,41.257916638888894],[28.90541666666667,41.257361111111116],[28.905138916666665,41.25736108333333],[28.905138888888892,41.257083333333334],[28.904583361111115,41.25708330555556],[28.90458333333333,41.25680555555555],[28.904305583333336,41.25680552777778],[28.904305555555553,41.25625],[28.904027805555558,41.25624997222222],[28.90402777777778,41.255694444444444],[28.903750027777775,41.25569441666667],[28.903750027777775,41.254305583333334],[28.90402777777778,41.254305555555554],[28.904027805555558,41.25402780555556],[28.90458333333333,41.25402777777778],[28.904583361111115,41.25375002777778],[28.904861111111114,41.253750000000004],[28.904861111111114,41.25347222222222],[28.90402777777778,41.25347222222222],[28.90402775,41.253749972222224],[28.903750000000002,41.253750000000004],[28.90374997222222,41.25402775],[28.903472222222224,41.25402777777778],[28.903472194444447,41.25430552777778],[28.902916666666663,41.254305555555554],[28.90291663888889,41.254583305555556],[28.90263888888889,41.254583333333336],[28.90263886111111,41.25486108333333],[28.902361111111112,41.25486111111111],[28.902361083333336,41.255138861111114],[28.901805555555555,41.255138888888894],[28.901805555555555,41.255972222222226],[28.902083305555557,41.25597225],[28.902083333333334,41.25625],[28.90263886111111,41.25625002777778],[28.90263888888889,41.25652777777778],[28.90291663888889,41.25652780555556],[28.902916666666663,41.25763888888889],[28.90319441666667,41.257638916666664],[28.903194444444445,41.25819444444444],[28.903472194444447,41.25819447222223],[28.903472222222224,41.258472222222224],[28.90374997222222,41.25847225],[28.903750000000002,41.258750000000006],[28.90402775,41.25875002777778],[28.90402775,41.25930552777778],[28.903750000000002,41.25930555555556],[28.90374997222222,41.26013886111111],[28.903472222222224,41.26013888888889],[28.903472222222224,41.26097222222222],[28.90374997222222,41.26097225],[28.903750000000002,41.261250000000004],[28.90625,41.261250000000004],[28.906250027777777,41.26097225],[28.90763886111111,41.26097225],[28.90763888888889,41.261250000000004],[28.908472222222223,41.261250000000004],[28.908472250000003,41.26097225],[28.90874997222222,41.26097225],[28.90875,41.261250000000004],[28.90902777777778,41.261250000000004],[28.90902777777778,41.26152777777778],[28.909861111111113,41.26152777777778],[28.909861138888886,41.26125002777778],[28.91069444444444,41.261250000000004],[28.910694472222225,41.26097225],[28.911250000000003,41.26097222222222]]}},{"type":"Feature","properties":{},"geometry":{"type":"LineString","coordinates":[[28.831527805555556,41.266527805555555],[28.831805555555558,41.26652777777778],[28.831805555555558,41.26569444444444],[28.830694472222223,41.26569441666667],[28.830694444444447,41.26541666666667],[28.830416694444445,41.26541663888889],[28.830416694444445,41.26430558333334],[28.830694444444447,41.26430555555555],[28.830694444444447,41.26236111111111],[28.830416694444445,41.26236108333333],[28.830416666666668,41.26208333333334],[28.830138916666666,41.26208330555556],[28.83013888888889,41.261250000000004],[28.82986113888889,41.261249972222224],[28.82986111111111,41.26069444444445],[28.827638888888888,41.26069444444445],[28.827638861111115,41.26097219444445],[28.82736111111111,41.26097222222222],[28.82736111111111,41.26208333333334],[28.827638861111115,41.26208336111112],[28.827638888888888,41.26291666666666],[28.827916638888887,41.26291669444445],[28.82791666666667,41.26347222222223],[28.828194416666665,41.26347225],[28.82819444444445,41.26430555555555],[28.828472194444444,41.26430558333334],[28.82847222222222,41.26486111111111],[28.828749972222226,41.26486113888889],[28.82875,41.26513888888889],[28.829027749999998,41.265138916666665],[28.829027749999998,41.26569441666667],[28.82875,41.26569444444444],[28.828749972222226,41.26597219444445],[28.82819444444445,41.265972222222224],[28.82819444444445,41.26625],[28.828472194444444,41.26625002777778],[28.82847222222222,41.26652777777778],[28.828749972222226,41.266527805555555],[28.82875,41.26708333333333],[28.829305527777777,41.26708336111111],[28.829305527777777,41.26791663888889],[28.829027777777778,41.26791666666667],[28.829027777777778,41.26819444444445],[28.829305527777777,41.26819447222223],[28.829305555555557,41.26847222222222],[28.829583305555555,41.268472249999995],[28.829583333333332,41.268750000000004],[28.83013888888889,41.268750000000004],[28.83013888888889,41.26902777777778],[28.830972222222222,41.26902777777778],[28.830972250000002,41.26875002777778],[28.83125,41.268750000000004],[28.83125002777778,41.26708336111111],[28.83152777777778,41.26708333333333],[28.831527805555556,41.266527805555555]]}},{"type":"Feature","properties":{},"geometry":{"type":"LineString","coordinates":[[28.82041666666667,41.265972222222224],[28.820138916666664,41.26597219444445],[28.82013888888889,41.26541666666667],[28.819861138888893,41.26541663888889],[28.819861111111113,41.26513888888889],[28.819583361111114,41.26513886111111],[28.81958333333333,41.26291666666666],[28.819027805555557,41.26291663888889],[28.81902777777778,41.26236111111111],[28.81763888888889,41.26236111111111],[28.81763886111111,41.26319441666667],[28.817083333333333,41.263194444444444],[28.817083305555556,41.26347219444445],[28.81625,41.26347222222223],[28.816249972222227,41.26430552777778],[28.81597222222222,41.26430555555555],[28.81597222222222,41.26513888888889],[28.816249972222227,41.265138916666665],[28.81625,41.26541666666667],[28.81652775,41.26541669444445],[28.81652777777778,41.26569444444444],[28.816805527777777,41.26569447222222],[28.816805555555558,41.265972222222224],[28.817083305555556,41.26597225],[28.817083333333333,41.26625],[28.817361083333335,41.26625002777778],[28.81736111111111,41.26652777777778],[28.81791663888889,41.266527805555555],[28.81791666666667,41.26680555555556],[28.818194416666667,41.26680558333334],[28.818194444444444,41.26708333333333],[28.818472194444446,41.26708336111111],[28.818472222222223,41.267361111111114],[28.818749972222225,41.26736113888889],[28.81875,41.26763888888889],[28.81875,41.26791666666667],[28.82013888888889,41.26791666666667],[28.820138916666664,41.26763891666667],[28.82069444444444,41.26763888888889],[28.82069444444444,41.26652777777778],[28.820416694444443,41.26652775],[28.82041666666667,41.265972222222224]]}},{"type":"Feature","properties":{},"geometry":{"type":"LineString","coordinates":[[28.782361111111115,41.27708333333333],[28.782361138888888,41.276805583333335],[28.782638888888894,41.276805555555555],[28.782638916666667,41.27625002777778],[28.782916666666665,41.276250000000005],[28.782916694444445,41.27597225],[28.783194444444444,41.27597222222222],[28.783194472222227,41.27569447222223],[28.78375,41.27569444444444],[28.783750027777778,41.275416694444445],[28.784305555555555,41.27541666666667],[28.784305583333335,41.27513891666667],[28.784583333333334,41.27513888888889],[28.78458336111111,41.27486113888889],[28.785972222222224,41.274861111111115],[28.78597225,41.27458336111111],[28.786249972222222,41.27458336111111],[28.786250000000003,41.274861111111115],[28.786527777777774,41.274861111111115],[28.786527805555558,41.27458336111111],[28.786805555555556,41.27458333333333],[28.786805583333337,41.27430558333334],[28.787083333333335,41.27430555555556],[28.787083361111108,41.274027805555555],[28.787361111111114,41.27402777777778],[28.787361138888887,41.27375002777778],[28.787638888888893,41.27375],[28.78763891666667,41.273472250000005],[28.787916666666664,41.273472222222225],[28.787916694444448,41.27319447222222],[28.788472222222225,41.27319444444444],[28.788472249999998,41.27291669444445],[28.788750000000004,41.27291666666667],[28.788750027777777,41.272638916666665],[28.789583333333333,41.27263888888889],[28.78958336111111,41.27236113888889],[28.790416666666665,41.27236111111111],[28.790416694444446,41.272083361111115],[28.790972222222223,41.272083333333335],[28.79097225,41.27180558333333],[28.79152777777778,41.27180555555555],[28.791527805555557,41.27152780555556],[28.792083333333334,41.271527777777784],[28.792083361111114,41.271250027777775],[28.79263888888889,41.27125],[28.792638916666668,41.27097225000001],[28.792916666666663,41.27097222222222],[28.792916694444447,41.270694472222225],[28.793194444444445,41.270694444444445],[28.793194472222225,41.27041669444444],[28.793472222222224,41.27041666666667],[28.793472249999997,41.27013891666667],[28.79402777777778,41.270138888888894],[28.794027805555558,41.269861138888885],[28.794305555555553,41.26986111111111],[28.794305583333337,41.26958336111112],[28.794583333333332,41.26958333333334],[28.794583333333332,41.269305555555555],[28.791527805555557,41.26930552777778],[28.79152777777778,41.26902777777778],[28.790694472222224,41.26902775],[28.790694472222224,41.26875002777778],[28.790972222222223,41.268750000000004],[28.790972222222223,41.26791666666667],[28.790416666666665,41.26791666666667],[28.79041663888889,41.26819441666667],[28.789027777777775,41.26819444444445],[28.78902775,41.268749972222224],[28.788750000000004,41.268750000000004],[28.78874997222222,41.26986108333334],[28.788472222222225,41.26986111111111],[28.78847219444445,41.27041663888889],[28.788194444444443,41.27041666666667],[28.78819441666667,41.27069441666667],[28.787916666666664,41.270694444444445],[28.78791663888889,41.27097219444445],[28.787638888888893,41.27097222222222],[28.787638861111112,41.27124997222222],[28.787083333333335,41.27125],[28.78708330555556,41.27180552777778],[28.786805555555556,41.27180555555555],[28.78680552777778,41.27208330555556],[28.786527777777774,41.272083333333335],[28.78652775,41.27236108333334],[28.786250000000003,41.27236111111111],[28.786249972222222,41.27291663888889],[28.78513888888889,41.27291666666667],[28.78513886111111,41.27319441666667],[28.784861111111113,41.27319444444444],[28.784861083333332,41.273472194444444],[28.784583333333334,41.273472222222225],[28.784583305555557,41.27374997222222],[28.784305555555555,41.27375],[28.78430552777778,41.27402775],[28.784027777777776,41.27402777777778],[28.78402775,41.27430552777778],[28.783472222222223,41.27430555555556],[28.783472194444442,41.27458330555556],[28.783194444444444,41.27458333333333],[28.78319441666667,41.274861083333334],[28.782638888888894,41.274861111111115],[28.78263886111111,41.27513886111111],[28.781805555555554,41.27513888888889],[28.78180552777778,41.27541663888889],[28.780972222222225,41.27541666666667],[28.78097219444444,41.27569441666667],[28.780416666666664,41.27569444444444],[28.78041663888889,41.27597219444445],[28.779583333333335,41.27597222222222],[28.77958330555556,41.27624997222222],[28.779027777777777,41.276250000000005],[28.77902775,41.27652775],[28.778472222222224,41.27652777777778],[28.778472194444443,41.27680552777778],[28.777916666666666,41.276805555555555],[28.77791663888889,41.27708330555556],[28.777638888888895,41.27708333333333],[28.77763886111111,41.27736108333334],[28.777083333333334,41.27736111111111],[28.777083333333334,41.277638888888895],[28.777916666666666,41.277638888888895],[28.777916694444446,41.277361138888885],[28.780138888888892,41.27736111111111],[28.78013891666667,41.27708336111112],[28.782361111111115,41.27708333333333]]}},{"type":"Feature","properties":{},"geometry":{"type":"LineString","coordinates":[[28.784305583333335,41.287083305555555],[28.784305555555555,41.28652777777778],[28.784027805555557,41.28652775],[28.784027777777776,41.28625],[28.783750027777778,41.28624997222222],[28.78375,41.28513888888889],[28.78347225,41.28513886111111],[28.783472222222223,41.28458333333333],[28.783194472222227,41.28458330555556],[28.783194444444444,41.28430555555556],[28.781805555555554,41.28430555555556],[28.78180552777778,41.28458330555556],[28.781250000000004,41.28458333333333],[28.78124997222222,41.28486108333334],[28.780694472222226,41.28486108333334],[28.780694472222226,41.28458336111111],[28.780972222222225,41.28458333333333],[28.780972249999998,41.284305583333335],[28.781250000000004,41.28430555555556],[28.781250000000004,41.28402777777778],[28.780972249999998,41.28402775],[28.780972249999998,41.28375002777778],[28.781527777777775,41.28375],[28.78152780555556,41.28347225],[28.781805555555554,41.28347222222222],[28.781805583333337,41.28319447222223],[28.782083333333333,41.28319444444444],[28.78208336111111,41.282916694444445],[28.782361111111115,41.28291666666667],[28.782361138888888,41.282361138888895],[28.782916666666665,41.282361111111115],[28.782916694444445,41.28208336111111],[28.783472194444442,41.28208336111111],[28.783472222222223,41.282361111111115],[28.78375,41.282361111111115],[28.783750027777778,41.28208336111111],[28.784027777777776,41.28208333333333],[28.784027805555557,41.28180558333334],[28.784305555555555,41.28180555555556],[28.784305555555555,41.28125],[28.784027805555557,41.28124997222223],[28.784027777777776,41.28069444444444],[28.783750027777778,41.28069441666667],[28.78375,41.27986111111111],[28.78347225,41.27986108333334],[28.783472222222223,41.279583333333335],[28.783194472222227,41.279583305555555],[28.783194444444444,41.27930555555555],[28.782361111111115,41.27930555555555],[28.78236108333333,41.27986108333334],[28.782083333333333,41.27986111111111],[28.78208330555556,41.28152775],[28.781805555555554,41.28152777777778],[28.78180552777778,41.28180552777778],[28.781250027777777,41.28180552777778],[28.781250000000004,41.28152777777778],[28.778472222222224,41.28152777777778],[28.778472194444443,41.28180552777778],[28.777916666666666,41.28180555555556],[28.77791663888889,41.282361083333335],[28.777638888888895,41.282361111111115],[28.77763886111111,41.28402775],[28.777361111111112,41.28402777777778],[28.777361111111112,41.28430555555556],[28.77763886111111,41.284305583333335],[28.777638888888895,41.28541666666667],[28.77791663888889,41.28541669444444],[28.777916666666666,41.28597222222222],[28.778749972222222,41.28597225],[28.778750000000002,41.28625],[28.779861111111114,41.28625],[28.77986113888889,41.28597225],[28.780138861111112,41.28597225],[28.780138888888892,41.28625],[28.78097219444444,41.286250027777776],[28.780972222222225,41.28652777777778],[28.78124997222222,41.28652780555556],[28.781250000000004,41.28680555555556],[28.781527750000002,41.28680558333333],[28.781527777777775,41.28736111111111],[28.78180552777778,41.28736113888889],[28.781805555555554,41.28791666666667],[28.78208330555556,41.28791669444445],[28.782083333333333,41.28819444444444],[28.782916666666665,41.28819444444444],[28.782916666666665,41.288472222222225],[28.784305555555555,41.288472222222225],[28.784305583333335,41.28819447222222],[28.784583333333334,41.28819444444444],[28.784583333333334,41.287083333333335],[28.784305583333335,41.287083305555555]]}},{"type":"Feature","properties":{},"geometry":{"type":"LineString","coordinates":[[28.758194444444445,41.28986111111111],[28.758194472222222,41.28958336111111],[28.758472222222224,41.28958333333333],[28.75847225,41.28930558333334],[28.759305555555557,41.28930555555556],[28.759305583333333,41.289027805555556],[28.759583333333335,41.28902777777778],[28.759583361111112,41.28875002777777],[28.760972222222225,41.28875],[28.760972250000002,41.288472250000005],[28.762361111111115,41.288472222222225],[28.76236113888889,41.28819447222222],[28.762638888888887,41.28819444444444],[28.76263891666667,41.28791669444445],[28.762916666666666,41.28791666666667],[28.762916666666666,41.28680555555556],[28.76263891666667,41.28680552777778],[28.762638888888887,41.28652777777778],[28.76152780555556,41.28652775],[28.761527777777776,41.28625],[28.76069447222222,41.28624997222222],[28.760694444444447,41.28597222222222],[28.760416694444448,41.28597219444445],[28.760416666666668,41.285694444444445],[28.76013891666667,41.285694416666665],[28.76013888888889,41.28541666666667],[28.759305583333333,41.28541663888889],[28.759305555555557,41.28513888888889],[28.757083333333338,41.28513888888889],[28.757083305555554,41.28541663888889],[28.756527777777777,41.28541666666667],[28.756527750000004,41.285694416666665],[28.756249999999998,41.285694444444445],[28.756249972222225,41.28597219444445],[28.755694444444448,41.28597222222222],[28.755694416666664,41.28652775],[28.75541666666667,41.28652777777778],[28.755416638888892,41.28680552777778],[28.755138888888887,41.28680555555556],[28.755138888888887,41.28736111111111],[28.755416638888892,41.28736113888889],[28.75541666666667,41.28791666666667],[28.755694416666664,41.28791669444445],[28.755694444444448,41.28819444444444],[28.755972194444443,41.28819447222222],[28.755972222222226,41.28930555555556],[28.756249972222225,41.28930558333334],[28.756249999999998,41.28986111111111],[28.756527750000004,41.289861138888895],[28.756527777777777,41.29013888888889],[28.756805555555555,41.29013888888889],[28.756805555555555,41.29041666666667],[28.757361111111116,41.29041666666667],[28.75736113888889,41.29013891666666],[28.757916666666667,41.29013888888889],[28.757916694444447,41.289861138888895],[28.758194444444445,41.28986111111111]]}},{"type":"Feature","properties":{},"geometry":{"type":"LineString","coordinates":[[28.73625,41.29430555555556],[28.736250027777782,41.29402780555556],[28.736527777777777,41.29402777777778],[28.736527805555554,41.29375002777778],[28.737638861111115,41.29375002777778],[28.73763888888889,41.29402777777778],[28.738194416666666,41.29402780555556],[28.738194444444446,41.29430555555556],[28.739583305555556,41.29430558333333],[28.739583333333336,41.29458333333333],[28.74180555555556,41.29458333333333],[28.74180558333333,41.29402780555556],[28.742638888888887,41.29402777777778],[28.74263891666667,41.29375002777778],[28.74291666666667,41.29375],[28.742916694444443,41.29347225],[28.74319444444445,41.29347222222222],[28.74319447222222,41.293194472222225],[28.74347222222222,41.293194444444445],[28.74347222222222,41.29208333333333],[28.74319447222222,41.29208330555556],[28.74319444444445,41.29180555555556],[28.742916694444443,41.291805527777775],[28.74291666666667,41.29152777777778],[28.742361138888892,41.29152775],[28.74236111111111,41.29125],[28.742083361111114,41.291249972222225],[28.742083361111114,41.29069447222222],[28.74236111111111,41.29069444444445],[28.74236111111111,41.29013888888889],[28.742083361111114,41.29013886111112],[28.742083333333337,41.28958333333333],[28.74180558333333,41.28958330555556],[28.74180558333333,41.289027805555556],[28.742083333333337,41.28902777777778],[28.742083361111114,41.288472250000005],[28.74236111111111,41.288472222222225],[28.74236111111111,41.28791666666667],[28.742083361111114,41.28791663888889],[28.742083333333337,41.28763888888889],[28.74180558333333,41.28763886111111],[28.74180555555556,41.28736111111111],[28.741527805555553,41.28736108333334],[28.74152777777778,41.287083333333335],[28.740694472222224,41.287083305555555],[28.740694444444447,41.28680555555556],[28.740416694444445,41.28680552777778],[28.740416694444445,41.28652780555556],[28.740694444444447,41.28652777777778],[28.740694472222224,41.28597225],[28.74097222222222,41.28597222222222],[28.740972250000002,41.285694472222225],[28.74180555555556,41.285694444444445],[28.74180558333333,41.28541669444444],[28.74291666666667,41.28541666666667],[28.742916694444443,41.28513891666667],[28.74319444444445,41.28513888888889],[28.74319447222222,41.28486113888889],[28.74347222222222,41.28486111111111],[28.74347222222222,41.28402777777778],[28.74319447222222,41.28402775],[28.74319444444445,41.28375],[28.742916694444443,41.283749972222225],[28.74291666666667,41.28347222222222],[28.74263891666667,41.28347219444445],[28.742638888888887,41.28319444444444],[28.742361138888892,41.28319441666667],[28.74236111111111,41.28263888888889],[28.742083361111114,41.28263886111111],[28.742083333333337,41.28180555555556],[28.74180558333333,41.28180552777778],[28.74180555555556,41.28152777777778],[28.741527805555553,41.28152775],[28.74152777777778,41.28125],[28.740694444444447,41.28125],[28.740694416666667,41.28152775],[28.74041666666667,41.28152777777778],[28.740416638888888,41.28180552777778],[28.74013888888889,41.28180555555556],[28.740138861111113,41.282361083333335],[28.73986111111111,41.282361111111115],[28.739861083333334,41.28263886111111],[28.739305555555557,41.28263888888889],[28.739305527777777,41.28291663888889],[28.73847222222222,41.28291666666667],[28.738472194444444,41.28319441666667],[28.73763888888889,41.28319444444444],[28.737638861111115,41.28347219444445],[28.73736111111111,41.28347222222222],[28.737361083333333,41.283749972222225],[28.737083333333338,41.28375],[28.737083305555554,41.28597219444445],[28.73680555555556,41.28597222222222],[28.736805527777776,41.28624997222222],[28.736527777777777,41.28625],[28.736527750000004,41.28652775],[28.73625,41.28652777777778],[28.736249972222225,41.28680552777778],[28.73569447222222,41.28680552777778],[28.735694444444448,41.28652777777778],[28.735416694444442,41.28652775],[28.73541666666667,41.285694444444445],[28.73513891666667,41.285694416666665],[28.73513891666667,41.28402780555555],[28.73541666666667,41.28402777777778],[28.735416694444442,41.28347225],[28.735694444444448,41.28347222222222],[28.73569447222222,41.28319447222223],[28.73597222222222,41.28319444444444],[28.73597222222222,41.282361111111115],[28.73569447222222,41.282361083333335],[28.735694444444448,41.28208333333333],[28.73486111111111,41.28208333333333],[28.734861083333335,41.282361083333335],[28.734305555555558,41.282361111111115],[28.734305527777778,41.28263886111111],[28.73402777777778,41.28263888888889],[28.734027750000003,41.28291663888889],[28.733194444444447,41.28291666666667],[28.733194416666667,41.28319441666667],[28.732916666666668,41.28319444444444],[28.732916666666668,41.28430555555556],[28.733194416666667,41.284305583333335],[28.733194444444447,41.28486111111111],[28.733472194444445,41.28486113888889],[28.733472222222222,41.28652777777778],[28.733749972222224,41.28652780555556],[28.73375,41.28680555555556],[28.734027750000003,41.28680558333333],[28.73402777777778,41.287083333333335],[28.734583305555557,41.287083361111115],[28.734583333333337,41.28736111111111],[28.734861083333335,41.28736113888889],[28.73486111111111,41.28791666666667],[28.735138861111114,41.28791669444445],[28.73513888888889,41.288472222222225],[28.735416638888886,41.288472250000005],[28.735416638888886,41.28874997222223],[28.73486111111111,41.28875],[28.734861083333335,41.28930552777778],[28.734583333333337,41.28930555555556],[28.734583305555557,41.289861083333335],[28.734305555555558,41.28986111111111],[28.734305527777778,41.29069441666667],[28.73402777777778,41.29069444444445],[28.734027750000003,41.29097219444445],[28.733194444444447,41.29097222222222],[28.733194416666667,41.29236108333333],[28.732916666666668,41.29236111111111],[28.732916666666668,41.29347222222222],[28.733472194444445,41.29347225],[28.733472222222222,41.29375],[28.733749972222224,41.29375002777778],[28.73375,41.29402777777778],[28.734027750000003,41.29402780555556],[28.73402777777778,41.29430555555556],[28.734583305555557,41.29430558333333],[28.734583333333337,41.29458333333333],[28.734861083333335,41.294583361111115],[28.73486111111111,41.29486111111111],[28.73541666666667,41.29486111111111],[28.73541666666667,41.29513888888889],[28.735694444444448,41.29513888888889],[28.73569447222222,41.29486113888889],[28.73597222222222,41.29486111111111],[28.735972250000003,41.29430558333333],[28.73625,41.29430555555556]]}},{"type":"Feature","properties":{},"geometry":{"type":"LineString","coordinates":[[29.35,40.96680554166528],[29.34986113888889,40.96680552777778],[29.349861111111117,40.96597222222222],[29.34958336111111,40.96597219444444],[29.34958333333334,40.965694444444445],[29.349305583333333,40.96569441666667],[29.349305555555556,40.965138888888895],[29.34902780555556,40.96513886111111],[29.349027777777778,40.96458333333333],[29.348750027777783,40.96458330555556],[29.34875,40.962916666666665],[29.34847225,40.96291663888889],[29.348472222222227,40.962361111111115],[29.34819447222222,40.962361083333334],[29.34819447222222,40.962083361111105],[29.348472222222227,40.96208333333333],[29.34847225,40.96180558333334],[29.34875,40.96180555555556],[29.34875,40.960972222222225],[29.34847225,40.960972194444444],[29.348472222222227,40.96069444444444],[29.34819447222222,40.96069441666667],[29.34819444444445,40.96041666666667],[29.347916694444443,40.96041663888889],[29.34791666666667,40.960138888888885],[29.34763891666667,40.96013886111111],[29.347638888888888,40.959583333333335],[29.347361138888893,40.95958330555556],[29.347361111111116,40.95930555555555],[29.347083333333337,40.95930555555555],[29.347083305555557,40.95958330555556],[29.34680555555556,40.959583333333335],[29.34680555555556,40.96069444444444],[29.347083305555557,40.96069447222222],[29.347083305555557,40.960972194444444],[29.34680555555556,40.960972222222225],[29.346805527777782,40.962361083333334],[29.34652777777778,40.962361111111115],[29.346527750000003,40.96263886111111],[29.34625,40.96263888888889],[29.346249972222225,40.96291663888889],[29.345694444444447,40.962916666666665],[29.345694416666667,40.96319441666667],[29.34541666666667,40.96319444444445],[29.345416638888892,40.96347219444444],[29.34513888888889,40.96347222222222],[29.345138861111113,40.96402775],[29.34486111111111,40.96402777777777],[29.34486111111111,40.96458333333333],[29.345138861111113,40.96458336111111],[29.34513888888889,40.96486111111111],[29.345416638888892,40.964861138888885],[29.34541666666667,40.965138888888895],[29.345694416666667,40.96513891666667],[29.345694444444447,40.965694444444445],[29.345972194444446,40.965694472222225],[29.345972222222226,40.96597222222222],[29.346249972222225,40.96597225],[29.34625,40.96625],[29.346527750000003,40.966250027777775],[29.34652777777778,40.96680555555555],[29.346805527777782,40.96680558333333],[29.34680555555556,40.96875],[29.347083305555557,40.96875002777778],[29.347083305555557,40.97069441666667],[29.34680555555556,40.97069444444444],[29.346805527777782,40.97124997222222],[29.34652777777778,40.971250000000005],[29.34652777777778,40.97347222222222],[29.346805527777782,40.97347225],[29.34680555555556,40.97375],[29.347083305555557,40.973750027777776],[29.347083333333337,40.97430555555555],[29.347361083333336,40.97430558333333],[29.347361083333336,40.97486108333333],[29.347083333333337,40.97486111111111],[29.347083305555557,40.97513886111111],[29.34652777777778,40.97513888888889],[29.346527750000003,40.97541663888889],[29.34513891666667,40.97541663888889],[29.34513888888889,40.97513888888889],[29.344583333333336,40.97513888888889],[29.344583305555556,40.97541663888889],[29.343194472222223,40.97541663888889],[29.343194444444446,40.97513888888889],[29.34263888888889,40.97513888888889],[29.342638861111116,40.97541663888889],[29.34208333333334,40.97541666666666],[29.342083305555555,40.97569441666667],[29.339861138888892,40.97569441666667],[29.339861111111112,40.97541666666666],[29.339305583333335,40.97541663888889],[29.33930555555556,40.97513888888889],[29.338472250000002,40.97513886111111],[29.338472222222226,40.97486111111111],[29.33763891666667,40.97486108333333],[29.33763888888889,40.974583333333335],[29.337083361111112,40.974583305555555],[29.33708333333334,40.97430555555555],[29.33652777777778,40.97430555555555],[29.336527750000005,40.97486108333333],[29.33625,40.97486111111111],[29.33625,40.97569444444444],[29.336805527777777,40.97569447222222],[29.336805555555557,40.975972222222225],[29.337083305555556,40.97597225],[29.33708333333334,40.97625],[29.337638861111113,40.97625002777777],[29.33763888888889,40.97652777777778],[29.337916638888895,40.976527805555556],[29.33791666666667,40.97680555555555],[29.338194416666667,40.97680558333334],[29.338194444444447,40.977361111111115],[29.339027750000003,40.97736113888889],[29.33902777777778,40.97763888888889],[29.340138861111114,40.97763891666666],[29.34013888888889,40.977916666666665],[29.341527750000004,40.977916694444446],[29.34152777777778,40.97819444444444],[29.341805527777776,40.97819447222222],[29.34180555555556,40.97875],[29.342083305555555,40.97875002777778],[29.34208333333334,40.97902777777778],[29.342638861111116,40.97902780555555],[29.34263888888889,40.979305555555555],[29.342916666666667,40.979305555555555],[29.342916694444444,40.97902780555555],[29.344305555555557,40.97902777777778],[29.344305583333334,40.97875002777778],[29.345972194444446,40.97875002777778],[29.345972222222226,40.97902777777778],[29.346527750000003,40.97902780555555],[29.34652777777778,40.979305555555555],[29.346805527777782,40.979305583333336],[29.34680555555556,40.97958333333333],[29.347083305555557,40.97958336111111],[29.347083333333337,40.97986111111111],[29.347361083333336,40.979861138888886],[29.347361111111116,40.98013888888889],[29.347638861111115,40.98013891666667],[29.347638888888888,40.98041666666666],[29.347916638888893,40.98041669444444],[29.34791666666667,40.980694444444445],[29.348194416666665,40.980694472222225],[29.34819444444445,40.98097222222222],[29.348472194444444,40.98097224999999],[29.348472222222227,40.98125],[29.348749972222226,40.981250027777776],[29.34875,40.98263888888889],[29.349305527777783,40.982638916666666],[29.349305555555556,40.98291666666666],[29.35,40.98291668981559]]}},{"type":"Feature","properties":{},"geometry":{"type":"LineString","coordinates":[[29.35,41.00124998610973],[29.349861111111117,41.00125],[29.349861083333334,41.00152775],[29.349305555555556,41.00152777777778],[29.349305527777783,41.001805527777776],[29.349027777777778,41.001805555555556],[29.349027750000005,41.002638861111116],[29.34875,41.00263888888889],[29.348749972222226,41.003194416666666],[29.348472222222227,41.003194444444446],[29.348472194444444,41.00347219444445],[29.347916694444443,41.00347219444445],[29.34791666666667,41.003194444444446],[29.347361138888893,41.003194416666666],[29.347361111111116,41.00291666666667],[29.345416694444445,41.002916638888884],[29.34541666666667,41.00263888888889],[29.34513891666667,41.002638861111116],[29.34513888888889,41.00236111111111],[29.34486113888889,41.002361083333334],[29.34486111111111,41.00208333333334],[29.344583361111113,41.00208330555556],[29.344583333333336,41.001805555555556],[29.34402780555556,41.001805527777776],[29.34402777777778,41.00152777777778],[29.34347225,41.00152775],[29.34347222222223,41.00125],[29.343194472222223,41.001249972222226],[29.343194444444446,41.000972222222224],[29.342916694444444,41.000972194444444],[29.342916694444444,41.00069447222222],[29.343194444444446,41.00069444444445],[29.343194444444446,41.00013888888889],[29.343194444444446,41.00003]]}},{"type":"Feature","properties":{},"geometry":{"type":"LineString","coordinates":[[29.343194444444446,40.99997],[29.343194444444446,40.99986111111111],[29.342916694444444,40.999861083333336],[29.342916666666667,40.99930555555556],[29.342638916666672,40.99930552777778],[29.342638916666672,40.998750027777774],[29.342916666666667,40.99875],[29.342916666666667,40.99791666666667],[29.342638916666672,40.99791663888889],[29.34263888888889,40.99708333333333],[29.34180555555556,40.99708333333333],[29.341805527777776,40.99874997222223],[29.34152777777778,40.99875],[29.34152777777778,40.999583333333334],[29.341805527777776,40.999583361111114],[29.34180555555556,40.99986111111111],[29.34180555555556,40.99997]]}},{"type":"Feature","properties":{},"geometry":{"type":"LineString","coordinates":[[29.34180555555556,41.00003],[29.34180555555556,41.00013888888889],[29.34180555555556,41.00069444444445],[29.342083305555555,41.00069447222222],[29.342083305555555,41.000972194444444],[29.34180555555556,41.000972222222224],[29.341805527777776,41.001249972222226],[29.34152777777778,41.00125],[29.341527750000004,41.00152775],[29.34125,41.00152777777778],[29.341249972222226,41.001805527777776],[29.34069444444445,41.001805555555556],[29.34069441666667,41.00208330555556],[29.34041666666667,41.00208333333334],[29.34041666666667,41.00291666666667],[29.34180555555556,41.00291666666667],[29.341805583333333,41.00263891666667],[29.342638861111116,41.00263891666667],[29.34263888888889,41.00291666666667],[29.342916638888894,41.002916694444444],[29.342916666666667,41.00402777777778],[29.343194416666666,41.00402780555555],[29.343194444444446,41.00486111111111],[29.343472194444445,41.00486113888889],[29.343472194444445,41.005972194444446],[29.343194444444446,41.00597222222222],[29.343194416666666,41.00680552777778],[29.342916666666667,41.00680555555556],[29.342916638888894,41.007361083333336],[29.34263888888889,41.00736111111111],[29.342638861111116,41.007916638888894],[29.34236111111111,41.00791666666667],[29.34236111111111,41.00875],[29.342638861111116,41.00875002777778],[29.34263888888889,41.00958333333334],[29.342916638888894,41.00958336111111],[29.342916638888894,41.01041663888889],[29.341250027777782,41.01041663888889],[29.34125,41.01013888888889],[29.339305583333335,41.010138861111116],[29.33930555555556,41.00986111111111],[29.33875002777778,41.009861083333334],[29.33875,41.00958333333334],[29.337916694444445,41.00958330555556],[29.33791666666667,41.00902777777778],[29.33708333333334,41.00902777777778],[29.337083305555556,41.00958330555556],[29.336805555555557,41.00958333333334],[29.336805555555557,41.01069444444445],[29.337361083333334,41.01069447222222],[29.33736111111111,41.01097222222223],[29.337916638888895,41.01097225],[29.33791666666667,41.01152777777778],[29.338194416666667,41.01152780555556],[29.338194444444447,41.011805555555554],[29.338472194444446,41.011805583333334],[29.338472222222226,41.01236111111111],[29.338749972222224,41.01236113888889],[29.33875,41.013194444444444],[29.339027750000003,41.013194472222224],[29.33902777777778,41.01347222222223],[29.33930552777778,41.01347225],[29.33930555555556,41.01375],[29.339583305555557,41.01375002777778],[29.339583333333337,41.01430555555556],[29.339861083333336,41.01430558333333],[29.339861083333336,41.01486108333334],[29.33875,41.01486111111111],[29.338749972222224,41.01513886111111],[29.33791666666667,41.01513888888889],[29.337916638888895,41.015416638888894],[29.33736111111111,41.01541666666667],[29.337361083333334,41.01569441666666],[29.33513888888889,41.01569444444445],[29.335138861111115,41.015972194444444],[29.334027805555554,41.015972194444444],[29.33402777777778,41.01569444444445],[29.332361111111112,41.01569444444445],[29.332361083333335,41.015972194444444],[29.330694472222223,41.015972194444444],[29.33069444444445,41.01569444444445],[29.32930555555556,41.01569444444445],[29.329305527777777,41.015972194444444],[29.328750027777783,41.015972194444444],[29.32875,41.01569444444445],[29.328472250000004,41.01569441666666],[29.32847222222222,41.01541666666667],[29.327916694444443,41.015416638888894],[29.32791666666667,41.01513888888889],[29.326527805555557,41.01513886111111],[29.32652777777778,41.01486111111111],[29.325138916666667,41.01486108333334],[29.32513888888889,41.014583333333334],[29.324861138888892,41.014583305555554],[29.32486111111111,41.01430555555556],[29.324583361111113,41.01430552777778],[29.32458333333334,41.01402777777778],[29.324305583333334,41.014027750000004],[29.324305555555558,41.01375],[29.32402777777778,41.01375],[29.324027750000006,41.01430552777778],[29.32375,41.01430555555556],[29.323749972222227,41.014583305555554],[29.32319444444445,41.014583333333334],[29.323194416666666,41.01486108333334],[29.32236111111111,41.01486111111111],[29.322361083333337,41.01513886111111],[29.321250027777783,41.01513886111111],[29.321250000000003,41.01486111111111],[29.319027805555557,41.01486108333334],[29.31902777777778,41.014583333333334],[29.31875002777778,41.014583305555554],[29.31875,41.013194444444444],[29.318472250000003,41.013194416666664],[29.318472222222223,41.01236111111111],[29.318194472222224,41.01236108333333],[29.31819444444445,41.011805555555554],[29.317916694444445,41.011805527777774],[29.317916694444445,41.010416694444444],[29.31819444444445,41.01041666666667],[29.31819444444445,41.00958333333334],[29.31736111111111,41.00958333333334],[29.31736108333334,41.009861083333334],[29.317083333333333,41.00986111111111],[29.317083305555556,41.010138861111116],[29.31680555555556,41.01013888888889],[29.316805527777777,41.01041663888889],[29.315694472222226,41.01041663888889],[29.31569444444445,41.01013888888889],[29.31430555555556,41.01013888888889],[29.31430555555556,41.01069444444445],[29.31458330555556,41.01069447222222],[29.31458333333333,41.01097222222223],[29.314861083333337,41.01097225],[29.314861111111114,41.01125],[29.315138861111116,41.011250027777784],[29.315138888888892,41.01152777777778],[29.315416638888887,41.01152780555556],[29.31541666666667,41.01208333333334],[29.31569441666667,41.01208336111111],[29.31569444444445,41.01375],[29.31597219444445,41.01375002777778],[29.31597219444445,41.01513886111111],[29.31569444444445,41.01513888888889],[29.31569441666667,41.015416638888894],[29.31430555555556,41.01541666666667],[29.31430552777778,41.01569441666666],[29.312638916666668,41.01569441666666],[29.31263888888889,41.01541666666667],[29.311527805555556,41.015416638888894],[29.31152777777778,41.01513888888889],[29.310972250000003,41.01513886111111],[29.310972222222222,41.01486111111111],[29.310138916666666,41.01486108333334],[29.31013888888889,41.014583333333334],[29.309583333333332,41.014583333333334],[29.30958330555556,41.01486108333334],[29.307083333333335,41.01486111111111],[29.307083305555558,41.01513886111111],[29.30513888888889,41.01513888888889],[29.30513888888889,41.015972222222224],[29.30541663888889,41.015972250000004],[29.30541666666667,41.01625],[29.307638888888892,41.01625],[29.307638916666665,41.015972250000004],[29.30958330555556,41.015972250000004],[29.309583333333332,41.01625],[29.310138861111117,41.01625002777778],[29.31013888888889,41.016527777777775],[29.31041663888889,41.01652780555556],[29.310416666666672,41.01680555555556],[29.31180552777778,41.01680558333333],[29.31180555555556,41.01708333333334],[29.31291663888889,41.01708336111111],[29.31291666666667,41.017361111111114],[29.31319441666667,41.01736113888889],[29.31319444444445,41.01819444444445],[29.313472194444447,41.01819447222222],[29.313472222222224,41.019305555555555],[29.313749972222226,41.019305583333335],[29.313750000000002,41.01958333333334],[29.31430552777778,41.01958336111111],[29.31430555555556,41.01986111111111],[29.31541666666667,41.01986111111111],[29.315416694444444,41.01902780555556],[29.31569444444445,41.01902777777778],[29.315694472222226,41.01875002777778],[29.31597222222222,41.01875],[29.315972250000005,41.01819447222222],[29.31625,41.01819444444445],[29.316250027777784,41.017916694444445],[29.31652775,41.017916694444445],[29.316527777777782,41.01819444444445],[29.31736108333334,41.01819447222222],[29.31736111111111,41.01847222222223],[29.31930555555556,41.01847222222223],[29.319305583333335,41.01819447222222],[29.319861111111113,41.01819444444445],[29.319861138888893,41.017916694444445],[29.322638861111116,41.017916694444445],[29.32263888888889,41.01819444444445],[29.323194416666666,41.01819447222222],[29.32319444444445,41.01847222222223],[29.323749972222227,41.01847225],[29.32375,41.01875],[29.32513888888889,41.01875],[29.325138916666667,41.01847225],[29.329305527777777,41.01847225],[29.32930555555556,41.01875],[29.32986111111111,41.01875],[29.329861138888894,41.01847225],[29.330138861111116,41.01847225],[29.33013888888889,41.01875],[29.330416666666668,41.01875],[29.330416694444445,41.01847225],[29.330972222222222,41.01847222222223],[29.330972250000002,41.01819447222222],[29.33152777777778,41.01819444444445],[29.331527805555556,41.017916694444445],[29.331805527777778,41.017916694444445],[29.331805555555558,41.01819444444445],[29.332083305555557,41.01819447222222],[29.332083333333337,41.01847222222223],[29.332361083333335,41.01847225],[29.332361111111112,41.01958333333334],[29.33291666666667,41.01958333333334],[29.332916694444446,41.019305583333335],[29.333194444444448,41.019305555555555],[29.333194472222225,41.01902780555556],[29.33347222222222,41.01902777777778],[29.333472250000003,41.01875002777778],[29.33430555555556,41.01875],[29.334305583333332,41.01847225],[29.334861083333337,41.01847225],[29.33486111111111,41.01875],[29.337083305555556,41.01875002777778],[29.33708333333334,41.01902777777778],[29.337638861111113,41.01902780555556],[29.33763888888889,41.01958333333334],[29.337916638888895,41.01958336111111],[29.33791666666667,41.02013888888889],[29.338194444444447,41.02013888888889],[29.338194472222224,41.01986113888889],[29.338472222222226,41.01986111111111],[29.338472250000002,41.01819447222222],[29.33930555555556,41.01819444444445],[29.339305583333335,41.017916694444445],[29.341249972222226,41.017916694444445],[29.34125,41.01847222222223],[29.341527750000004,41.01847225],[29.34152777777778,41.01875],[29.342361083333337,41.01875002777778],[29.34236111111111,41.01902777777778],[29.342916638888894,41.01902780555556],[29.342916666666667,41.019305555555555],[29.34347222222223,41.019305555555555],[29.34347225,41.01902780555556],[29.344305527777777,41.01902780555556],[29.344305555555557,41.019305555555555],[29.344583305555556,41.019305583333335],[29.344583305555556,41.020138861111114],[29.344305555555557,41.02013888888889],[29.344305527777777,41.02041663888889],[29.34402777777778,41.02041666666667],[29.34402777777778,41.02097222222223],[29.345138861111113,41.02097225],[29.34513888888889,41.02125],[29.345416638888892,41.02125002777778],[29.34541666666667,41.02180555555556],[29.345694416666667,41.02180558333333],[29.345694444444447,41.022083333333335],[29.345972194444446,41.02208336111111],[29.345972222222226,41.02236111111112],[29.347083305555557,41.02236113888889],[29.347083333333337,41.022638888888885],[29.348194416666665,41.02263891666667],[29.34819444444445,41.02291666666667],[29.348472194444444,41.02291669444445],[29.348472222222227,41.023472222222225],[29.348749972222226,41.02347225],[29.34875,41.02458333333334],[29.34958333333334,41.02458333333334],[29.34958336111111,41.02430558333333],[29.35,41.02430558333333]]}},{"type":"Feature","properties":{},"geometry":{"type":"LineString","coordinates":[[29.35,41.04069444027774],[29.34958333333334,41.04069444444445],[29.34958333333334,41.041250000000005],[29.35,41.04125001388935]]}},{"type":"Feature","properties":{},"geometry":{"type":"LineString","coordinates":[[29.35,41.020694430554165],[29.34986113888889,41.020694416666664],[29.349861111111117,41.02041666666667],[29.349305583333333,41.02041663888889],[29.349305555555556,41.02013888888889],[29.34902780555556,41.020138861111114],[29.349027777777778,41.01986111111111],[29.348750027777783,41.01986108333333],[29.34875,41.019305555555555],[29.34847225,41.01930552777778],[29.348472222222227,41.01902777777778],[29.34819447222222,41.01902775],[29.34819444444445,41.017916666666665],[29.347916694444443,41.01791663888889],[29.347916694444443,41.01652780555556],[29.34819444444445,41.016527777777775],[29.34819447222222,41.01625002777778],[29.34875,41.01625],[29.348750027777783,41.015972250000004],[29.349305555555556,41.015972222222224],[29.349305583333333,41.01569447222222],[29.349861111111117,41.01569444444445],[29.34986113888889,41.01541669444444],[29.35,41.01541669444444]]}},{"type":"Feature","properties":{},"geometry":{"type":"LineString","coordinates":[[29.35,41.014583305555554],[29.348750027777783,41.014583305555554],[29.34875,41.01430555555556],[29.34819447222222,41.01430552777778],[29.34819444444445,41.01375],[29.347361138888893,41.01374997222222],[29.347361111111116,41.01347222222223],[29.34680558333333,41.01347219444445],[29.34680555555556,41.01291666666667],[29.34652780555556,41.012916638888896],[29.34652777777778,41.01263888888889],[29.34625002777778,41.012638861111114],[29.34625002777778,41.01097225],[29.34652777777778,41.01097222222223],[29.34652780555556,41.01069447222222],[29.34680555555556,41.01069444444445],[29.34680555555556,41.00986111111111],[29.34652780555556,41.009861083333334],[29.34652780555556,41.00930558333333],[29.34680555555556,41.00930555555556],[29.34680558333333,41.00902780555556],[29.34791666666667,41.00902777777778],[29.347916694444443,41.00875002777778],[29.348472222222227,41.00875],[29.34847225,41.008472250000004],[29.349027777777778,41.008472222222224],[29.34902780555556,41.00791669444445],[29.349305555555556,41.00791666666667],[29.349305555555556,41.00736111111111],[29.348750027777783,41.007361083333336],[29.34875,41.007083333333334],[29.347083361111114,41.007083305555554],[29.347083333333337,41.00680555555556],[29.345972250000003,41.00680552777778],[29.345972222222226,41.00652777777778],[29.345416694444445,41.006527750000004],[29.345416694444445,41.00625002777778],[29.345694444444447,41.00625],[29.345694472222224,41.00541669444444],[29.345972222222226,41.00541666666667],[29.345972250000003,41.005138916666674],[29.34680555555556,41.00513888888889],[29.34680558333333,41.00486113888889],[29.34819444444445,41.00486111111111],[29.34819447222222,41.00458336111111],[29.348472222222227,41.004583333333336],[29.34847225,41.004305583333334],[29.349027777777778,41.00430555555556],[29.34902780555556,41.00402780555555],[29.349305555555556,41.00402777777778],[29.349305583333333,41.00347225],[29.34958333333334,41.00347222222222],[29.34958336111111,41.00319447222222],[29.349861111111117,41.003194444444446],[29.34986113888889,41.00208336111111],[29.35,41.00208335937533]]}}]}